{"type":"FeatureCollection","name":"Official URA Regions Containing MWS Active Ageing Centres","features":[{"type":"Feature","geometry":{"type":"MultiPolygon","coordinates":[[[[104.06449875390021,1.4354736600870324],[104.06452342340614,1.4354793179440597],[104.06455255978499,1.4354938380387863],[104.06457746957676,1.4355120492415196],[104.06459806634507,1.4355322396145744],[104.06462171220521,1.435554242911566],[104.06462349209077,1.4355610217857524],[104.06464198781559,1.435597648144736],[104.06466054755877,1.4356453836105325],[104.06467598654162,1.435684530721384],[104.06469478455656,1.43570688540105],[104.06473642825564,1.435746905259783],[104.06475033750145,1.435827329158488],[104.06475813537325,1.4358712466220032],[104.06475908340369,1.4358893146610938],[104.06475358075787,1.4359013151261166],[104.06473593064102,1.4359276508767491],[104.06470922409551,1.435949449489475],[104.06469233060633,1.435958082387063],[104.06465479563302,1.4359665781155793],[104.0646246217959,1.4359740963891836],[104.0644550475351,1.4359753245806508],[104.0644294373301,1.4359619969729895],[104.06441220940185,1.4359600606897165],[104.06439528546987,1.4359429501796765],[104.06436974499165,1.4359259997124723],[104.06432789917419,1.4358955533838185],[104.06429968113123,1.4358719136636915],[104.06428285044532,1.43585272493211],[104.06426883022831,1.4358214401479799],[104.06425614147366,1.4357966611682376],[104.06424846609418,1.4357375685886842],[104.064246950273,1.4356937562930059],[104.06425543098035,1.435674174306551],[104.06427058674882,1.4356401554006264],[104.06429343294265,1.4356181672704373],[104.06432491979025,1.4355855412219232],[104.06434219073218,1.4355684181911361],[104.06438404392655,1.4355560468624777],[104.06441165671227,1.4355299162945157],[104.06440839316912,1.4355043459496482],[104.0644156739947,1.435500027811938],[104.06444659932919,1.4354774248011148],[104.06447102596292,1.4354716100183853],[104.06449875390021,1.4354736600870324]]],[[[103.94702124209456,1.4075886894403244],[103.94703206325221,1.40765307949856],[103.94684192782289,1.4077503981932364],[103.94646481526831,1.40784840428171],[103.94614427917304,1.4079819670802787],[103.94574238259821,1.4080585860960007],[103.94405661148544,1.408200697374169],[103.94401052927877,1.4081400259098578],[103.94407699952365,1.407993045773125],[103.94478979616757,1.4069543696042335],[103.9448162306413,1.4069158515438145],[103.94503863083082,1.4067475932823297],[103.94536834932639,1.4065925335091416],[103.94553411143556,1.40643562768677],[103.94576441708705,1.406019745550619],[103.94650745477696,1.4052733935312287],[103.94682891867944,1.4048223362164924],[103.94755791694863,1.4040169568755512],[103.94785510510505,1.4038202163348215],[103.94832409159734,1.403264272688195],[103.94878685777424,1.4028342164881018],[103.94917637716689,1.4025564765354053],[103.94961496084109,1.4022437542483084],[103.94997772696203,1.401882695723327],[103.95030827919986,1.401528413346079],[103.95083615711758,1.400962644936639],[103.95227301145312,1.3996510751197435],[103.95264934112942,1.3993849654272386],[103.9535735052374,1.398542332852388],[103.9538060900867,1.3984759497197923],[103.95410564665501,1.3985977337099929],[103.95429897556512,1.3989584104034667],[103.95450495147007,1.3991853312733236],[103.95445734121422,1.3992919037688851],[103.95451713228911,1.3994591814100918],[103.95396926634896,1.4015286696159122],[103.95393463277037,1.4016594873782295],[103.95394653962143,1.401848028156733],[103.95375659563682,1.402511206671171],[103.95356765560977,1.4029521381547763],[103.95348104303574,1.4029841932223115],[103.95332819230782,1.4029425733309229],[103.95311329960326,1.4029997943537726],[103.95293691572604,1.4031308183639464],[103.95268756329925,1.403241009607978],[103.95210197747573,1.4034300603166092],[103.95197310631039,1.4033179169562704],[103.95184136660947,1.403343101116561],[103.95194247162092,1.4034553725123105],[103.9514918292487,1.4035558339185863],[103.95093002196462,1.403628582169548],[103.95081578834694,1.4036889179436465],[103.95070477799547,1.4036964216191528],[103.95061788345275,1.403661561941952],[103.95056937892541,1.4036793803231156],[103.95055251727163,1.4037921279996692],[103.95024776222587,1.403930718762004],[103.9501471803806,1.4040385147436616],[103.94975833155061,1.4042864741873877],[103.94965309744607,1.4042616827534342],[103.94964137697394,1.4042016056583],[103.9495612704644,1.4042426677091944],[103.94951979836885,1.404372798453953],[103.94933688993878,1.4045112744856425],[103.94930907485299,1.4045215684204275],[103.94914606164176,1.404581896606454],[103.94900761143644,1.4048307568435343],[103.94880755847863,1.404979000803992],[103.94850330742908,1.4053410411394842],[103.94832478010932,1.4055848660347108],[103.94827422027477,1.4056539247311703],[103.94794918965336,1.4064828258320634],[103.9477537397817,1.4068678857724355],[103.94769003450057,1.4069545810748305],[103.94742240937585,1.407318843317204],[103.94711637258447,1.407556154863222],[103.94707039054842,1.4075241065236879],[103.94702124209456,1.4075886894403244]]],[[[103.92804984274147,1.4196680199399971],[103.9280523101178,1.419642341364906],[103.928059497584,1.4195677628018395],[103.92806354670905,1.4195257549893159],[103.92806485450078,1.4195121822606014],[103.92806659882221,1.419494087700568],[103.92806757337867,1.4194839768858354],[103.92806788326055,1.4194807591507208],[103.92806812847154,1.419478215168439],[103.92806833326335,1.419476096238293],[103.92806843655718,1.41947502004246],[103.92806958676647,1.419475430575687],[103.92807153044085,1.419476134089714],[103.92807713321875,1.4194781487787629],[103.92808441727944,1.4194807702258048],[103.92810540680445,1.4194883225972685],[103.92814349401334,1.4195020275467447],[103.9282582768311,1.419543328668377],[103.92825849878557,1.4195434082431218],[103.9285584887094,1.4196513505054797],[103.92855841320899,1.4196508856662058],[103.92855850486633,1.4196509191238362],[103.92856728253119,1.419415609929658],[103.92825814825748,1.419232959549063],[103.9282427350356,1.4191731004211605],[103.92838120913453,1.4189949533434731],[103.92851239094561,1.418921160967189],[103.92865537602692,1.4189651794170772],[103.92877407846619,1.4191599733018576],[103.92902667108726,1.4189312684804343],[103.92911365516923,1.418732006638026],[103.92964976650308,1.4184174559657894],[103.93010477380442,1.417733078541336],[103.930141938391,1.4177094550263831],[103.93020875592369,1.4174592512519955],[103.93038087073897,1.4174457599539996],[103.9306570042671,1.417175642312837],[103.93088815821763,1.4172313231771851],[103.93158159780194,1.4169965301996097],[103.93174468863589,1.4173586028802707],[103.93215326425846,1.4175017640558232],[103.93261707836312,1.417487617949841],[103.93343751567721,1.4170777614833372],[103.93356935712825,1.417095979555798],[103.93366696724821,1.417226393423703],[103.9337243047222,1.417173973167306],[103.93367371951415,1.4171077036868363],[103.93391806772301,1.4165861299727942],[103.93414172862083,1.4158160907749733],[103.93429798373302,1.4158143936796672],[103.9344222603513,1.4156559330649832],[103.93479669446337,1.4154994447116684],[103.93536591221071,1.4154836927170233],[103.93563272851318,1.4155041022981503],[103.93572831324717,1.4155114134413636],[103.93617485055123,1.4153722845227168],[103.93626833048889,1.4153727415745636],[103.93641767248302,1.415304256574136],[103.9364695804942,1.4152903750013022],[103.9366380301493,1.4152453274942023],[103.93693360048451,1.4151893161056135],[103.93725274381708,1.4150414927423687],[103.93749939871928,1.4144826498333667],[103.93756826527995,1.4144590510014687],[103.93772716928315,1.4142153723996862],[103.93788569169097,1.4142804250533016],[103.93809145014505,1.41428721652301],[103.93836748581656,1.414088117627115],[103.93844522507985,1.4141264590527372],[103.93847250368914,1.4142717074570383],[103.93826696952742,1.4144570297198467],[103.93830800245628,1.4145150056227456],[103.93895269917321,1.414278215015396],[103.93920571941756,1.4140025899325794],[103.94023947991637,1.4132331731596408],[103.94077041330677,1.4129360754231546],[103.9411070682636,1.4127228110911025],[103.94148959049133,1.4126060038537394],[103.9420105966379,1.4123806756082449],[103.94224853749971,1.4122861323115536],[103.9426001047852,1.4122002275147931],[103.9435057698835,1.411808242928267],[103.94394663786414,1.4119018143165245],[103.94418186970314,1.411530055890949],[103.94445584335857,1.411259819291372],[103.94467067314707,1.4111620112198544],[103.94507069588438,1.4113497465635116],[103.94615021217318,1.4110183701783738],[103.94632241740061,1.4110298670646442],[103.94647968920826,1.4110630675528377],[103.94667831787746,1.4109935304577705],[103.94687200928897,1.41084111783827],[103.94714601777264,1.4107228137941958],[103.94731865309855,1.4107096739521638],[103.94748716828997,1.410601802363625],[103.94753154610785,1.4105352391170916],[103.94755341060487,1.4104093508235884],[103.9479667238494,1.4102194586367434],[103.94824519699331,1.4098758152386017],[103.94842038762556,1.409767292117492],[103.94857315917393,1.4098170515628397],[103.9486046273418,1.4098306154274898],[103.94885627340162,1.409948206128895],[103.94889217299543,1.4098080282059995],[103.94859558722719,1.4096587780275334],[103.94854164215234,1.4095773790772834],[103.94855058448839,1.40942363706767],[103.94861344094093,1.409251805130657],[103.94867176295602,1.4089850153932892],[103.94891876457771,1.4085825809156802],[103.94922410825714,1.4079585729680557],[103.94930046536432,1.407868132934288],[103.94944863635031,1.4075787386761958],[103.94965966858518,1.4070361207662208],[103.95018054357637,1.4060051479892153],[103.95032428390645,1.4058694954721964],[103.95038714150299,1.4057248034076009],[103.95049491717936,1.4055575000218579],[103.95058925681813,1.4055077652895458],[103.9507240441034,1.4054896793733251],[103.95083189326806,1.4055349191520008],[103.95099811922422,1.405480658048605],[103.9516451582539,1.4056027954292152],[103.95262915612632,1.4057159169236737],[103.95272718442045,1.4057550888457573],[103.95300370601747,1.4057741837718072],[103.95348172478649,1.4057767166068302],[103.95348217846659,1.4057746862906195],[103.95348275163053,1.4057721169684687],[103.95351663043856,1.4056231685995475],[103.95361945570248,1.4056337081334083],[103.95371453155607,1.4056434531304376],[103.95385761558249,1.4055760336561078],[103.95414301321628,1.4054351997074996],[103.95415492990576,1.4054293189255485],[103.95433566505355,1.4052682742934317],[103.95434706483707,1.4052581168097134],[103.95434713133598,1.405258191868282],[103.95445042202458,1.4051635712263237],[103.95453549212657,1.4050856406276806],[103.95477341906549,1.4049211609258647],[103.95478984493762,1.4049173074846946],[103.95485014082666,1.4049031510650827],[103.95484851238423,1.404899035398966],[103.95493385868816,1.4048976029434526],[103.95503630871892,1.4047596733323302],[103.95501415833266,1.4047528646474605],[103.95507643900432,1.4045616430888688],[103.95503376694892,1.4042620573352762],[103.95508117771135,1.404119545491672],[103.95528660775705,1.4038766592678968],[103.95536089505485,1.4037340736606125],[103.9553994754094,1.403643092820882],[103.95540166122525,1.4033401404913266],[103.955505644195,1.40313387719552],[103.95562785454308,1.4030426667708187],[103.95554089197225,1.402909611663107],[103.95561226025714,1.4027943017608597],[103.95611341440451,1.4025778886716782],[103.95611157132494,1.4025589062116655],[103.95610128077166,1.402351816912026],[103.95615514929071,1.4021528544395643],[103.95644705701098,1.4017278069854442],[103.95663130834917,1.4018680004620259],[103.95670765802144,1.401782090170864],[103.95657733237938,1.4016780773662658],[103.95656832132393,1.4015559808422489],[103.9566985402532,1.4013208488838649],[103.9567973717675,1.4012575473524536],[103.95695281525268,1.4010501327382707],[103.95696694363093,1.4010330784351708],[103.95728113556488,1.4006538148458587],[103.95762935104865,1.4002542130205753],[103.95766475239323,1.4002712737277279],[103.95778059394202,1.4003270965161883],[103.9577982987103,1.4003110485726213],[103.95797412976084,1.400151667091013],[103.95811548756237,1.3996840863348081],[103.95816530327298,1.3996890495183276],[103.95835019775511,1.3997074695987304],[103.9584415083762,1.399463883867033],[103.95932203262225,1.3994311256729306],[103.95957350756636,1.3994037379386512],[103.95958699693414,1.3994353889685858],[103.95970831558013,1.3994625313372568],[103.95974875092315,1.3994489628126345],[103.96044517781768,1.399467103517004],[103.96210320936811,1.3997973134633377],[103.9621122067734,1.3998289737670433],[103.96217124859828,1.399824729951302],[103.96223800649356,1.3998199313335455],[103.96227842014747,1.399738537444148],[103.96399944014495,1.4003355545328493],[103.96529664805624,1.400812203891712],[103.9659752136994,1.4010615376288496],[103.96621228063584,1.4011261226606568],[103.96621965002562,1.4011285622076517],[103.96626057288663,1.4011240064109125],[103.96637049365629,1.4011117704506562],[103.96643674199848,1.4010897255635029],[103.96648999164776,1.401070555479136],[103.96656058297829,1.4010353527835067],[103.9666071320994,1.4010194188858232],[103.96665395986082,1.4009890269426113],[103.96670131454547,1.4009649456035373],[103.96675202696669,1.4009204797611037],[103.96680717941237,1.4009103269503718],[103.9668800776922,1.4008805231523307],[103.96695089657946,1.4008652163875681],[103.96701967669051,1.4008675628757057],[103.96707450898184,1.4008687245448928],[103.96711714000843,1.4008636983675504],[103.96715770430264,1.400874526670886],[103.96724199144805,1.400897042237186],[103.96728020272411,1.400898402008024],[103.96733684390671,1.4009004489368466],[103.96742061765725,1.4009175474002327],[103.96748649204915,1.4009407314363205],[103.96753300907336,1.4009609837416233],[103.96757688635654,1.4009862463611036],[103.96762890502389,1.4010159317424469],[103.96768201192597,1.4010623314698234],[103.96772559342841,1.401100706441261],[103.96777157266915,1.401113280742801],[103.9678337263335,1.4011256660018345],[103.96783493580965,1.4011254543113685],[103.96799785746227,1.4010970334716795],[103.96800114534973,1.401096762877398],[103.96804274939174,1.4010933383665967],[103.96808911381359,1.4011004783309822],[103.9681503932901,1.4011151317707526],[103.96821140769292,1.4011456133596443],[103.96824324898505,1.401179159709956],[103.9682887501988,1.401207680635313],[103.96834440684893,1.4012464419606019],[103.96841274014645,1.401307552939423],[103.96851535667967,1.4014264660001103],[103.96852870643153,1.401450003041906],[103.96855103929481,1.4014893676969495],[103.96860730973592,1.401575985077136],[103.96864689235504,1.40165737350321],[103.96865922605555,1.4017007387290523],[103.96868541865585,1.4017928265292166],[103.96903091806134,1.4019633744117188],[103.96909293801494,1.4019939888565114],[103.96918252727771,1.4020865414080408],[103.96969345141054,1.4023599804783122],[103.97038062017397,1.4025665722133933],[103.97061535228205,1.4021436265137],[103.9707196129514,1.4021014228551478],[103.97156831635903,1.402470261596062],[103.97179905514471,1.4024941682302563],[103.97195096730383,1.402616609712031],[103.97227873022399,1.4027003710947805],[103.97243826355788,1.4028579917419743],[103.97249089048864,1.4029608497489414],[103.97246885129577,1.4030112782568238],[103.97237371092085,1.4030332599290691],[103.9723868411466,1.4030666029469636],[103.97248145161576,1.4030489441530358],[103.97258653214087,1.4032254691965766],[103.97287690563023,1.4034675122350382],[103.97301907320688,1.403369607486249],[103.97309194993895,1.40340107487985],[103.97335800707752,1.4033420402484618],[103.97347831939122,1.403214545184137],[103.97409500540856,1.402617917966653],[103.97426680075517,1.4025183012107574],[103.97438420435454,1.4024822055570754],[103.97452769271442,1.4024592405446612],[103.97467769664838,1.4024658133755685],[103.9747196762403,1.4024763791899983],[103.97484526187063,1.4025079871182093],[103.97506289813519,1.4026159962011855],[103.97542040707332,1.4027934209148287],[103.9754577298131,1.4028119435696573],[103.97547217581811,1.4028191133669472],[103.97551011680015,1.4028379416571575],[103.97819515305245,1.4041704705260887],[103.97886287711377,1.4041662443154677],[103.97892128751253,1.4041658752938966],[103.98703011349973,1.4041145450928005],[103.98699554869718,1.4040178666927494],[103.98698595237894,1.403888136777001],[103.98704988512554,1.403855738346336],[103.98706817764264,1.4038714124211156],[103.98725945379904,1.404035313334482],[103.98730885935919,1.404060251425699],[103.98733605146238,1.4040491712043863],[103.9875869714286,1.4039469256220192],[103.98754538633113,1.4036906777687308],[103.9873695407563,1.4035154252232582],[103.98733755605667,1.4034505376506416],[103.98735992008487,1.4032883761481054],[103.98747180741522,1.4032300917258511],[103.98750432310109,1.403238949591884],[103.98765084362736,1.4032788610661138],[103.9876562028668,1.4032668309038876],[103.98784581568957,1.4028411646546617],[103.98796407991819,1.4027374618886177],[103.98808876659831,1.4027342982800581],[103.98809101671966,1.4027354909821035],[103.98825421881573,1.402821965034947],[103.98831614409559,1.403021843616358],[103.98817828113691,1.4032786812957074],[103.98817828583114,1.4033500624861934],[103.98831339438838,1.4035671181380986],[103.98830214364062,1.4036955833259788],[103.988327469798,1.4037726783866884],[103.98851603491337,1.4038670267967357],[103.98872710787975,1.4040869975222874],[103.98874929671646,1.404103658883598],[103.98879800961458,1.404103350854914],[103.98894808678243,1.404102401176806],[103.98925010117415,1.4041004890056739],[103.99614274970469,1.4040568284858508],[103.9964427854084,1.4040563887227147],[104.00079624519789,1.4028843990539286],[104.00107883976519,1.4028279212903667],[104.00153141781075,1.4027997675212696],[104.00190297211013,1.402825096161394],[104.00235446061603,1.4029411787010608],[104.00271128785276,1.403137689168098],[104.00291126187429,1.4033465437785235],[104.00309260711549,1.403649922534453],[104.00314492260111,1.403839637168972],[104.00307841289978,1.4043440009060606],[104.0028367517643,1.405505170719984],[104.00262854963984,1.406387116018548],[104.00223786928017,1.4077094445996214],[104.00173355899284,1.4092517968490512],[104.00132950897044,1.4105650094829414],[104.00103210737265,1.411396699584895],[104.00069812688002,1.412327283189113],[103.9996995331336,1.414590317566936],[103.9996566977442,1.4146924798879754],[103.99957237453106,1.4148799688637084],[103.99948328505799,1.4150652108463275],[103.99938948502748,1.415248083742719],[103.99929103822937,1.4154284654592117],[103.9991880084538,1.4156062375195748],[103.99908046667969,1.4157812823513463],[103.99896848119018,1.4159534805735174],[103.99885213105217,1.4161227227522952],[103.99873148544772,1.416288892219626],[103.9986066306327,1.4164518813498819],[103.99847764837011,1.4166115825176926],[103.99834462401743,1.4167678880974333],[103.99820764472963,1.4169206949851663],[103.99806680215494,1.4170699027896645],[103.99792218973886,1.4172154120239402],[103.9977739027243,1.4173571250095902],[103.99762204084763,1.4174949503984144],[103.9974667020479,1.4176287941292471],[103.99730799055483,1.4177585684710199],[103.99714601419274,1.4178841884054707],[103.99698087809033,1.4180055698188951],[103.99681269007233,1.4181226313105135],[103.99664156694976,1.4182352960006948],[103.99646761564942,1.418343489723582],[103.99629095567856,1.4184471401212073],[103.99622488077297,1.418483646590014],[103.9960410919989,1.4185829465986444],[103.995706905992,1.4187580959664032],[103.9955665664708,1.4188316475449962],[103.9954170373039,1.4188951089120008],[103.99523493686571,1.4189680746776046],[103.9951209345263,1.4190110560951446],[103.99498814222683,1.4190592904490789],[103.99479519704997,1.4191238970388382],[103.9944903168501,1.4192143002027287],[103.99421379020295,1.4192860805653433],[103.99394439471058,1.4193448376095101],[103.99372904246343,1.4193851391885364],[103.99351172729521,1.419419622230511],[103.9932751614513,1.4194502286952777],[103.99305670060279,1.4194721113223818],[103.99280949819537,1.419489776178292],[103.99242256167673,1.4195011346325679],[103.99197199475931,1.4194900222503162],[103.99174833313413,1.419476223573142],[103.9866097841278,1.4191591902831506],[103.98657930756681,1.4191573103406214],[103.9860632700906,1.419125471397872],[103.98575238688466,1.419106290646178],[103.98570993500428,1.4191064598629377],[103.98569753969467,1.419061957094889],[103.98564097714359,1.4189632399252918],[103.98558679251606,1.4188272737877607],[103.98556773725579,1.418760822625304],[103.98551831281313,1.4187267314986127],[103.98546787281707,1.4187040552787151],[103.98544580470124,1.4186941340930428],[103.98537141734687,1.41865691552597],[103.9852741523625,1.4186252060247022],[103.98514523537462,1.4185349132170701],[103.98509450954752,1.4185246801061457],[103.9850590137001,1.4184983655512577],[103.9850554879823,1.4184482822869673],[103.98497468191644,1.4183676909883711],[103.98496815259826,1.4183646916543289],[103.98488089463294,1.4183246043812152],[103.98484286426913,1.4183042587701962],[103.9848177752871,1.4182831707303774],[103.9847308435407,1.4182573298241636],[103.98466679013653,1.4182230777588194],[103.98461107783741,1.4182231619116734],[103.98448663322172,1.4182308490198752],[103.9844162384279,1.41823701143709],[103.98430604556734,1.4182476358676235],[103.9842336280114,1.418239239108247],[103.98415285256488,1.4182147000549328],[103.98404846141364,1.4181627061531221],[103.98397112481582,1.4181097165820558],[103.98389869578365,1.4180627117464273],[103.98378220639289,1.417973676005303],[103.98374919140448,1.4179588466472726],[103.98361189198228,1.4178883787836818],[103.98343259517635,1.4178566112496096],[103.98308684249461,1.4177951553321169],[103.98303064833419,1.4178476842649115],[103.98288161734231,1.4178384966070174],[103.98279669208253,1.4178393431810152],[103.98269840345117,1.4178182689129988],[103.98271866186825,1.4177311505193304],[103.98260870786268,1.4176969366413192],[103.98247062982331,1.4176750510188567],[103.98233743205171,1.4176539247349182],[103.98229692270864,1.4176505902661671],[103.98223281483064,1.4176068685683219],[103.98217394044907,1.4176074421244245],[103.98207337308303,1.4176577943957183],[103.98203233688815,1.4176923165017534],[103.98194398937055,1.4177143524398372],[103.98179842170299,1.4177642653736278],[103.98171744445145,1.4178156826081836],[103.98163341107653,1.417852504557137],[103.98160562721702,1.4178729991651686],[103.98158027492198,1.4178933751449774],[103.98149269066874,1.4179637680981698],[103.98132255299286,1.4179719544711709],[103.98116811813912,1.417924132752847],[103.98102529015426,1.4179304001035662],[103.98096957835449,1.4179525876521601],[103.98089505814197,1.4179445617082966],[103.98084780754218,1.4178976645820471],[103.98082040099835,1.4179026674549027],[103.980788320187,1.4178820319953733],[103.98070302440014,1.417849724645151],[103.98062385078386,1.4178617323930487],[103.9805932821221,1.4178952562957596],[103.98046408488784,1.4179032509728293],[103.98022126953997,1.4179104832883842],[103.98013203826208,1.4178830868474133],[103.98008721660233,1.4178797616585899],[103.97997188271124,1.4178729682180797],[103.97996104490275,1.41785920453531],[103.97985553112251,1.4178296567416353],[103.9798095131665,1.4178075842210385],[103.9797401194438,1.417728900191532],[103.97972352072006,1.4176994733423112],[103.97967423020889,1.4176502068929269],[103.97963461165826,1.4176515749972056],[103.97933312721419,1.4176514675348941],[103.97932732324212,1.4176513403882367],[103.97923425660797,1.417649294295935],[103.97916966475607,1.4176536935847888],[103.97893536928268,1.4176669582144852],[103.97889949749406,1.4176629170860475],[103.97884437738831,1.4176490386311318],[103.97880870235413,1.4176300221752],[103.97877013412848,1.4176438703798528],[103.97871726264067,1.4176356982975094],[103.97865405601154,1.417633776001079],[103.97842512553348,1.4176686354764958],[103.97816476238148,1.4177012450495707],[103.97793182643535,1.4177722520394898],[103.97723129635575,1.4178906316002713],[103.97711744824065,1.4179343464877676],[103.97694930362806,1.418059926618911],[103.97688836587241,1.4181156851862045],[103.97678848816504,1.4181320332214051],[103.97654408075618,1.4181150374185625],[103.97647520264111,1.418105084690144],[103.97640185324646,1.41811112134158],[103.97621899358164,1.4181821069651959],[103.9761499678985,1.418227555396592],[103.97608808390612,1.4182539756255905],[103.97586889613319,1.418338791159092],[103.97575400769502,1.418401995030034],[103.97565837355354,1.4184407076055816],[103.97557447186334,1.4184290013199374],[103.97548754442397,1.4184580185991043],[103.97539053459862,1.418335610272478],[103.97533454158892,1.4182861270896356],[103.97527732528496,1.4182461216852196],[103.97527587847455,1.4182446928839296],[103.97524523630882,1.418253124324703],[103.97516680185286,1.4182747153583177],[103.97515225478381,1.4183065226361848],[103.97511826050334,1.4182938193624757],[103.97481208755482,1.4181829083737811],[103.97472987711573,1.418202492847531],[103.97425360803766,1.418193424201681],[103.9741637493622,1.41820698517453],[103.97401100345277,1.4182702826205928],[103.97363488118287,1.4185500254133188],[103.97359396035003,1.41886138951777],[103.97339516135968,1.4187823423815793],[103.97322178470219,1.4188748238690019],[103.97306103944861,1.4190719762470705],[103.97285251267512,1.419193181453958],[103.97275841061094,1.4191881950898693],[103.97268456847665,1.419069791553441],[103.97259144561042,1.4190453342255114],[103.97247442328582,1.419039951318533],[103.97203989446929,1.4192158306214038],[103.97181320937077,1.4192377660061697],[103.97172156944764,1.4192028450937473],[103.97129350163823,1.4193681157171731],[103.97094709106544,1.4194277158060902],[103.97083927196955,1.419481974893098],[103.97048884107296,1.4196176138541998],[103.97042597122558,1.4196899574662123],[103.97028662456522,1.4195045445772478],[103.96996758489665,1.4193960040352251],[103.96972500062596,1.4195180800926577],[103.96968005067279,1.4194728556499212],[103.96960816241825,1.419450241836911],[103.96931153184455,1.4191743839787063],[103.96925309121882,1.419079420449879],[103.96905988666171,1.4190884483480108],[103.96897902444213,1.4191155749180782],[103.96865552509414,1.4191291232307366],[103.96788268046994,1.419020545749382],[103.96740193927657,1.4190657376451632],[103.96732105697954,1.419056689703027],[103.96719077247305,1.4190838100485335],[103.96702003099848,1.4190657146685253],[103.9669481451101,1.419083797032976],[103.96686726229406,1.4190657054604179],[103.96664261616502,1.4190747331736084],[103.96634604096057,1.418975227183439],[103.96624719850305,1.4190113992193094],[103.96613036066455,1.4189480816772637],[103.96592818023203,1.4189752070082058],[103.96568552924164,1.4188757041486408],[103.96549532272947,1.4188756906725002],[103.96544360907296,1.4188756882184477],[103.96539347962438,1.4188756847678596],[103.96496662148952,1.4188304369095306],[103.96402750698495,1.418640456992451],[103.96345226065543,1.4182063056264598],[103.96307479128708,1.418025409413485],[103.96244570943655,1.417871621940007],[103.96191459541859,1.4177720995555323],[103.9614288526537,1.417668975159611],[103.96140325702474,1.4176635413708196],[103.96103482941264,1.4176951692866393],[103.96059452469767,1.4177584447358025],[103.9599100905991,1.4179114905403696],[103.95990713338722,1.4179121517914712],[103.95919892248465,1.4179302869232486],[103.95881167555041,1.417892877448489],[103.95824021138353,1.4179256003176042],[103.95755722573233,1.417812519725269],[103.95749648347967,1.417819889935034],[103.95729664633528,1.4178441412238418],[103.95702707375915,1.4179074339271893],[103.95660922486687,1.4179435765651078],[103.95649593825331,1.4179262921390479],[103.95632179190798,1.4177507187029985],[103.9561913173093,1.4177536286747796],[103.95613737278175,1.417708404419411],[103.95604751366179,1.417699356551446],[103.95587747594008,1.4177333958449065],[103.95589512167406,1.4178566512842066],[103.95582188898133,1.4178796440620707],[103.95582390935105,1.4180571973141916],[103.9557883406719,1.4181611827319711],[103.95570826217543,1.4182286433431912],[103.95573849450126,1.4183023200935516],[103.95565875991403,1.4183993714046472],[103.95554724546501,1.4189333487390885],[103.95556211964382,1.4189479805229128],[103.95553287862145,1.4189631030073222],[103.95551801522575,1.4189484712227303],[103.95545963600586,1.418986095777307],[103.95543032540269,1.418993811540705],[103.95537921445856,1.4190239656785721],[103.95538707941732,1.4190682789913782],[103.95535050772378,1.4190834832554546],[103.955290954909,1.4190175222625168],[103.95523967335478,1.419032881046672],[103.9549402099446,1.4191989377446559],[103.9546838290886,1.4192757225729764],[103.95464733864422,1.4192983154586847],[103.95435354652686,1.4193163187042896],[103.95425073961718,1.4193248341604625],[103.95419152083863,1.4192884819274894],[103.95399951562017,1.4192091794778467],[103.95393363240223,1.4192320985614792],[103.95379399024853,1.4192336170727102],[103.95355104826257,1.4191992730830683],[103.95346995866278,1.419177952468865],[103.95346259923876,1.419178035150417],[103.95344047565516,1.4191708737602022],[103.9534175848388,1.4190971323816846],[103.95342425828368,1.4190378601534634],[103.95336462426725,1.4189645195168223],[103.95333422051002,1.4188760564215734],[103.95333936848317,1.4186836169809347],[103.95330186238546,1.4186840268052698],[103.95295866185529,1.4188135583571955],[103.9528125105626,1.4188891425788994],[103.95251194577038,1.4189590020516571],[103.95235763150438,1.4189606921592874],[103.95122508222187,1.419550177480023],[103.95092595149163,1.419745824391512],[103.95063333353167,1.4198673946443758],[103.95045822249104,1.4199802860429371],[103.94987357130245,1.4202752372734915],[103.94961068804379,1.4204260891389817],[103.94945558856624,1.42036117283631],[103.94939012944307,1.4204210901295862],[103.94950136998797,1.4205086629242336],[103.94938690363418,1.420783703292172],[103.94922775510686,1.4210074143232898],[103.94912064094181,1.4212823457867685],[103.94911589973758,1.4215117917172317],[103.9490654655351,1.421601127142828],[103.94894897741213,1.4216985780242157],[103.94887666422201,1.421802954089455],[103.94876742731783,1.4218929436109],[103.9480896763755,1.4226266684623583],[103.94723831449049,1.4229117305685828],[103.94697067193609,1.422973031564784],[103.94683293252946,1.4230807569570532],[103.94667891609261,1.423115294026841],[103.94641630244288,1.4234624273988814],[103.94602817335476,1.4236155731109337],[103.94575635332824,1.4238663208607738],[103.94516764879243,1.4239939642140453],[103.94485968741289,1.4238905835030335],[103.94424023525708,1.4240449881955182],[103.94373156297675,1.4242388175811846],[103.9429414550649,1.4243371596986063],[103.94224764088558,1.4247815059569031],[103.94196978072236,1.4248373544815287],[103.94141698225422,1.4251544952653474],[103.94024316626609,1.4256066049170688],[103.93961844573012,1.4257415739165664],[103.93927238792396,1.426095620674761],[103.93903367621304,1.4260688535497235],[103.9385318255556,1.4263128193755752],[103.93830703316915,1.4265081547829659],[103.93751630095484,1.426716527992668],[103.93730062675868,1.4268389613408345],[103.93661030829709,1.426988419517916],[103.93552330323251,1.4276256387019075],[103.93494162692515,1.427615742881135],[103.93436789094622,1.4279233962436113],[103.93371148602739,1.4281024618112168],[103.93359623811395,1.4280194102257582],[103.93334948110821,1.4275136834712696],[103.93293246819921,1.4272370481617322],[103.93272906850862,1.426921641610749],[103.93239853732116,1.426651650397401],[103.9313976309421,1.4263870137639147],[103.93050989333035,1.4260815163886595],[103.93048284446898,1.4260722080295245],[103.93046092502112,1.4260262067506912],[103.93045338338676,1.4260103771088757],[103.93042102499601,1.42594246628124],[103.93041886010144,1.4259379237600363],[103.93038117619821,1.425858836140906],[103.93036195455979,1.425818494247155],[103.93030986425693,1.4256271604703816],[103.92992314214055,1.4250805710486167],[103.92917922227176,1.424329176484379],[103.92839138859607,1.424011208291551],[103.92826791697512,1.423879321167012],[103.92786338977835,1.4238988269084594],[103.9275263896696,1.4238268625660597],[103.9270414297924,1.423826266581398],[103.92640150121811,1.4236535982826646],[103.92665526461933,1.4234946082399964],[103.92662000330182,1.4232321184111136],[103.92650772692645,1.4230674114042778],[103.92660759138708,1.4229488273095514],[103.92651593135678,1.4226272306258878],[103.92637323791027,1.4224658348122947],[103.9263854461298,1.4223757869247315],[103.92698978229072,1.4221290422419177],[103.92728722885175,1.4217986763456851],[103.92748232988936,1.4218287646330703],[103.92748233346516,1.421828307025421],[103.92748404968522,1.4216487647406975],[103.92742155742908,1.4211406701332585],[103.92760426173918,1.420645087272371],[103.9281372976938,1.420326551514437],[103.92826164360055,1.4201762874284924],[103.92826355773303,1.4199154031421546],[103.92814997973247,1.4197155246936803],[103.92814891760354,1.4197155771905379],[103.92805925383777,1.4196725368435328],[103.92804984274147,1.4196680199399971],[103.92814909999757,1.4197151023926144],[103.92805092463952,1.4196679719641776],[103.92804984274147,1.4196680199399971]]],[[[104.05430908977033,1.4320059173994297],[104.054079567182,1.4323062522125156],[104.05419190436196,1.43235599000302],[104.05443900771002,1.4326453602768017],[104.05442104766169,1.4327674411762072],[104.05434017373672,1.4329347460355806],[104.05434018552235,1.433160826249009],[104.05425033422301,1.4333326447210233],[104.05400773454865,1.4335316078157314],[104.05358542024806,1.433762224513478],[104.05346030266662,1.4337812823818954],[104.05148876627777,1.4340578221275746],[104.04814535949349,1.4345378494530214],[104.0477904582201,1.434613152015681],[104.04744438877974,1.4347224270263013],[104.04711035385574,1.4348646632044413],[104.0467914447586,1.43503854423209],[104.04657243918156,1.4351982859229606],[104.04636787752065,1.435376370626046],[104.04617927201139,1.435571481838473],[104.04600801693239,1.4357821771877777],[104.04585537829809,1.4360068990947399],[104.04572248449963,1.43624398628789],[104.04561031796315,1.4364916860845671],[104.04473316588535,1.4382298463973704],[104.04458180720853,1.4385328311398045],[104.04440584803781,1.4388220436163115],[104.04420651644973,1.439095465318536],[104.04398520364455,1.4393511879470973],[104.04374345423665,1.4395874267302318],[104.04348295547412,1.439802532880301],[104.04299645254608,1.4399265364469882],[104.04189295429468,1.4402078058285324],[104.0418722575215,1.4402130810439588],[104.04180411481397,1.440234668909265],[104.0416035402361,1.4402938793831999],[104.04140185013308,1.4403491143866791],[104.0411991208843,1.4404003540164037],[104.04099543066627,1.4404475783689308],[104.04079085855429,1.440490768445065],[104.04058548362387,1.4405299079587703],[104.0403793849507,1.4405649815283585],[104.040172640712,1.440595975580978],[104.03996533267967,1.4406228792565263],[104.03975753903121,1.4406456816952906],[104.03954934064002,1.440664372037304],[104.03934081927856,1.4406789457530742],[104.03913205222624,1.440689396504817],[104.03892312215422,1.4406957197629975],[104.03871410903807,1.4406979137114753],[104.0385050928536,1.440695978342784],[104.03829615447493,1.4406899109363704],[104.03808737567554,1.440679716910854],[104.03787883553305,1.4406654007807553],[104.03767061492208,1.440646965251766],[104.03746279471784,1.4406244193601037],[104.03725545399816,1.4405977703334314],[104.03704867274,1.440567030825586],[104.03684253092,1.440532210777263],[104.03663710851514,1.4404933237467163],[104.03643248460415,1.44045038690967],[104.03622873736678,1.4404034138245663],[104.03606713284701,1.4403627792109936],[104.02449301595684,1.4371270587869747],[104.02434607364803,1.4370812445877033],[104.02414940792471,1.4370151452703095],[104.02395422722374,1.436944729305381],[104.02376062410374,1.4368700292423295],[104.02356869292095,1.4367910830565926],[104.02337852533556,1.436707926010797],[104.02319021210965,1.4366205996981596],[104.02300384400527,1.4365291457119465],[104.02281950819021,1.4364336074545034],[104.02263729632537,1.4363340310408688],[104.02245729288306,1.4362304643954251],[104.02227958592997,1.4361229563466735],[104.02210425903998,1.4360115584365725],[104.021931398483,1.4358963258243107],[104.02176108513714,1.435777310956479],[104.02159340167822,1.4356545735144346],[104.021428428086,1.4355281704666918],[104.02126624344194,1.4353981633036315],[104.02110692503028,1.435264613515837],[104.02095055013568,1.4351275880200374],[104.02084666623341,1.4350324553214664],[104.01435688995716,1.4292396541113463],[104.01169033994512,1.426858587082503],[104.01162526900508,1.4268039480472283],[104.01147264786802,1.426668729266071],[104.0114340777162,1.4266326863114749],[104.01132364235565,1.4265294866956522],[104.01117835671187,1.4263863170950126],[104.01103689248515,1.4262393235539268],[104.01089935032523,1.4260886073535581],[104.01076582549047,1.4259342733929188],[104.01063641323957,1.425776431997214],[104.01051120343963,1.4256151943964026],[104.01039028505919,1.4254506718205535],[104.01027374257413,1.4252829818305788],[104.01016165776448,1.4251122410832768],[104.01005410881612,1.4249385698531232],[104.00995117301643,1.4247620911277683],[104.00985292226116,1.4245829278952746],[104.00975942305487,1.4244012076658878],[104.00967074369889,1.4242170543322739],[104.00958694620503,1.4240305999268277],[104.00950808899074,1.4238419782909246],[104.00943422777725,1.4236513169356084],[104.00936541469203,1.4234587533201044],[104.00930169826789,1.4232644203821543],[104.0092431216464,1.4230684564860248],[104.00918972796906,1.422870999091584],[104.00914155318857,1.4226721856592441],[104.00909863235927,1.4224721572669092],[104.00906099514393,1.4222710540884769],[104.0090286676109,1.4220690172024992],[104.009001673133,1.4218661894963522],[104.00898003058981,1.4216627120490763],[104.00896375526688,1.4214587295573686],[104.0089528579566,1.421254384005112],[104.0089473467558,1.4210498200895176],[104.00894722616668,1.4208451797948953],[104.00895249530032,1.4206406096277544],[104.00896315057166,1.4204362515729827],[104.00897918390281,1.4202322485201153],[104.00900058631743,1.4200287460717922],[104.0090273407516,1.4198258844050857],[104.00905942834467,1.4196238100277074],[104.0090968275397,1.4194226622126382],[104.00913951138841,1.419222582041933],[104.00918745024686,1.419023711502207],[104.00924061177507,1.418826188962812],[104.00928289652374,1.4186841117349975],[104.01223725248568,1.4108068156887716],[104.01227286723204,1.4107410786555612],[104.0123691021265,1.4105819681381244],[104.01247274977194,1.4104276456277343],[104.01258357566446,1.4102784620331994],[104.01270132912474,1.4101347537947386],[104.01282574419714,1.409996848310186],[104.0129565378519,1.4098650557958003],[104.01309341358001,1.4097396765208983],[104.01323606229127,1.4096209944773213],[104.01338416141586,1.4095092782838756],[104.01353737310701,1.4094047793776687],[104.01369535322704,1.409307735630971],[104.01385774146277,1.4092183686389215],[104.01402417031098,1.4091368782925444],[104.01419426418026,1.4090634500138763],[104.01436763669508,1.4089982511386718],[104.01454389518831,1.408941427298582],[104.01472264070185,1.408893109656128],[104.01473123188501,1.4088912233936663],[104.01479959383636,1.408876212905289],[104.01588298666111,1.4088339764573778],[104.0166307660549,1.4088055648134616],[104.01800593847643,1.4087511415382166],[104.01954316821949,1.40868963234034],[104.02032567569485,1.4086611977309171],[104.02109428998237,1.4086304415919202],[104.02121467201495,1.408621049102887],[104.02135588815048,1.408606982997245],[104.02155035324066,1.4085928845210294],[104.02172861966052,1.4085904472481436],[104.02187678832603,1.40859035741517],[104.0220805286269,1.4085995544291852],[104.02225185823048,1.4086110999765882],[104.0224231901948,1.408629637110607],[104.02262925988545,1.408664462515835],[104.0228469141167,1.4087109314805175],[104.02300436651807,1.4087504463128775],[104.02318729551035,1.4088015972410215],[104.02336096700435,1.408859742321409],[104.02353232593826,1.4089225504524145],[104.02370832249896,1.4089970045228983],[104.02388432214376,1.4090761187398608],[104.02406264595544,1.4091715419595423],[104.0242154978671,1.4092576614105516],[104.02434982607642,1.40933913035627],[104.02448647627726,1.4094322499570642],[104.02459533187923,1.409506744764818],[104.02470651107882,1.4095905596972134],[104.0247991597093,1.40966273434421],[104.02490339597342,1.4097512127139695],[104.02498214929597,1.4098164059472043],[104.02509102448155,1.4099211922260386],[104.02517441743136,1.4100003619330808],[104.02526244801633,1.4100911812025996],[104.02533658219556,1.4101726876291805],[104.02541303330256,1.4102588522127515],[104.02548022018401,1.4103357026662815],[104.02553388645629,1.4104056096691389],[104.02559622228071,1.4104869868372876],[104.0256476688406,1.410554149291857],[104.02575855403833,1.4107114686635556],[104.02582844913326,1.41081948941409],[104.02608810502329,1.4112148977746757],[104.02642458777828,1.4115871960202995],[104.0269705878596,1.4119540025666812],[104.02752698838232,1.4121487990527697],[104.02810739800809,1.4121581121094877],[104.02864775329363,1.41211274907229],[104.02909878090487,1.4119851321153702],[104.02965857198065,1.411763305130567],[104.03005685684508,1.411481273251638],[104.0301107616279,1.4114470612984908],[104.03018212939422,1.41140176765547],[104.03017326586922,1.411391978728477],[104.02995936758148,1.4110694845661025],[104.02989031016442,1.4109446166003596],[104.02984614764173,1.410762771922444],[104.02972437494326,1.410476246183562],[104.02972930772229,1.4103639587881163],[104.02966683930234,1.4102673252318667],[104.0296812363051,1.4101702040314423],[104.02956774005597,1.41000728531298],[104.02954465672315,1.4099142197224415],[104.02949937330673,1.4098669174655951],[104.0293363740352,1.4095825457505962],[104.0290956615181,1.4093568110688768],[104.02904229178253,1.4092124075881742],[104.0289329410539,1.4090743393463536],[104.02875922296893,1.4088033168111744],[104.02861061693962,1.4086007086844137],[104.02858796090833,1.4085666434021196],[104.02843148429668,1.4082673319404895],[104.02835325230251,1.4081393627250174],[104.02833910314179,1.4081162168544936],[104.02835733963364,1.4081032278237073],[104.02838733963264,1.4080818598231948],[104.0283313548829,1.4079347000490703],[104.02831170399242,1.4079472623412144],[104.02827193149339,1.4077144023579253],[104.02832072871949,1.407334186850101],[104.02851051570863,1.4067702408114346],[104.02858462597247,1.4067156565235293],[104.02885394909296,1.4065118999014479],[104.02929499929942,1.406197163942175],[104.02953359261124,1.4057878409856315],[104.02943221780325,1.4058325791352835],[104.02939454780486,1.4058136260560137],[104.02947677836296,1.4050791713311652],[104.02964067861276,1.404707816951882],[104.02951139359925,1.4042950351612824],[104.0292362114751,1.4038119526750927],[104.02895903680667,1.4035064655602143],[104.02852202354092,1.4031399231932433],[104.02839706877447,1.4030597459979315],[104.02826879539246,1.4029774384035991],[104.02810549884326,1.4028708010574606],[104.02797907658183,1.4027888758328635],[104.027840702825,1.402701837450751],[104.02772287103596,1.4026314583442616],[104.02768500942419,1.4026090976196528],[104.02749596377258,1.4024974486092154],[104.0269945969753,1.4022558556727602],[104.02630980229715,1.4020303907960048],[104.02589054613621,1.4019458091900625],[104.02542127256038,1.4018511371792877],[104.02491658531108,1.401769156140433],[104.02433410761122,1.4017570259219427],[104.0169176364902,1.40200988209521],[104.01675914574838,1.4020152854812318],[104.01667429066114,1.402019350934032],[104.01664916022757,1.4020205557120868],[104.01651788282119,1.4020132154181493],[104.01638824776806,1.4019911266943872],[104.01626188421426,1.401954571572836],[104.01614038268029,1.4019040066302604],[104.01602526990132,1.4018400684163268],[104.01591799444861,1.401763558984949],[104.01581990516335,1.4016754431827887],[104.01573223587924,1.4015768287545483],[104.01565608744993,1.40146895458762],[104.01559241966095,1.401353178051565],[104.01554203235803,1.4012309560080136],[104.01550555915557,1.4011038240108002],[104.01548345665262,1.400973380932636],[104.01547600622841,1.400841267260239],[104.0154833005624,1.4007091451995024],[104.01550097914597,1.40060404368271],[104.01559555152903,1.4003223988547822],[104.01602307693223,1.399049178308664],[104.01633550231638,1.397995126511655],[104.01691436942663,1.396521743005246],[104.01704093724436,1.3961722813437647],[104.01704658900826,1.3961571401141186],[104.01712509785516,1.3959526501384614],[104.01720550274281,1.3957489088220318],[104.01728779828059,1.395545932443611],[104.0173719754837,1.3953437390909231],[104.01745802716448,1.395142346851614],[104.01754594523665,1.3949417729089542],[104.01763572341125,1.3947420362548844],[104.01772735360183,1.3945431522639504],[104.01782082682361,1.3943451381195484],[104.01791613588907,1.3941480137179845],[104.0180132718133,1.3939517944338968],[104.01811222651011,1.3937564983549389],[104.01821299099458,1.3935621408557575],[104.01831555718063,1.3933687409283395],[104.01841991428621,1.3931763139474833],[104.01852605602231,1.392984878000651],[104.01863397070831,1.392794448462705],[104.01874364935955,1.3926050434213473],[104.01885508388972,1.3924166782510974],[104.01896826171978,1.3922293701355946],[104.01908317656066,1.3920431353535847],[104.01919981583322,1.3918579892799672],[104.01931817055278,1.391673949098053],[104.0194382290388,1.3914910310870392],[104.01955998140795,1.3913092506215692],[104.01968341777689,1.3911286239806924],[104.01980852646514,1.3909491674435635],[104.01993529669068,1.3907708945761899],[104.02006371767176,1.390593823466383],[104.02019377862638,1.3904179685845204],[104.0203254669754,1.3902433434967445],[104.02045877193717,1.3900699671952172],[104.02059368093246,1.3898978523417198],[104.02073018317948,1.389727015215336],[104.02086826789618,1.3895574684777163],[104.02100792070651,1.3893892293125514],[104.02114912992995,1.3892223112859179],[104.02129188478469,1.389056729772534],[104.02143617089446,1.3888924983386715],[104.0215819765789,1.3887296323591176],[104.02172928925894,1.3885681453999974],[104.02187809365985,1.3884080519320259],[104.0220283807969,1.3882493655210204],[104.0221801353953,1.3880920997333528],[104.02233334397754,1.3879362690395736],[104.02248799306604,1.3877818870058583],[104.02264407098032,1.387628967198287],[104.02280156154711,1.3874775222789104],[104.02296045218735,1.3873275658138455],[104.02312072942362,1.3871791122736572],[104.02328237798103,1.3870321725115897],[104.02344538438204,1.3868867600938495],[104.02360973604775,1.3867428885865694],[104.0236361890829,1.38672016532759],[104.03234423608355,1.3789496876521259],[104.03250209743744,1.3788088223040929],[104.03269978750382,1.3786426984709932],[104.03703032421436,1.3750036450646839],[104.03712535613376,1.3749237865699129],[104.03731197079034,1.3747691831110151],[104.03764358809148,1.374488999700869],[104.03774012759638,1.3744071776952453],[104.03783765370918,1.3743252244696336],[104.03784067537164,1.3743226856750925],[104.04509371097724,1.3681550710524129],[104.06940972660246,1.3474774759485595],[104.0805101984769,1.3380397384213965],[104.08064621030316,1.3379327935677114],[104.08078998667852,1.3378367092366614],[104.08094067403354,1.3377520109442302],[104.08109737387052,1.3376792115500649],[104.08125916072638,1.337618730767994],[104.08142509116121,1.337570926817574],[104.08159416781606,1.3375360928103999],[104.08176541219193,1.3375144241859587],[104.08193779726179,1.337506050370856],[104.08211031935342,1.3375110248237403],[104.0822819532205,1.3375293114744484],[104.08245167450802,1.3375608019045664],[104.08261850378112,1.3376053153429397],[104.0827814436265,1.3376625986720265],[104.0829395235762,1.3377322902491673],[104.0830918270723,1.337814001295752],[104.08323745551648,1.3379072345088845],[104.08337553726105,1.338011437417484],[104.08350525456665,1.3381260159447415],[104.08362585976948,1.3382502692928746],[104.08373662137762,1.3383834803841608],[104.08383690493444,1.3385248579738462],[104.08392610113711,1.338673560170753],[104.0840036977234,1.3388287224648294],[104.08406921836645,1.3389894188461398],[104.08412229456371,1.339154711536979],[104.08416260273381,1.3393236039717664],[104.08418991903645,1.3394951221834683],[104.0842040609592,1.3396682415567018],[104.08420495920808,1.339841950125184],[104.08419260379027,1.3400152060726473],[104.08416706468648,1.3401869928962875],[104.08412850083562,1.340356310362301],[104.08407712868187,1.3405221383349541],[104.08401326711069,1.3406835181638541],[104.08393728352868,1.3408394830542736],[104.08384962711524,1.3409891087075096],[104.08375080995432,1.3411315268883013],[104.0833571888018,1.3416623898953424],[104.08325507553465,1.341847424365168],[104.08268919407234,1.3425945166080235],[104.08263007719745,1.3426629543798005],[104.08252774563547,1.3428050183880165],[104.08193356520492,1.34365435991693],[104.08135110234238,1.3445118845949606],[104.08078046486705,1.345377429633839],[104.08022176958325,1.346250823200599],[104.07967512431208,1.3471319115502458],[104.07914062788684,1.3480205138078036],[104.07861838004173,1.3489164671851759],[104.07810848590172,1.349819599849951],[104.07761103801239,1.3507297381621588],[104.07712613431087,1.351646706672356],[104.07583303545849,1.354133284025735],[104.07566469845355,1.354471637829063],[104.07550837483626,1.3548162675567537],[104.07536445180492,1.3551663221721666],[104.07523311801768,1.3555213585231791],[104.07511455314568,1.355880915371145],[104.0750089009171,1.3562445224373116],[104.07491629607655,1.3566117275306964],[104.07483687336439,1.3569820332422786],[104.07477071361126,1.3573549783424599],[104.07471791561616,1.3577300726602122],[104.07465804272636,1.3582627644371215],[104.07460887356685,1.3587965656887002],[104.07457043238362,1.3593312521315768],[104.07454272006184,1.3598666157628996],[104.07452575455743,1.3604024304909095],[104.07451955382729,1.3609384801715878],[104.07452410887116,1.3614745450460646],[104.07453941068924,1.3620104107814597],[104.07456547723812,1.3625458594246018],[104.0746022725599,1.3630806648884555],[104.07464979753846,1.3636146101256705],[104.07470803149302,1.3641474871344694],[104.07480423408526,1.3649048034334945],[104.07491176927387,1.3656605811613742],[104.07503059841258,1.3664146394473882],[104.0751606954357,1.367166806463009],[104.07530203338062,1.3679169284667454],[104.07545457629534,1.3686648155437025],[104.07561828912887,1.369410304909394],[104.07579314222144,1.3701532337786806],[104.07597909422996,1.3708934212804007],[104.07617609662528,1.3716307136746866],[104.07638410626667,1.372364930090292],[104.07660308001593,1.3730959167866028],[104.076832970239,1.373823492892643],[104.07707372391397,1.374547514616513],[104.0773252781304,1.3752677983755401],[104.07758757896559,1.3759841840993634],[104.0793005859801,1.3805562492625878],[104.07952887358029,1.3811473124437572],[104.07976895001691,1.381733616533223],[104.08002074338668,1.3823149291142314],[104.08028415482745,1.3828910033030435],[104.08055906840521,1.3834616048786368],[104.0808453915472,1.384026489669539],[104.08114298316143,1.3845854496835739],[104.08145173450015,1.3851382416552924],[104.08177151974486,1.3856846458342202],[104.0821022130753,1.3862244298088933],[104.08244367070182,1.3867573846830137],[104.08279574883345,1.3872832934210584],[104.08327353824222,1.3879934873185273],[104.08374019547351,1.3887111341383196],[104.08419563064807,1.3894360512176391],[104.08463970895937,1.3901680721769119],[104.0850723315401,1.3909070016933411],[104.0854933905404,1.391652678810649],[104.08590277720627,1.3924048955461443],[104.08630040435379,1.3931634891325981],[104.08668616143162,1.3939282588223618],[104.08705995945532,1.3946990201438065],[104.08723087165485,1.3950719124502138],[104.08739131606495,1.3954494813867941],[104.08754115786563,1.3958314375774703],[104.087680299077,1.3962174825984481],[104.08780860307834,1.3966072999430517],[104.08792599794776,1.3970005911845405],[104.08803236862968,1.3973970398136968],[104.08812764230305,1.3977963474037107],[104.08821173805556,1.3981981793543563],[104.08828459294998,1.3986022372375089],[104.08834614404495,1.3990081864507478],[104.08839635535914,1.3994157204235502],[104.08843518192295,1.3998245108817569],[104.0884625877529,1.4002342349761856],[104.08847855483761,1.4006445761860469],[104.08848306516335,1.4010551980945338],[104.0884761276766,1.40146579322114],[104.08845773334964,1.4018760287652305],[104.08839345987084,1.4029687860772384],[104.08837235171858,1.403211689108312],[104.08833772884292,1.4034530299923866],[104.08828969898397,1.403692028259408],[104.0882284049298,1.4039279359920196],[104.08815405596373,1.4041600106914573],[104.0880668649636,1.4043875098582848],[104.08796712927777,1.4046097307752183],[104.08785514535482,1.4048259562551426],[104.08773127254925,1.405035517939026],[104.0875959151445,1.4052377465583699],[104.08744947742848,1.4054320090186798],[104.08729243557748,1.4056176903045647],[104.08712528374278,1.4057942025292038],[104.0869485430373,1.4059609939769637],[104.08676277950529,1.4061175310142742],[104.08656857716691,1.4062633161798177],[104.08636654700607,1.406397906270669],[104.08615732696536,1.4065208671245002],[104.0859415729644,1.4066318097948562],[104.08571997687018,1.4067303815057155],[104.08549321977213,1.4068162747000947],[104.08526203308432,1.40688921798988],[104.08502714463172,1.4069489852053627],[104.08478929662081,1.4069953863496587],[104.08454922766809,1.4070282685050854],[104.08430770155582,1.4070475293954252],[104.08406549105767,1.4070531173876364],[104.08401624263941,1.407051466838685],[104.08397424727075,1.407055856597974],[104.08381452162013,1.4070791447311215],[104.08371796212481,1.4071771067903927],[104.08359314597003,1.407485495485979],[104.08403090394094,1.4077175690495067],[104.0843780802798,1.4079930704270256],[104.08460271347333,1.4083282815229272],[104.08494477160501,1.4087120165737346],[104.08508391737266,1.4089661704822547],[104.08518091158518,1.4094855582553831],[104.08509151066421,1.410140511062326],[104.08479381171294,1.4106388250791388],[104.08472543852135,1.4111367976268687],[104.08447982762233,1.4116135823143958],[104.08439697423529,1.4119900653576514],[104.08380401869096,1.4129773420183787],[104.08366222838063,1.413110859226956],[104.08360480956087,1.4131978183083502],[104.08358655597426,1.4132494047124742],[104.08352682977196,1.4133463671168967],[104.08328141260219,1.4137984628328455],[104.08302579581265,1.4144040468251846],[104.08285507687627,1.4146753547143767],[104.08277259370253,1.4147348874013708],[104.08267557523618,1.4149133995495462],[104.08276523953839,1.4149602173693208],[104.08275176822258,1.4151049066349082],[104.08240136880228,1.4157922012247317],[104.08212284736618,1.4164026341033733],[104.08181736166772,1.4169497559620121],[104.08170054823044,1.4169678475353193],[104.08160911715163,1.4168779011669417],[104.08159405991155,1.4169056665010242],[104.08166177442173,1.417059788486196],[104.0816420506431,1.4172205488266596],[104.08155899127965,1.4174396469213995],[104.0809228648423,1.4182504248664167],[104.08066070749713,1.4187061216025154],[104.08065135484749,1.4187209359505775],[104.08059950186238,1.4187595032433191],[104.08050699925718,1.4189877815476362],[104.08037166268991,1.4190598198674227],[104.08032572175506,1.4190842776711647],[104.08026681233557,1.4191156289602576],[104.08013134774723,1.4192431757166086],[104.0796968032801,1.4194147966590334],[104.07927728717111,1.419625800605032],[104.07888522558832,1.4198648727496348],[104.07885791191173,1.419895081144119],[104.07882584349872,1.4199305533957989],[104.078754550773,1.4200905143803124],[104.07823357643055,1.4203944967644173],[104.07807082026147,1.4204397409375042],[104.0778410623836,1.4206057960578926],[104.07741990908153,1.4210607407944633],[104.07707028806841,1.4213095119241634],[104.07696666958665,1.4214607221497988],[104.07664026430324,1.4217531801901093],[104.07649156543518,1.4219189010477653],[104.07642580216132,1.4219480011398515],[104.07635868180886,1.422069524718355],[104.07617366996763,1.422128917072842],[104.07606721670189,1.422231735498654],[104.07602511792983,1.422401867352316],[104.07593789023798,1.4225431640767279],[104.07516989454514,1.4232002506258021],[104.07484375609762,1.4234796043435887],[104.07469196228783,1.4235158488289754],[104.07451708077201,1.4236086541478654],[104.0744077704519,1.4238035814607368],[104.07431034099167,1.4238409506493608],[104.07426591360695,1.4237404623975005],[104.07423802368524,1.4237605971952394],[104.07426152474953,1.4237906745034632],[104.07425691196916,1.42384784836416],[104.07427850197139,1.4239060314434087],[104.07434460123758,1.4239012856662483],[104.07433250092411,1.4239359328108239],[104.07420132073915,1.4239738572032656],[104.07335490724756,1.424733794900046],[104.07322440409833,1.4248023316226828],[104.0729314950894,1.4250845484685524],[104.07269793138808,1.4253080121216268],[104.07261740480898,1.4252643582377105],[104.07253019440387,1.4253236207542572],[104.07255246811732,1.4253896364093668],[104.07242911377068,1.425507884795297],[104.07149850108277,1.4260861094960935],[104.07117092707651,1.426220151957319],[104.07102585686074,1.4263679107770566],[104.07085141789781,1.4264864266712445],[104.07080004958407,1.4264352725847498],[104.07071283908184,1.4264945350467408],[104.07072780727678,1.426560578614817],[104.06983338337866,1.427087178371018],[104.06970921569649,1.427065803192188],[104.06926788520079,1.4273418311466195],[104.0690983505823,1.4273549346750412],[104.06885139437905,1.427460969670666],[104.06839093867329,1.4276088693667803],[104.06813201093294,1.4276920614881676],[104.06790245998816,1.427795777644907],[104.06767470047768,1.4278430898042935],[104.06738187518404,1.4279867858547919],[104.06621420245332,1.4283688600810893],[104.06598643418884,1.4284107016363585],[104.06609453929755,1.4285616900929694],[104.06594365208834,1.4285937829872601],[104.06586713673023,1.4285766731234217],[104.0657757551746,1.4283628003415234],[104.06568224327957,1.4284012983590988],[104.06576513892075,1.4285916397530667],[104.06572263953011,1.4287178289204514],[104.06514036388916,1.4290632708573616],[104.0645835714135,1.4292237068026887],[104.06402457784296,1.4294795687315316],[104.06381115574834,1.4296698940275667],[104.06364095401936,1.4297541881931306],[104.06345725773876,1.4297705665368607],[104.0629099887514,1.4298196549752853],[104.06245366050358,1.429926008864197],[104.06166045044635,1.4302866644095091],[104.06115665921115,1.430471239714607],[104.0601128080551,1.4309171644763194],[104.05981233638587,1.4310128571984466],[104.05906846987097,1.431340339777122],[104.0590483019588,1.431349218036114],[104.05900479228642,1.4313573841645006],[104.05854141573062,1.4314443468265787],[104.05852740971379,1.4314469753670926],[104.0585270314285,1.4314471779804026],[104.05852678882273,1.4314473082317507],[104.05852315872202,1.431449257479322],[104.05826755288606,1.4315864727448113],[104.05825784595918,1.4315916818938053],[104.05740422919746,1.4318087483318218],[104.05707175220051,1.4317183362747277],[104.05666437559823,1.4317331805631321],[104.05663555262079,1.431734232442109],[104.05664692858372,1.4318162628285764],[104.05664820456917,1.4318254636305978],[104.05616786425128,1.431819595262569],[104.05612923260027,1.431805201678256],[104.05577783407158,1.4318359389320614],[104.05557700041368,1.4317392909111377],[104.05557115842792,1.4317364798351409],[104.05526563604211,1.431614412377847],[104.0551829229837,1.4315498972738698],[104.05508593120976,1.4314742454948037],[104.05493299338661,1.4314076906521618],[104.05488618204282,1.431375962220199],[104.05482607109059,1.4313294334683226],[104.05430908977033,1.4320059173994297]]],[[[103.8869069076186,1.4264885836550776],[103.88645940637083,1.4267637656681964],[103.88585288364331,1.4271451307614524],[103.88551849550524,1.42735905655423],[103.88517460041714,1.4275826139866012],[103.88361745310209,1.4286276498341686],[103.88300250187434,1.429068173322524],[103.88249360160822,1.4294327251233294],[103.88202245768478,1.4297702301149842],[103.8807965964143,1.4306455260788886],[103.88050739829079,1.4308519892253195],[103.8802038395108,1.4310494180402837],[103.87989218392943,1.4312259390015838],[103.87957223390336,1.4313835941626047],[103.87921749031158,1.4315423795307962],[103.8789043145811,1.4316489740997438],[103.87855857378887,1.4317557230148885],[103.87820410721672,1.4318418254310223],[103.87784571338673,1.431908484053597],[103.87749386098028,1.4319585926408887],[103.8771302635109,1.4319863003152613],[103.87676172421916,1.4319903860502874],[103.87639872711746,1.4319766104408833],[103.87603339418085,1.4319416365356077],[103.87568038964304,1.4318893889983009],[103.87533091717611,1.4318198046911985],[103.87505957379763,1.43174690531226],[103.87505934016214,1.4317468420110953],[103.8750517065715,1.431744791054306],[103.8749761767083,1.4317244994218858],[103.87463255249908,1.4316140204829566],[103.87430408728261,1.4314858961808756],[103.87397111076234,1.431335082332805],[103.87364599667757,1.4311670835787162],[103.87334320261684,1.4309884228426382],[103.87281930914031,1.430671687670223],[103.87137033997341,1.4297976719946182],[103.87106011552275,1.4296021537293138],[103.8707612403981,1.4294095111103489],[103.87046567196062,1.4292054453796945],[103.87017777718076,1.4289778045337966],[103.86991283221063,1.4287310983920896],[103.86966565223527,1.4284694066293733],[103.86943363116568,1.428181831710539],[103.86923947642488,1.4278679853111673],[103.86912719173512,1.427506775182768],[103.86911957476805,1.427125639374611],[103.869190140764,1.4268075997935377],[103.86919137444457,1.4268020415550746],[103.86919549166706,1.4267939465313069],[103.86850497840635,1.4261864862274558],[103.86804911776773,1.4257854549236884],[103.86800473754829,1.4257464151205779],[103.86791697186753,1.4256692027813778],[103.86744352577293,1.4252527015703775],[103.86740412203648,1.425218036992359],[103.86735878033362,1.4251781488971522],[103.86731638604954,1.4251408535679764],[103.86729813183216,1.4251247950526755],[103.86724406110571,1.4250772281324142],[103.867421871155,1.4249833606787072],[103.86704781404873,1.4246356121469455],[103.86511825181718,1.4230158076401849],[103.8643838160029,1.4222847508537766],[103.86429026771091,1.422174912619047],[103.8642207580653,1.4220992861374002],[103.86415688435592,1.4220217694575121],[103.86411743288092,1.421970722270837],[103.86406671016815,1.4219026578216765],[103.86403489060973,1.4218658316512591],[103.86359800140252,1.421164387600404],[103.86205852363173,1.4185859468493316],[103.86169893397229,1.4176586103383397],[103.86151913415527,1.416810435050735],[103.86142923131533,1.4160640393676671],[103.86147417041356,1.4154533508685987],[103.8615213859689,1.4151699045809665],[103.86161408110287,1.4146134311984089],[103.86178519904384,1.4137261902932965],[103.86181512818277,1.4135710074200698],[103.8618363085975,1.4132618630412164],[103.86184048448524,1.4132009088667838],[103.86186386154726,1.4128597074745464],[103.86178464638984,1.4120993536952922],[103.86163841272919,1.411320606872477],[103.8612789320915,1.4104560140710536],[103.86113427395014,1.4102090385636545],[103.86088573907656,1.4097847158165864],[103.8602492138966,1.4090317264260106],[103.8596487710625,1.408533521973767],[103.8566123173746,1.4063962024936298],[103.85606158671033,1.4060085496410035],[103.85568573203014,1.4056853372371618],[103.85554311765269,1.4055755714326992],[103.8555367376575,1.405570243885751],[103.85545835492088,1.405456501876489],[103.85522209159946,1.4051136570305132],[103.85505655500374,1.4048734450498326],[103.8548108762939,1.4041204540082977],[103.85476620017114,1.4033899336290496],[103.85485273185077,1.4027931665605047],[103.85486732930546,1.402692498054359],[103.85494829092791,1.402520705227665],[103.85494910143368,1.4025189869285906],[103.8550107447951,1.4023881818630661],[103.85507316630705,1.402255731750528],[103.85528697170416,1.4018020591727454],[103.85530197593545,1.401770221801766],[103.85537244890608,1.401658496009878],[103.8556304163321,1.4012495229798327],[103.8556352136945,1.4012318001130142],[103.85564140397084,1.4012080608420276],[103.85564734210132,1.4011842564180985],[103.85565302740925,1.40116038955388],[103.85565514515177,1.401151210587296],[103.85565722469543,1.4011420227785725],[103.85565926600381,1.4011328262887277],[103.85565929924977,1.4011326589810706],[103.85566723814746,1.401095065966003],[103.85567455173098,1.4010573446786778],[103.85568123795778,1.4010195056539598],[103.85568125862383,1.401019364572968],[103.85568249106687,1.4010119746017498],[103.85568369869566,1.4010045804821316],[103.85568488149642,1.4009971822985112],[103.85568668214519,1.4009856154659384],[103.85568899223975,1.4009701805259402],[103.85569119784672,1.4009547301117202],[103.85569329886384,1.4009392649397359],[103.85569558295796,1.4009214988422884],[103.85569772924579,1.4009037153489297],[103.85569973759667,1.4008859155423654],[103.85569974927698,1.4008857835051005],[103.85570054125263,1.4008784197363204],[103.85570130887416,1.4008710533556825],[103.85570205213305,1.4008636844447728],[103.85570492634925,1.4008326006257434],[103.8557073814301,1.4008014804338424],[103.855709416924,1.4007703295934077],[103.85570975203963,1.4007644855901322],[103.85570996945877,1.4007605118127064],[103.85571007187936,1.4007586406826578],[103.85571037734177,1.4007527948709413],[103.85571066842687,1.40074694905938],[103.85571094485377,1.4007411021379532],[103.85571120598671,1.4007352545044358],[103.8557114518239,1.400729406199349],[103.85571168450113,1.4007235576752435],[103.85571168989108,1.400723394889665],[103.85571190190248,1.4007177091512844],[103.8557121040279,1.4007118579143847],[103.85571229177603,1.4007060084863472],[103.85571246514682,1.400700157249723],[103.85571262324174,1.4006943060132455],[103.85571276695933,1.400688453872543],[103.85571289540104,1.4006826026363497],[103.85571300856684,1.4006767495915777],[103.85571310825391,1.4006708974512811],[103.8557131917665,1.4006650444067936],[103.85571326180036,1.4006591913624358],[103.85571331655832,1.4006533383182238],[103.85571335842974,1.4006471365676547],[103.85571338353125,1.400640934725366],[103.85571339186271,1.40063473283729],[103.85571339186056,1.400634506746308],[103.85571339186026,1.4006344750935553],[103.85571337160151,1.400624832235641],[103.85571331100516,1.4006151895490218],[103.8557132100723,1.4006055472046137],[103.85571320647698,1.4006054432027986],[103.85571251222662,1.400570685810951],[103.85571129632285,1.400535942941335],[103.8557095590432,1.40050122252377],[103.85570921483094,1.4004953794313701],[103.85570885624138,1.4004895363391245],[103.85570848417309,1.4004836950557333],[103.85570792661996,1.400475367948484],[103.85570733886588,1.400467042945225],[103.85570672091869,1.4004587201569036],[103.85570671103335,1.400458620676961],[103.85570220006532,1.4004069179920937],[103.85569653275951,1.40035533072467],[103.85568971199334,1.4003038850668834],[103.85568969761519,1.40030379643935],[103.85568739628225,1.400288184141868],[103.85568498819686,1.400272588161604],[103.8556824734732,1.4002570092379163],[103.85568151373322,1.4002512366918087],[103.85568053961595,1.400245465050201],[103.8556795502228,1.4002396970261888],[103.85567854824957,1.400233931715401],[103.8556745794933,1.4002119163695925],[103.85567039835237,1.4001899408788867],[103.85566600522168,1.4001680073185854],[103.85566597826312,1.4001678906558854],[103.85565405585227,1.4001131771237885],[103.85564081542311,1.400058771449997],[103.85562626480112,1.4000047057897471],[103.85561434439315,1.399963891140135],[103.85560167766319,1.3999233048272195],[103.85558826892493,1.3998829606728835],[103.85558636657551,1.3998774296009104],[103.85558444984885,1.3998719030508677],[103.8555825196435,1.3998663819271433],[103.85558057506091,1.3998608653253832],[103.85557861610106,1.3998553532455706],[103.85557664366256,1.3998498465920763],[103.85557465774538,1.3998443444605206],[103.85557265745096,1.3998388477552919],[103.85557064367786,1.399833356476364],[103.85556861642613,1.3998278706237544],[103.85556657389853,1.3998223892931005],[103.85556451879087,1.3998169133887561],[103.85556245020453,1.3998114438150753],[103.85556036724095,1.3998059778589957],[103.85555987570478,1.3998046990930024],[103.85555826990014,1.3998005182335884],[103.85555615908066,1.3997950640344987],[103.8555540356811,1.3997896152617184],[103.8555518970057,1.3997841710108934],[103.85554974485164,1.3997787330907319],[103.85554757921894,1.3997732996925425],[103.85552195604741,1.3997118330579392],[103.85549457825574,1.3996511375063931],[103.85546546872267,1.3995912637591557],[103.85543291685552,1.399529059096],[103.85539849563553,1.3994678822423106],[103.85536223706924,1.399407790083349],[103.85523776999132,1.39922799168328],[103.85509690645557,1.3990608964567703],[103.85494091866256,1.3989080135143217],[103.85477121540669,1.3987707236090419],[103.85470614693915,1.3987258397164426],[103.85459527571082,1.398649362283517],[103.85357477532867,1.3979454297900318],[103.85330498105932,1.3977503924488475],[103.85238819145138,1.3970876333203022],[103.85203713167314,1.3969076586730211],[103.85192393433559,1.3968496265369381],[103.85188424126363,1.3968398787126683],[103.8518624802309,1.3968259209309473],[103.85103595255457,1.3966019570665413],[103.85007095894275,1.396469066075813],[103.84973114919251,1.3964818552891152],[103.8496302611098,1.3964856507066865],[103.84922559273868,1.3965008757504818],[103.84916819862838,1.3965030348572396],[103.84779174276065,1.3965548186245422],[103.84663057411083,1.3966066492013143],[103.84493985735435,1.3966130882429804],[103.84380806529767,1.3965308516288226],[103.8436396452125,1.396516838352376],[103.84268129453714,1.3964371000821683],[103.8420448987969,1.3963114465802404],[103.84046510017552,1.3959871867702924],[103.8389669432099,1.395594465332547],[103.8365399882077,1.39498976415931],[103.8364259269412,1.3949613446712927],[103.83566028909028,1.3947284455773916],[103.83504081528326,1.394540007382183],[103.83467955116885,1.3944511366623988],[103.83449353887579,1.3944053768429934],[103.83445334001416,1.3943954894498887],[103.83440109119921,1.3943826348430162],[103.8342691626295,1.3943501808894287],[103.83421548507488,1.3943369762900573],[103.83409510954858,1.3943073647386273],[103.83385902482961,1.394253076731018],[103.83363746925414,1.39420213032305],[103.83235713912612,1.393907718023234],[103.83151693160663,1.3936827388638686],[103.82973496676996,1.3932657661667416],[103.82737212669964,1.3929477860195931],[103.82729169040867,1.3929430840244812],[103.82714792047993,1.3929346793935464],[103.8268787143208,1.3929225610924079],[103.82660950994891,1.3929149654852264],[103.82634032263982,1.3929114666165487],[103.82607113532073,1.3929115372420513],[103.82580152655524,1.3929157046046423],[103.82553281455456,1.392924817906474],[103.8252632210336,1.3929375694311894],[103.82499408487072,1.3929548436513481],[103.82472586254927,1.3929748029009263],[103.82445674431982,1.3930002027707669],[103.82418854172461,1.393028780548665],[103.82391989880145,1.3930618801145123],[103.82365386981867,1.3930996063870116],[103.82340470625665,1.3931378653712294],[103.8218933535973,1.3935346464106517],[103.81882248913355,1.3943408582042078],[103.81874925590553,1.393447223954716],[103.81860631559337,1.3928238114386438],[103.81835545502345,1.3917932679819034],[103.81801867188848,1.390458040050765],[103.81795514493315,1.3899305367173242],[103.81798691306555,1.3894030349092927],[103.8181457430195,1.38897144264157],[103.81838398418618,1.3886197758547654],[103.81814188040366,1.388350680759802],[103.81807005319858,1.3882618762601358],[103.81789319059715,1.38814426888216],[103.81784736244119,1.3881166493005563],[103.81768888717937,1.3880395711061844],[103.8174737872783,1.3879494886681862],[103.81733973531588,1.3878797667128044],[103.81706014415077,1.387719128022391],[103.81705550304534,1.3877125550718732],[103.81693899806292,1.387578770774448],[103.8168898382957,1.3875091470553835],[103.81673594941455,1.3869202258700741],[103.81674779415671,1.386833709055796],[103.8168966190351,1.3865862417110904],[103.81725231172324,1.3864346510372838],[103.81736167416275,1.3863925852848964],[103.8174164242746,1.3864160050693062],[103.8180457424281,1.3866851986510467],[103.81821882329854,1.3867274172956248],[103.81867507707284,1.3867801961603539],[103.8187460835898,1.386765717732043],[103.81885359607011,1.3866873633837697],[103.81894315452843,1.386535393680423],[103.819016774877,1.3863911145890382],[103.81905367984888,1.3863187837699218],[103.81909963275676,1.3862177159301927],[103.81915666636819,1.386055870364488],[103.81919565539707,1.3859383674711554],[103.81922814566497,1.3858636472923247],[103.81930368707086,1.385729643587601],[103.81935892957613,1.385604989980642],[103.81936776628714,1.385585828365683],[103.81944522124628,1.3853657346271586],[103.81945207298206,1.3853498241891973],[103.81945995849095,1.3852633145705102],[103.81946941840552,1.3851594303170685],[103.81945875244294,1.3849816340721748],[103.81941084145834,1.384333038292734],[103.81936258815324,1.3835287046689042],[103.81934107887145,1.383389133116742],[103.8193380327316,1.3833838751254441],[103.8192960346417,1.3833113602446163],[103.8192370276477,1.3832004993167446],[103.81900941098601,1.3828074929347192],[103.81900244081044,1.3827954567097767],[103.81894338796174,1.3826934929086971],[103.81894335561337,1.382693436837916],[103.81877099993035,1.3823958420920395],[103.81861626164007,1.3821160932612502],[103.81813396672399,1.3812833435423],[103.81779202644647,1.3806359712180356],[103.81775971013515,1.3804952094349714],[103.81775240253971,1.3804169411894618],[103.8177748109914,1.3803085252556078],[103.81781929893907,1.3802413629426509],[103.81790456760729,1.3802003207414668],[103.8180602737064,1.3801592789933654],[103.81851388492225,1.3802753588319667],[103.81853384671366,1.380281068208092],[103.81904669198472,1.3803986025326291],[103.81959185545195,1.3805126044879452],[103.81988756260122,1.3805454961056156],[103.81999597825718,1.3805516861885032],[103.82029132884931,1.3805541115331477],[103.82047418160937,1.3805413709483558],[103.82069290036794,1.3804710569088494],[103.82076400019157,1.3804461926992275],[103.82087109536164,1.380371671848851],[103.82104950326259,1.3801049857321421],[103.82111634176135,1.3799572437184529],[103.82121117884212,1.379825158199219],[103.82123663195316,1.3798050308001526],[103.82134131895478,1.3797198528877097],[103.82134393021714,1.3797186139220086],[103.82151051005964,1.3796396465839007],[103.8216442046497,1.3795872194475731],[103.82170864953021,1.37957641984807],[103.82177385362633,1.3795819548765957],[103.82210522329294,1.3796159795587222],[103.82219975227727,1.3796379831865953],[103.82225694729941,1.3796622701556878],[103.82245302120721,1.379736047288454],[103.82254614212198,1.379760726005334],[103.82260741946214,1.3797650183966013],[103.8226402479739,1.3797634512821395],[103.82268888066281,1.3797491408425606],[103.82276490195451,1.3797198018003523],[103.82279535204454,1.379694491495482],[103.82280898709487,1.3796744815939903],[103.82296761408135,1.3794862171821505],[103.82304174229233,1.3794042061428526],[103.82329765289629,1.3791076399944207],[103.8235080773744,1.3788748385400347],[103.82356175027257,1.3788280632368841],[103.82372221978702,1.378722408832723],[103.82394376969498,1.3786512498246302],[103.82411928626453,1.3786574417919844],[103.82415751427249,1.3786602698874169],[103.8241816822671,1.3786713493469462],[103.82420449608861,1.3786884184051402],[103.82428868501442,1.3787514031737391],[103.82429394523722,1.3787587068391944],[103.82441494121082,1.3789112843926068],[103.82441618932332,1.3789130171591202],[103.82451302727922,1.379032055365272],[103.82454084518491,1.3790706772466208],[103.82463356501017,1.3791839971375708],[103.82464163326411,1.3791952004310162],[103.82481082524491,1.3793329266715633],[103.82501677159134,1.3794776880786521],[103.82511724004269,1.3795373086400193],[103.82514328065399,1.3795556447145922],[103.82515321437309,1.379560432453077],[103.82522824335678,1.3796039941264227],[103.82525149393176,1.3796121298663937],[103.82542191365572,1.379681336009069],[103.82542800148778,1.3796834667114977],[103.82571310801247,1.379757223070223],[103.82581811360569,1.3797492487227865],[103.82590783539587,1.3797271445364003],[103.82604511785972,1.3796887483725317],[103.82639549476897,1.3795416084658902],[103.82654385672713,1.3794695048426522],[103.82658663339107,1.3794515406744698],[103.82713535545838,1.3791832878556662],[103.82728196789348,1.3790935689749846],[103.8273239871439,1.3790371729298503],[103.82760212003944,1.3786433700317229],[103.82768205306765,1.3784698905581438],[103.82771479734929,1.3783588989200621],[103.82779459756776,1.3777111627049479],[103.82780387101776,1.3776358915879376],[103.82781225666024,1.3775678300603835],[103.82783188815544,1.377408486555835],[103.82766873177701,1.3773020877200575],[103.82766058173041,1.3772970739052925],[103.82764584425126,1.3772890394981514],[103.82758495521007,1.3772589005089608],[103.82754035727056,1.377241423561639],[103.82749021514083,1.3772217752212823],[103.8270532915987,1.3770505680070986],[103.82700733412733,1.3770325592799688],[103.82691273608289,1.3769833616115206],[103.82673147991606,1.3768415396195595],[103.82650735848613,1.3766159905458806],[103.82641911265912,1.3765046169308166],[103.82636343106435,1.3764119944963518],[103.82632873291048,1.376331340478853],[103.82630793209914,1.3762458997021696],[103.82630059990615,1.3761910481810251],[103.82631767974883,1.3759614590925486],[103.82645527445646,1.375378291070292],[103.82657854819767,1.3746012101192835],[103.82658553600521,1.374419301793026],[103.82655494113554,1.3742026919988892],[103.82649185740298,1.3740220839469923],[103.82641576940317,1.3738918353785952],[103.82630687570308,1.3736759452249876],[103.82630032289488,1.373513176823169],[103.82632181243505,1.3734454951704018],[103.82640502946471,1.3733398882788945],[103.82656233553578,1.3732268034086543],[103.82674524350072,1.373184167670144],[103.82703768822209,1.3731464184903766],[103.827059190149,1.3731436412446303],[103.82712828855006,1.3731270834209344],[103.827185701954,1.3730993033089416],[103.82725508973546,1.3730659252114692],[103.82731388337469,1.3730252334913886],[103.82739792513054,1.37296198156223],[103.82747460851049,1.3728861869840165],[103.82754801932975,1.3727931534037587],[103.82760403016317,1.3727181871684533],[103.82766496793022,1.3726134601244069],[103.82770896937606,1.3725271196684825],[103.82776090433786,1.372426590659353],[103.82779976686942,1.3723307507473017],[103.82782692367068,1.3722521678863349],[103.82786900856408,1.3721162754958558],[103.8278997067361,1.3719905092451725],[103.82792633618106,1.3718619864823935],[103.82794352966265,1.3717628446841614],[103.8279905536702,1.3713640472780608],[103.82800009487731,1.3712822846300114],[103.82800245289923,1.3712045988399197],[103.82800627121178,1.3710756961911323],[103.8280054717078,1.370974347702574],[103.82800466772689,1.3708658185615916],[103.82799990639417,1.3707782932719406],[103.8279911958614,1.3706827652538873],[103.82797927559878,1.3706035266378644],[103.8279661170918,1.3705309477574903],[103.82795563360305,1.370470573278989],[103.82794711252535,1.3704404642597872],[103.8279098822558,1.3703490799736078],[103.82788123060203,1.3702752919222334],[103.82785390522191,1.3702094794621111],[103.82782995571898,1.370167156062915],[103.82780297801459,1.3701334711440414],[103.82745945200197,1.3696929535752487],[103.82739131633835,1.3696007815027944],[103.82737567410715,1.369568348247407],[103.82735720951085,1.3695182961598173],[103.82734379311144,1.3694567125357822],[103.82733251091209,1.3693568652640868],[103.82733248505939,1.3692740996532722],[103.82733291369233,1.36926807206638],[103.82733881221277,1.3692154463631077],[103.82734894590591,1.3691634782287214],[103.82736324756391,1.3691125123219765],[103.82738162233647,1.369062886654737],[103.82740394835997,1.3690149303502417],[103.82743007756561,1.3689689614603209],[103.82745983666143,1.3689252848560443],[103.82784578029865,1.3682551473135416],[103.82800748479448,1.3679942313458788],[103.82801234966799,1.367986381474633],[103.8283000412996,1.3674716423577111],[103.82833360448393,1.3679942230083093],[103.82953317895746,1.3679117390583266],[103.82980874603228,1.3678941939097533],[103.83004696135741,1.3678790271562564],[103.83059768484999,1.3678370237472666],[103.83071665098787,1.3678249506173326],[103.83094124758719,1.367802158159697],[103.83126852373925,1.3677689493039635],[103.83193548348505,1.3676682325444376],[103.83251251703976,1.3675492202791395],[103.8328047273674,1.3674821337133098],[103.83306782133214,1.3674181228515785],[103.83331420099282,1.367348041867483],[103.83333646215208,1.3673417095086968],[103.83357567211151,1.367268018275258],[103.833917777225,1.3671479430538414],[103.83437341382613,1.3669903131042163],[103.83510426498528,1.36673713226792],[103.83510476009678,1.366736961342702],[103.8356636160453,1.366543359977058],[103.83597832628848,1.366434446150694],[103.83675726850475,1.3661677237070382],[103.83677830758892,1.3661604453527822],[103.83677834173452,1.3661604335960003],[103.83694442864905,1.3661029754683152],[103.83926859592097,1.3652700006451577],[103.83965936774116,1.3651112059295605],[103.84006166456389,1.3649574303396492],[103.8405116878722,1.3647936640265834],[103.84101176401823,1.3646116835712732],[103.84156913213887,1.364497665793347],[103.84210097459471,1.3643888688746266],[103.84227951549389,1.364352345460269],[103.84296612296349,1.3642868071280663],[103.8429658587836,1.3642866027428053],[103.84296606545445,1.364286637107809],[103.84296628829959,1.3642866922731418],[103.84296663155297,1.3642867664296248],[103.84326718098859,1.3642645124115038],[103.84326720704708,1.3642645115070327],[103.84349311424326,1.364250720810737],[103.84370191810234,1.3642402102967313],[103.84390970029686,1.3642318801913706],[103.84412422445621,1.3642255043688292],[103.84434875238435,1.3642212501196653],[103.84455208481796,1.3642028544042126],[103.84479382203874,1.3641809848244215],[103.84505430697438,1.3641574185409429],[103.8453099558127,1.3641342890613324],[103.84554223020154,1.3641132749819962],[103.84578324847887,1.364077760257281],[103.84598984712093,1.3640473173658068],[103.84617709953046,1.3640066335390548],[103.8465466253701,1.363926355628228],[103.84761651520054,1.3635855162763268],[103.84789142862577,1.3634585644797592],[103.84816003316504,1.3633297279956684],[103.84841485005957,1.3632024018569222],[103.84865774024412,1.3630762984681433],[103.84890368010109,1.3629437885183064],[103.84918541151431,1.3627858747132329],[103.84935645049903,1.3626824839339509],[103.84949748539299,1.3625784503422789],[103.84965186214016,1.362464574454706],[103.8499238616697,1.362263929416187],[103.8513709151445,1.3611029412784226],[103.85194295836557,1.360652909851558],[103.8522672818684,1.360326981650386],[103.85275073176815,1.3599151736879542],[103.8528923781862,1.3597996562751808],[103.85310378598557,1.3596084303264138],[103.85324207962084,1.359468923753133],[103.8533918171206,1.3592977290552322],[103.8534798998751,1.3591753913395885],[103.85358144292252,1.3590264534396959],[103.85369392037146,1.3588490053578581],[103.85393345850906,1.3584422537078336],[103.8544419288497,1.3573663388226362],[103.8547757258442,1.3568122662147761],[103.85479545266202,1.3567795208154003],[103.85489178402548,1.3566502953356099],[103.85511558234177,1.3564289383941737],[103.85521698363965,1.356328643470252],[103.85542472065009,1.356174168005605],[103.85574911755276,1.3559329430045324],[103.85632760121052,1.3556472135861204],[103.85686288228683,1.355512347795635],[103.85685752441195,1.3554470138565295],[103.85686455423357,1.3545518685554219],[103.85694352066552,1.353775245820192],[103.85695610522532,1.3536995748201701],[103.85700687384545,1.3533944219002332],[103.85716923906023,1.3526635826804936],[103.85755415434221,1.351499844621865],[103.85799828962617,1.3502134134951043],[103.85799829861155,1.3502133890771826],[103.85833201954043,1.349246767566381],[103.85888309318995,1.3477380433054815],[103.85901134487703,1.347386916153674],[103.859361212972,1.3464091037174155],[103.85948253308774,1.3460642420502937],[103.85960314976903,1.345735489826974],[103.85969828745576,1.3454663363912267],[103.8597936326916,1.3451973556828714],[103.85993078225911,1.3448173438893058],[103.86006115765719,1.344448603255506],[103.8601755283357,1.3441240880183898],[103.86042442121341,1.3434379973543866],[103.86043696024463,1.3434034315033432],[103.86085716079637,1.3434400906130168],[103.8614543303721,1.3434952798413489],[103.86165517869982,1.343519535272436],[103.861968503638,1.3435599612065527],[103.8622657606206,1.3436084723089783],[103.86252284755909,1.3436650706842104],[103.86276386734656,1.3437216683224074],[103.86310817632476,1.3438224021742768],[103.86318005156697,1.3438450447664196],[103.86328615939597,1.3438775436013402],[103.86366388977636,1.3440021006307705],[103.8640049398375,1.344109983394392],[103.86426524313798,1.3441923631609205],[103.86435066066572,1.3442193871904269],[103.86460978579153,1.344287317905331],[103.86474276325934,1.3443149761711357],[103.86513379551006,1.3443267332406692],[103.86547842531995,1.3442801693105886],[103.86556385763281,1.3442686167317142],[103.86630217342227,1.3439889448052544],[103.86746388179166,1.343514977632858],[103.86806478510721,1.3432585094780565],[103.86843244761938,1.3430943448855852],[103.86870933541013,1.342970711553412],[103.86912926581122,1.342780946255031],[103.86922307052293,1.3427479437129037],[103.86930021703934,1.3427296210554025],[103.86938942404126,1.3427121139531033],[103.86947077502144,1.342700819947262],[103.86954034598493,1.342696865030655],[103.86963356263381,1.3426979769120913],[103.86971333236978,1.3427018011799132],[103.86984697457535,1.3427186104030853],[103.86996688332164,1.3427443522322224],[103.87005261632612,1.3427764151742987],[103.87018099356601,1.3428327090039065],[103.87038790562785,1.342932266417878],[103.87064437914644,1.3430614473140712],[103.8709101339926,1.3431953036020758],[103.87098234373461,1.343230216371517],[103.87100854055717,1.343242881587126],[103.87113874836537,1.3433093069293234],[103.87125195968315,1.3433609913918947],[103.871364673077,1.343404521204076],[103.87144934404215,1.3434378104301061],[103.87151055702421,1.3434603715485665],[103.87157530760265,1.343480543279314],[103.87166331575875,1.343509477931128],[103.87171651884937,1.343523893561629],[103.87177932572556,1.3435364388135858],[103.8718713339739,1.343546027233724],[103.87203057522058,1.3435561354935082],[103.872267312693,1.3435585038562357],[103.87243135021511,1.3435533897533078],[103.87262314867304,1.3435427413852814],[103.87281817916318,1.3435266360155842],[103.8735363005073,1.3434672391517217],[103.87373227264193,1.3434491449963617],[103.87386812059744,1.3434491020359272],[103.8739796491496,1.3434571779530358],[103.87408646390953,1.34346858019586],[103.87419869525823,1.343483938936405],[103.87431239766097,1.3435058633313584],[103.87431405820598,1.343506184352652],[103.87441620070764,1.343532712151798],[103.87450120229214,1.343560415006446],[103.87465423800128,1.3436188994513505],[103.8746938836463,1.3436343055255775],[103.87493260757235,1.3437271932201247],[103.87572357376096,1.3440533213150336],[103.87601755603787,1.3441686216972282],[103.87607370208387,1.3441906419779717],[103.87638877947138,1.3442813730795289],[103.87656417370191,1.3443142119478049],[103.87700061623546,1.3443100983194474],[103.87724942845817,1.344252620579134],[103.8774492936842,1.344162301717673],[103.87858707620103,1.3434736273264087],[103.87943587325421,1.3429873492019102],[103.88073737260096,1.3423627765781698],[103.88124535000377,1.3421275225019589],[103.88140264149368,1.3420553845965046],[103.88146013083447,1.3420290176257315],[103.88146071399454,1.342028749922389],[103.88155331334364,1.3419862818586554],[103.88186078873323,1.3418452491909392],[103.8821462882124,1.3417142879261554],[103.88273515192571,1.3414367935939313],[103.88300853715324,1.3413169633910744],[103.88320696245587,1.3412281987010535],[103.8833965686534,1.3411527500346614],[103.88368759262663,1.341037356205024],[103.88395657052213,1.3409707812814802],[103.88439310697967,1.3408908878643429],[103.88479436968292,1.3408598145011692],[103.88506195706921,1.340860550404748],[103.88525244121669,1.3406641510147128],[103.8861756470523,1.339532937120397],[103.88642651864573,1.3391693338759585],[103.88659711017024,1.338926931626572],[103.88671752549976,1.3386542288414987],[103.88707877441166,1.33797752501934],[103.88733967438256,1.3374018218530581],[103.88755912504084,1.3368843036574187],[103.88772047286062,1.3365203640462795],[103.88776971608215,1.3364189394160542],[103.88807665029255,1.3357871844705167],[103.88810472891608,1.3357286488728146],[103.88812038276481,1.3356916962034568],[103.88817723164986,1.3355635383914743],[103.88836599919894,1.335137980179979],[103.88838961950867,1.3350543612362522],[103.88855486039542,1.3346435075977285],[103.8888719988695,1.3335601707632472],[103.88984823799713,1.3338190588053969],[103.89014946679526,1.3339083207027203],[103.89060689030444,1.3340524421566946],[103.89105519128898,1.3342168441027666],[103.89149668156762,1.3343939623892391],[103.89193325811252,1.3345885665901496],[103.89239595025727,1.3348155291293478],[103.89282396265727,1.3350418222875644],[103.89323702526495,1.3352815744792692],[103.89373801374907,1.335602116689859],[103.89390548073337,1.3357191815622351],[103.8941029888182,1.3358572368683581],[103.89440660698621,1.3360808830385087],[103.89471237053682,1.3363235334194206],[103.8948250780758,1.336418771870232],[103.89516281705227,1.3367041688621222],[103.8953772106743,1.3369016385353454],[103.89604900848545,1.3376500558124071],[103.89617530183187,1.3377962339550007],[103.89617617795152,1.3377972386807973],[103.89630334024415,1.3379444124982012],[103.89655767337474,1.3382899624850677],[103.89683744003074,1.3386611079915804],[103.89711720785832,1.3391090439084836],[103.89760044309288,1.3398129428821788],[103.89793972526303,1.3403567396917295],[103.89794379590596,1.340363263665056],[103.8981472644549,1.3406960162478951],[103.89845195950484,1.341238834465614],[103.8986751852181,1.3417219550526218],[103.89882979090423,1.3421443467141356],[103.89904907478666,1.3427615999012343],[103.89912635477901,1.3431072420706036],[103.8991607074508,1.343470166889087],[103.89916930247212,1.3438503738936378],[103.89915214345288,1.3442824296810743],[103.89909205408489,1.3446539973489862],[103.89903196449613,1.345051489510046],[103.89898512339094,1.34525177391546],[103.89888528761888,1.3456786472177702],[103.89857782488734,1.3466452314833621],[103.89836278872697,1.3474369336783862],[103.89815528788021,1.3473828763708906],[103.89811396628843,1.3473698899072997],[103.89810845536508,1.3473681572935623],[103.89797136250046,1.3473250716363],[103.89777256671245,1.3472625935305647],[103.89680932794774,1.3469598623589358],[103.89680239908476,1.3469576848322544],[103.89635350745054,1.3468166049327635],[103.89631363797724,1.3468046177218165],[103.89631361102019,1.3468046095832389],[103.89631272503316,1.3468043916545742],[103.89630648627556,1.3468025839933362],[103.89630526602048,1.34680224036677],[103.89630481134516,1.346802111958915],[103.89628506172694,1.346796688097567],[103.89628442643973,1.3467965180936656],[103.8962841955079,1.3467964566029254],[103.89626126317191,1.3467904983450223],[103.89626076896005,1.3467903753643604],[103.89623618866169,1.3467843773570176],[103.89623478150628,1.3467840491094627],[103.89620820640141,1.346778030353265],[103.89620588450613,1.3467775275872138],[103.89619139512642,1.346774455839066],[103.89587194391854,1.3469474110465294],[103.89583130344694,1.346969418887247],[103.89582971837406,1.3469690029207488],[103.89582536391636,1.346967854490938],[103.89577911547958,1.3469881821673468],[103.89574972116941,1.347001093624429],[103.89571557172496,1.3470160879537698],[103.89563643810159,1.3470508148524054],[103.89556399239416,1.3470826069157789],[103.89550104706915,1.347110229615502],[103.89544582119831,1.347134464368388],[103.89532409802318,1.3471878810297664],[103.89532523027768,1.3471905335001793],[103.895355460575,1.3472613561780298],[103.89536280405471,1.34727856241792],[103.8953688103957,1.347292633262322],[103.89501235675057,1.3474123159435003],[103.89445261146535,1.347599027030701],[103.89421768181455,1.3476789543056127],[103.89418991020361,1.347688402894105],[103.89401481796259,1.3477484660995012],[103.89383180982735,1.3478265073413358],[103.89381693878718,1.3478328482086397],[103.89372425397129,1.348089364312914],[103.89363793231917,1.348328267767544],[103.89362992488064,1.3483504294056048],[103.89353331707208,1.3486502791038046],[103.89351299045293,1.348713373464589],[103.8934971545041,1.3487625423174856],[103.89375692621586,1.3493862738404694],[103.89377726096052,1.349434011086774],[103.89390274618573,1.3497285936441126],[103.89399620121604,1.3499479845628894],[103.89408490438788,1.3501562166499148],[103.89421335152598,1.35045775367004],[103.8944407524382,1.350991587615713],[103.89466975838211,1.3515291872635828],[103.89492707983501,1.3521332605237344],[103.89509402213305,1.3525251614434106],[103.89516902518675,1.3527012373617289],[103.89530653156325,1.3530240410937304],[103.89538049494881,1.3531976788650155],[103.89551373025446,1.3535104505827866],[103.89557543472881,1.3536553045689976],[103.89568197304926,1.353905412686694],[103.8957112023918,1.353974021494976],[103.89571535670183,1.3539837577688139],[103.8957168052733,1.3539871364347194],[103.89572555152266,1.354007724051667],[103.89572558027844,1.3540077918782154],[103.895725714163,1.354007733995458],[103.89677233086493,1.3535565710867832],[103.89690203978672,1.3535006653218837],[103.89697246123444,1.3534703130126218],[103.8969918439352,1.3534619588918813],[103.89700148901,1.3534578012765004],[103.89720268561328,1.35356445933816],[103.89720617568341,1.3535663095740964],[103.89722652034821,1.3535770953823614],[103.89723607940236,1.3535821622795288],[103.89724428070785,1.353586510243416],[103.89724432024519,1.3535865310427342],[103.89724909011788,1.3535978399860908],[103.89731673640703,1.3537582334489202],[103.89731726299816,1.3537594814570404],[103.89738919481466,1.3539300371398377],[103.89743822980552,1.3540463017549584],[103.89751844511937,1.3542364954728732],[103.897570335938,1.3543595318846908],[103.89764869112935,1.3545453150640026],[103.89771143460044,1.3546940839502892],[103.89778569480039,1.3548701579830702],[103.89784210031736,1.3550038974120513],[103.89787402920908,1.355079602660509],[103.897994970992,1.3553663623293293],[103.89811280357544,1.355645748795548],[103.89814396596084,1.3557196353842278],[103.89816530731649,1.3557702375819851],[103.89829483282537,1.3560107586866965],[103.89849302540718,1.3562037445620168],[103.89874751989147,1.35631483874669],[103.8989367810257,1.3563160508653453],[103.89894122802347,1.3563160796836837],[103.89913472049935,1.3563173188022415],[103.89916503807952,1.3563175133151504],[103.8991748719086,1.3563151589870246],[103.89923271124864,1.3563013061671496],[103.89928891341366,1.3562878467890631],[103.89929735085457,1.356284816938977],[103.8993905400346,1.3562490648809218],[103.89946353409856,1.3562180558583872],[103.89959091765361,1.3561639406502186],[103.89966058352557,1.3561695005674423],[103.89966189281367,1.3561724152958048],[103.89975876666574,1.356388163975995],[103.89980419229785,1.3564718796756627],[103.89996578153043,1.3568450346875651],[103.89999424126285,1.356891879037511],[103.90003386810471,1.356929336685692],[103.90008135798207,1.3569555619168245],[103.90015138352898,1.3569693515189134],[103.90015224435713,1.3569694573055524],[103.90024430085496,1.356980843397888],[103.90025806871442,1.356982545931603],[103.90044665298697,1.3570058705459487],[103.90045125455441,1.3570064564451882],[103.90161939138338,1.3571546406233124],[103.90161961244054,1.357155003266881],[103.90170904264976,1.3573016948528303],[103.90176029781134,1.357273684344871],[103.9017604164201,1.3572736192272983],[103.90197152652654,1.357157928807916],[103.90197401281756,1.3571565676695057],[103.90197409458574,1.3571565233533556],[103.90197612005528,1.3571602121951676],[103.9024987050146,1.3581163918240469],[103.90312576583001,1.3592637326722388],[103.9032530103482,1.3594968847797626],[103.90365071691123,1.3602255216858845],[103.90417317797774,1.3611696131363638],[103.90460763733878,1.3619578083382715],[103.90488568087302,1.3624766443182328],[103.90520834030625,1.3630601960830748],[103.90555844949975,1.363709561122131],[103.90582989578235,1.3642154665717117],[103.9059722341342,1.3644804489254314],[103.90610892438372,1.364754156740341],[103.90621851373767,1.364993985198731],[103.90635148363815,1.365316090126147],[103.90647083442023,1.3656230410399406],[103.90661142295833,1.3660211321502682],[103.90679132785611,1.366549084125159],[103.90705239390508,1.367360354396867],[103.90852179977547,1.3719116236914124],[103.9086918434157,1.3724279176119711],[103.90889354949506,1.3730403353008416],[103.90925160725409,1.3740865937305178],[103.9094528205979,1.3746510366912206],[103.90953526150017,1.3748391968082028],[103.90985391916345,1.3755155283135791],[103.91001478010038,1.375810540033575],[103.91004529076459,1.3758561352418908],[103.91008338483972,1.3759130627823033],[103.91010702362865,1.3759430470906509],[103.91076639116021,1.3767793872561842],[103.91132145919946,1.3772300033804346],[103.91204782604608,1.3777397065838421],[103.91281044866982,1.3781911564752014],[103.91284496098493,1.3782163825316864],[103.91353517027942,1.378630914873832],[103.91410282718864,1.378996526940343],[103.91434396629536,1.3791525448786845],[103.9145796779327,1.3793050522385102],[103.91458723872816,1.379311016254721],[103.91487621543891,1.379473174925912],[103.91500161909887,1.3795435436277268],[103.91509504858443,1.379606445196215],[103.91529118232677,1.3797492988649778],[103.9153657190901,1.379805292645517],[103.91539763992654,1.3798292761562232],[103.91553203354975,1.3799434175067744],[103.9156663565879,1.3800688869055817],[103.91579671900035,1.3802283225095349],[103.91597550578359,1.3804465960945502],[103.91606437538076,1.380544513821047],[103.9162126743611,1.3807584285167998],[103.91633131131782,1.3809424939259223],[103.91653398857576,1.381315600843377],[103.91667734248179,1.381494690457854],[103.91681575245637,1.3816737811412267],[103.91749852126586,1.3823648993032098],[103.91749836581802,1.3823650548592148],[103.91704833773613,1.3828092470535855],[103.91696662525143,1.3828938061041678],[103.91632180048862,1.3835990648910104],[103.91606377761754,1.3838619443157116],[103.9143502558041,1.3858973475131755],[103.91432583081242,1.3859263603270122],[103.9147666133396,1.3865254911935612],[103.91493697365604,1.3867688611945461],[103.9151403107199,1.3871394386699316],[103.91537936278853,1.387670410928575],[103.91561566786872,1.3883009355523839],[103.9156788660878,1.3884696287291913],[103.91596188274825,1.3891720584879048],[103.91620643175887,1.3897528083948767],[103.91641276359248,1.390181594953647],[103.91648670254325,1.3903224993520389],[103.91665629097929,1.3905782056389404],[103.91674318743131,1.390693218553802],[103.91718188053946,1.3912678813826158],[103.91789618879746,1.3921593316847245],[103.91794751495486,1.39221799225034],[103.91846422333577,1.3927968228994874],[103.91888691003514,1.3932482320939585],[103.91900422945987,1.3933771049708823],[103.91921334514953,1.393610581248746],[103.91922876549336,1.3936310210973681],[103.9192912299549,1.393699631022628],[103.9192996266051,1.393708854313314],[103.91989997192242,1.3943172894652476],[103.92063639379444,1.3949981434698515],[103.92123368993727,1.3955321709725306],[103.9221410585488,1.3963161407134546],[103.92283199804544,1.3969195170787763],[103.92342085141547,1.397388242938522],[103.92378471713012,1.3976539044743022],[103.9240256854495,1.3978125077210743],[103.92423598323059,1.397941416474534],[103.92441410741486,1.3980478521405515],[103.92443694172137,1.398060672402242],[103.92457932024246,1.3981393563606432],[103.9249466383199,1.3983297872296006],[103.9270404140037,1.399304605409052],[103.92845928543389,1.3999008467953329],[103.92903499824203,1.400132586987122],[103.93009644241415,1.4005598455045292],[103.93017854795147,1.4005921206074503],[103.93005881329634,1.4012791654446928],[103.93012279907673,1.4012920418151449],[103.93011320358046,1.4013467787694427],[103.92985086475277,1.4013049321355093],[103.92981252076024,1.401596595235493],[103.92981199345734,1.401600607010521],[103.92986260911849,1.4016100726854814],[103.92986295507605,1.4016101667248508],[103.92987732893876,1.4016140774975674],[103.92988290829074,1.401615595691182],[103.9298997110452,1.4016201674521551],[103.92990729245807,1.401622229989019],[103.929980014536,1.4016420225665585],[103.93019715997661,1.4017011208794292],[103.930332503886,1.4017575709906998],[103.93039404247227,1.4017832378568473],[103.93057614469637,1.4018986902445731],[103.93075371947283,1.4020476313580037],[103.9308995655948,1.4022020632686636],[103.9309051464755,1.4021970528651388],[103.93090580966579,1.4021979544869578],[103.93091175950727,1.4022060446663087],[103.93094145389878,1.4022464223116937],[103.93100922060013,1.4023595109295002],[103.93108115762851,1.4025160178234124],[103.9311114034804,1.4026147051330762],[103.93114782303188,1.4027456833573377],[103.93117380281487,1.4029835387003207],[103.9311584703492,1.4032222395513387],[103.93110217667407,1.4034547146836818],[103.93100667641185,1.4036738331215872],[103.93087484923227,1.4038729512915837],[103.9308054943212,1.4039461379454512],[103.93070974561208,1.4040471782666288],[103.93064907217624,1.4041055230560864],[103.93062775146272,1.404104103195215],[103.93060946609235,1.404122805277451],[103.93038076146084,1.404356716502682],[103.93026933838243,1.4044706771884754],[103.9302687974574,1.404471197219607],[103.93016080429011,1.4045641466985546],[103.93005061865117,1.4046589827649492],[103.92996675873526,1.4047311607319661],[103.92996601114663,1.404731934897567],[103.92967960497805,1.4050134432636963],[103.92956616565942,1.4051333637537269],[103.92895453050056,1.4057799432764788],[103.92895313236487,1.4057813921232067],[103.92886177701712,1.405846694493601],[103.92880591465126,1.4058866262167542],[103.92847424568554,1.406123712205742],[103.9281231055259,1.4063451634193695],[103.92798798985545,1.406450453945727],[103.92787073505376,1.406594111327348],[103.92779319057277,1.406629818729142],[103.92774878881282,1.4066502645620205],[103.92770579703837,1.4066958027861496],[103.92694772897812,1.4075517305927914],[103.9268648294422,1.4076463203392264],[103.92673686303932,1.4077583869021637],[103.9259892763025,1.4084104380791158],[103.92587726805024,1.4085069552512435],[103.92580122947221,1.4085875569102921],[103.92561633828389,1.4087835451320592],[103.92556763796478,1.4088351690059164],[103.92547127445343,1.4089884207382153],[103.92532354478021,1.4092233619842405],[103.9252573915503,1.4093285682339147],[103.92515503327893,1.4094520965005233],[103.92500940032446,1.4096278489087286],[103.92491868892769,1.4097373210978932],[103.92483979513959,1.409809328682446],[103.92453442479949,1.4100880499876631],[103.924449196192,1.4101658403058974],[103.92435543898941,1.4102635712529203],[103.92396678001921,1.4106686840900766],[103.92366507747914,1.4110404206756273],[103.9235012403263,1.411204312992837],[103.92303692146355,1.4115253681138598],[103.9226671463977,1.4117101121165896],[103.92172399153142,1.4124018629960862],[103.92154479339747,1.4125809029492071],[103.92133592658568,1.4127108054634714],[103.92077931433855,1.4128652556174894],[103.92052362665571,1.412947101990538],[103.92026737442247,1.4130713946306974],[103.91999725021522,1.4132555366936548],[103.91974820553368,1.4132841890129957],[103.91953053722204,1.4133496196700317],[103.91927972431847,1.4134818486920189],[103.91910933376789,1.4136342356632807],[103.91890212692242,1.4139009806817773],[103.91875532500646,1.4139770557057196],[103.91861447942509,1.4141411277277438],[103.91867360103618,1.4143388934370233],[103.91877298954866,1.4144722642985035],[103.91880501451375,1.4146509851230185],[103.9187827392041,1.4148159923913413],[103.9186824303624,1.4150224612593976],[103.9185374066738,1.415197061122988],[103.91835665182461,1.4153540986643283],[103.91781180991694,1.4156744368195018],[103.9174443186778,1.4159539418247071],[103.91729660265116,1.4161029970802117],[103.91691862138352,1.4165889187145122],[103.91662832825294,1.4169392459839838],[103.9163231419137,1.4172156719293458],[103.91630185147075,1.417234956428438],[103.91628261492923,1.417246680378906],[103.9162593761661,1.4172608453490851],[103.91621539203551,1.4172840130951436],[103.91616673878373,1.417305489849701],[103.9161234570981,1.417321658703775],[103.91607589358145,1.4173361003777276],[103.91602752302245,1.417347435592916],[103.91597859163531,1.4173556941844168],[103.91592421740354,1.4173611277402611],[103.91586963636247,1.4173627792563044],[103.91581505428894,1.4173606523425533],[103.915764615486,1.4173552406327758],[103.91576075513436,1.4173546746398067],[103.91570698152131,1.4173449528542041],[103.91565405065019,1.4173314507999297],[103.9156021736955,1.4173143457245911],[103.91555159596939,1.417293567079172],[103.91550252775023,1.4172693626517125],[103.91545528534213,1.4172417649880749],[103.91541007902227,1.4172109893192426],[103.91536704987021,1.417177070910463],[103.91532651150168,1.4171402548330565],[103.91528857354939,1.4171006839726086],[103.9152476160272,1.417052068684576],[103.91521227638911,1.4170010177463588],[103.9151810081636,1.4169474579597772],[103.91515268814373,1.4168921689258647],[103.91512721210682,1.4168355368114056],[103.91510454411173,1.4167776330624522],[103.9150847902015,1.416718741645336],[103.91506805461208,1.4166588607477186],[103.91505426726208,1.4165982390719545],[103.9150434991434,1.4165369806173769],[103.91503578530694,1.4164752644466367],[103.91503119495107,1.416413301273916],[103.91503049644436,1.4163789463569045],[103.91498813048185,1.4163710184044647],[103.9148516254902,1.416353030033516],[103.91458472776922,1.416319010092902],[103.91438007711868,1.4162890693217791],[103.91410751722647,1.416249695695133],[103.91407132831526,1.416454092051406],[103.91404279117054,1.416615272247454],[103.91404235543676,1.4166176127542331],[103.91402414715266,1.4167153867920088],[103.91402132970642,1.4167305132666912],[103.9140004351436,1.416842706562473],[103.91399605354717,1.4168662328156725],[103.91399416331349,1.4168776233341833],[103.91398767237284,1.4169167309318094],[103.91398274851845,1.4169543969198515],[103.91397285790241,1.4170102597702452],[103.91397080599158,1.417023638988694],[103.91397017622731,1.41702784520317],[103.91396880979305,1.4170370154920882],[103.91396601607288,1.4170563649728958],[103.91396333592574,1.4170757307186976],[103.91396076944508,1.4170951120542787],[103.91395653758205,1.4171350832393685],[103.91394985846861,1.4172155564080915],[103.91394496934844,1.4172962411350336],[103.91394201039645,1.4173769972390031],[103.91394080638585,1.4174577532814412],[103.91394146335138,1.4175385454331861],[103.91394394534603,1.417619266076249],[103.91394828741618,1.4176999522882903],[103.91395445541323,1.417780533530155],[103.9139624475365,1.4178609021826958],[103.91397230062952,1.4179410944191018],[103.91398057495852,1.4180228413107439],[103.91398358268,1.4181050116287948],[103.91398129142712,1.4181871097835264],[103.91397366345376,1.4182689956000143],[103.9139608065703,1.4183501029431966],[103.91394275401791,1.418430256365441],[103.91391954262589,1.4185091022594216],[103.91389138175006,1.418586215567061],[103.91385823723392,1.4186613159368888],[103.91382028339454,1.4187341537583928],[103.91377780237355,1.4188043066839686],[103.91376015497652,1.4188295598297733],[103.91376009387555,1.4188296475551256],[103.91373082830845,1.418871526012382],[103.91367967839211,1.4189355657455287],[103.91362703216569,1.4189853395568544],[103.91357686944946,1.419037646835964],[103.91352931046583,1.4190923622206684],[103.91351209125601,1.419113573954126],[103.91349526372565,1.419135101726663],[103.91347883360021,1.4191569382136051],[103.9134745897576,1.4191624405061665],[103.91346790997976,1.4191719338376303],[103.91345360168606,1.419192189733116],[103.9134396322337,1.4192126837936587],[103.9134260055357,1.4192334102786273],[103.91305264941649,1.4199184049946287],[103.9130218928543,1.4199803630678622],[103.91299591056281,1.4200444064363267],[103.91297487686252,1.4201103578389476],[103.91295896695925,1.4201776529472363],[103.91289936223966,1.4204800749111615],[103.91289328599039,1.4205065684363378],[103.91288570099482,1.4205326035017019],[103.91287653626317,1.420558143030846],[103.91286586278027,1.4205830821151617],[103.91267303895205,1.4209997948481443],[103.91266425769,1.4210187714008784],[103.9126425256328,1.4210543778282698],[103.9126132119764,1.421084013008293],[103.91257793232823,1.4211060517445584],[103.91255516773731,1.4211137332854666],[103.91252466664054,1.4211204859687676],[103.91249416186818,1.4211272218130435],[103.91246365342943,1.4211339408162678],[103.91246010582671,1.4211347204994922],[103.91241021923504,1.4211456659155535],[103.91238761629604,1.421150609942387],[103.9122950592802,1.4211707546727157],[103.91220246926433,1.421190745201482],[103.91210984650206,1.4212105814739284],[103.91206259633678,1.4212206378032606],[103.91206062754243,1.4212210565908692],[103.91201139869638,1.421231489202059],[103.91196413145414,1.421241462328603],[103.91196216176105,1.4212418774987134],[103.91191291493926,1.4212522223852377],[103.91188834050352,1.4212574612971158],[103.91170473492316,1.421296602979767],[103.91161064793339,1.4213166613453068],[103.91135467409022,1.421371231187996],[103.91124691695542,1.4213942038613563],[103.91124361017116,1.421394908472428],[103.91124348796392,1.421394934703111],[103.91119791364748,1.4214046509176512],[103.91117820143907,1.421408853257067],[103.91112913433106,1.4214193138795304],[103.91097059612552,1.4214423669405691],[103.91096487214061,1.4214431991482113],[103.91088585778515,1.4214546881348302],[103.91084336550846,1.4214608672744],[103.9108428829635,1.421460789515472],[103.91081988924739,1.4214692252861694],[103.91081642792437,1.421470495128767],[103.91080798039118,1.4214735937618064],[103.91080422163876,1.421474972137995],[103.91079846265139,1.4214770849244978],[103.91079202254174,1.4214794473381775],[103.91072115617467,1.4215054447407611],[103.91071525790754,1.421507609080451],[103.91071223865953,1.4215079555533094],[103.9107090594457,1.421507792875144],[103.91070529435076,1.4215076012771248],[103.91070015980362,1.4215073391849515],[103.91069995312775,1.421507328339547],[103.91068313330747,1.4215064715703558],[103.910674105996,1.4215039215707816],[103.9106699841288,1.4215027568900607],[103.91065450476997,1.4214948767919608],[103.91059009972851,1.421453959245564],[103.91051272271592,1.4214418895065217],[103.91051271462703,1.4214418415755485],[103.91050298914632,1.4214403189551859],[103.91042019091661,1.4214273540758247],[103.91041684542465,1.4214260084959465],[103.91034334225122,1.4214145400224045],[103.91034331169901,1.4214145345972604],[103.91026491208878,1.421402302098667],[103.91026477460393,1.4214022803985482],[103.91018376188377,1.421389641021363],[103.91018371515686,1.4213896328836568],[103.91010821710724,1.421377853368361],[103.91010795651506,1.421377812680742],[103.91004164658702,1.4213674662713018],[103.91002849836343,1.421365414710895],[103.90996358664786,1.421355287108299],[103.90995645540801,1.4213541740754458],[103.9098846910172,1.4213429768378436],[103.90987741959678,1.4213418421046884],[103.90981469595798,1.4213320553697253],[103.90979827056347,1.4213294929520481],[103.90974059342747,1.4213204937471267],[103.90973387104795,1.4213194449097295],[103.90966390384631,1.4213085279578304],[103.90965740701385,1.421307514382872],[103.90964284799871,1.4213052422025432],[103.9096363907044,1.4213042349567409],[103.90959212148648,1.4212973433725984],[103.909587321199,1.4212965956238026],[103.90953483164633,1.4212884237335],[103.90952900696215,1.4212875177550661],[103.90947560264142,1.421279203004376],[103.90947118156056,1.4212785149307339],[103.90941848533204,1.421270311391859],[103.90941330853391,1.421269504871589],[103.90939782935943,1.421267095256988],[103.90936121346489,1.4212613953652204],[103.90934305108982,1.421258567119012],[103.90933672858485,1.4212575833813226],[103.90928205275529,1.421249071517016],[103.90927881961532,1.4212485678937494],[103.9092269321222,1.4212404900301174],[103.90922373402739,1.4212399918317995],[103.9091912381854,1.421234932994486],[103.90918271322738,1.4212336020537422],[103.9091826700949,1.4212335957246198],[103.90913386567642,1.4212259771734106],[103.90912370707521,1.4212243912560119],[103.90908650529823,1.4212185846642833],[103.90907932643361,1.4212174643953204],[103.90903264000092,1.4212101767689314],[103.909025846633,1.421209116175049],[103.90898082888896,1.421202088949128],[103.9089800758675,1.4212019714067399],[103.90892393892614,1.4211932090733186],[103.90891708714972,1.4211921394373999],[103.90886722059506,1.4211843554169632],[103.90886332968465,1.421183747812998],[103.90885075386691,1.4211817848544785],[103.90881306954627,1.4211759023076285],[103.90880611533026,1.4211748173005607],[103.90875988897893,1.4211676010980838],[103.9087556880538,1.4211669455728728],[103.9087047117369,1.421158987947602],[103.9087026881041,1.4211586723913217],[103.90866492560646,1.421152778087831],[103.90864210222757,1.4211492156461007],[103.90847491349814,1.4211231175883139],[103.9084613887661,1.421121006343153],[103.90829650313539,1.4210952690376644],[103.90829452353375,1.421094959810111],[103.90827255921131,1.4210915329910638],[103.9081276034907,1.421068916883983],[103.90809266527509,1.4210634665212076],[103.90802566344496,1.4210530124558511],[103.9080186659101,1.4210516850783956],[103.90801168842147,1.421050254802311],[103.90800473247282,1.4210487219337982],[103.90798063982642,1.4210425732771366],[103.9079568899614,1.4210351964915882],[103.9079335446417,1.4210266107612408],[103.907917216578,1.421019779716559],[103.90790114551025,1.4210123569827036],[103.90788535259861,1.4210043523329008],[103.90788324058082,1.4210031595507682],[103.90788113482918,1.4210019555992597],[103.90787903540203,1.4210007405117175],[103.90786541588406,1.4209924978251856],[103.90785208259742,1.4209837940278078],[103.90783905094885,1.4209746391769127],[103.90781380840055,1.4209548998076336],[103.90778996456785,1.4209334711862418],[103.90776763083717,1.4209104534164783],[103.90775324302466,1.4208946953554378],[103.90774466030054,1.420885294778931],[103.90772814635234,1.420867208051567],[103.90768871758347,1.4208240241807675],[103.90765338472778,1.4207853258177356],[103.90760776267025,1.4207353594223455],[103.90760098887003,1.420727939341972],[103.90755130774684,1.4206735272274462],[103.90752566651625,1.4206454692855135],[103.90750909416164,1.4206273337226325],[103.90743106517198,1.42054194989207],[103.90742132053487,1.4205312868607292],[103.90734849905512,1.4204516003467087],[103.9073340905805,1.4204358341440735],[103.90726901071837,1.4203646203559568],[103.90725571653368,1.4203500731984047],[103.90719176264714,1.4202800902098063],[103.9071698399146,1.420256100873549],[103.9071058375078,1.4201860654307144],[103.9070999380682,1.4201796102760644],[103.90703413392286,1.4201072877544172],[103.90696223993791,1.4200315406025776],[103.906956212895,1.420024942562211],[103.90661495165466,1.4201190615036055],[103.90646258468065,1.4201610830716376],[103.9064459726115,1.4201655547719003],[103.90644189125456,1.4201666057717932],[103.90643922516588,1.4201673718522374],[103.90634421548688,1.420192947551158],[103.90622546074407,1.420223185992007],[103.90610628451225,1.4202519060144714],[103.9059867586776,1.4202790714416684],[103.9058675185397,1.420304588199708],[103.90582167637908,1.4203124512760013],[103.90576387143109,1.420324349092771],[103.90573246146084,1.420330813566681],[103.9056957264647,1.4203376489968416],[103.9056538785128,1.4203449602824587],[103.90556054159305,1.420357791611216],[103.90546678492593,1.4203672306831403],[103.90537281877945,1.4203732078555844],[103.90527860811234,1.4203758289401134],[103.90518439823649,1.4203749881185042],[103.90515090599216,1.4203736434736256],[103.9051079794462,1.4203717311830335],[103.90499620021963,1.4203662876940737],[103.90495866519629,1.4203640351918898],[103.90486937495534,1.4203586778141262],[103.90472750265543,1.4203456539725086],[103.90465692631444,1.4203366532296937],[103.9045678434852,1.4203259573777436],[103.90441632096251,1.4203037626687811],[103.90426420344936,1.4202773997580582],[103.90417842271353,1.4202593558377923],[103.90409348564746,1.4202378165244836],[103.904009497381,1.4202126036554024],[103.90392666908929,1.4201839288451434],[103.90384510500684,1.420151722454647],[103.90376498126062,1.4201160902891137],[103.90350516950821,1.419993958561729],[103.90338654690962,1.4199375064035906],[103.9032684508545,1.419879889403143],[103.90315088224366,1.419821176292056],[103.9030339453157,1.4197614394162774],[103.90291746394311,1.4197005386049666],[103.90280161694722,1.4196385398712499],[103.9026863665896,1.4195755182785283],[103.90257167692263,1.419511330938584],[103.90245755064637,1.4194461198364354],[103.90234405515405,1.4193798487955849],[103.9022311931415,1.4193125178160724],[103.90211896281066,1.4192440925322098],[103.90200739920759,1.4191746073088662],[103.90189643314214,1.4191040974183367],[103.9017861688517,1.4190325990321355],[103.90167650209598,1.4189599701684474],[103.90156757216144,1.4188863880783857],[103.90145934579729,1.4188117460481842],[103.90135178526602,1.4187361507939398],[103.9012449633492,1.4186594603285296],[103.90113880816503,1.4185818519093751],[103.90103342574389,1.41850321881859],[103.90092874509841,1.4184235972328822],[103.90082476712625,1.418342951882159],[103.9006180054094,1.418181057920171],[103.90060192292296,1.4181652718249913],[103.90055760283491,1.4181366373614657],[103.90054136399961,1.4181210158644997],[103.90010801198541,1.4177816815310191],[103.89994259064004,1.4176456239623905],[103.89980436895205,1.4175195036437134],[103.89975783886487,1.4174770632171305],[103.89958267206579,1.4172984348072575],[103.89941765277302,1.4171102370229505],[103.89926323659124,1.4169132105268722],[103.89911998514886,1.4167077803558967],[103.89910040939824,1.4166751569124316],[103.8990744974724,1.4166341854717992],[103.89895067469439,1.4164384006728257],[103.89879259822654,1.4161621728164593],[103.89864589593819,1.41587965839484],[103.89851095423201,1.415591319528969],[103.89813592429877,1.4147456092865602],[103.89813063758204,1.4147336917347713],[103.89813071036677,1.4147336627930969],[103.8981306231984,1.414733466548694],[103.89807569230527,1.4147556783514479],[103.89795678722533,1.414803258434768],[103.89792604063793,1.414816191692393],[103.89789509994377,1.4148287035217215],[103.89777716629828,1.414878813977581],[103.8976590969486,1.4149284785802825],[103.8976285696279,1.4149419544459687],[103.89759785988194,1.4149550034568585],[103.89748132717054,1.4150069497167033],[103.89746287042149,1.415015176319407],[103.8974149053552,1.4149062118149498],[103.89714858434722,1.415018424470147],[103.89711035889982,1.4150345304309404],[103.89711450960023,1.4150391959267556],[103.89711703657937,1.415044786631233],[103.8971232408004,1.4150585834272176],[103.89714403448002,1.4151053004549772],[103.89711253759654,1.4151194392392465],[103.89707214839758,1.4151372942981226],[103.89706401479036,1.4151190987318798],[103.89704942803807,1.415086524870649],[103.89704859230126,1.4150846573833809],[103.89704111435438,1.415088089649063],[103.89698360190371,1.4151140618408506],[103.89691062496284,1.4151471147187091],[103.89682799551773,1.4151845522139017],[103.89675207573848,1.4152190268272098],[103.89667170440946,1.4152554405155335],[103.89667423678058,1.4152610773429133],[103.89669384334162,1.4153049094883983],[103.89667175274674,1.4153148137789389],[103.89663643511504,1.4153307885195896],[103.89661763733336,1.415288809391955],[103.89661215561928,1.4152765147222643],[103.8966106360162,1.4152731053140264],[103.89660772441718,1.4152665713685135],[103.89660691114652,1.415264748194273],[103.8966005208769,1.4152493470612544],[103.89648494593253,1.4152980438683587],[103.89648159604029,1.4152995307335436],[103.896512549538,1.4153279395566511],[103.8966497636017,1.4154539145147378],[103.8968279025456,1.4156977919986788],[103.89692360112801,1.4158607230824933],[103.8969854372413,1.4159863519170506],[103.89705338891213,1.4161362889633409],[103.89718900330413,1.4164496172698848],[103.89748430454692,1.417111805616892],[103.89760911647524,1.4174012427209548],[103.89764324908444,1.417489924541671],[103.89769855940081,1.4176359044222724],[103.89773294822939,1.4177612554544876],[103.89777721382204,1.4179328164629261],[103.89779813148643,1.4180422745894443],[103.89782458590764,1.4182691116867485],[103.89782776418484,1.418300520136357],[103.89783430112145,1.4183873288854005],[103.89783080527572,1.4186672095398105],[103.89781891335477,1.4187969073321807],[103.8977948314252,1.4189678344862158],[103.89777309455587,1.419097160860901],[103.89769041195144,1.419393902873859],[103.89759452640736,1.419627135434035],[103.89754969690378,1.4197316250178602],[103.89747390374855,1.419865954029272],[103.89736836392305,1.420041034479514],[103.89734091764227,1.4200815859918765],[103.8971340411532,1.4203522441795249],[103.89709484129072,1.4203916972141992],[103.89686573686845,1.4206156284474072],[103.89659190277786,1.4208192968228],[103.89657884115005,1.4208290118536189],[103.8965632571718,1.4208383407907033],[103.8965508280887,1.4208457813301567],[103.89654493433822,1.4208493094138241],[103.8965129585626,1.4208684520484354],[103.89649295449551,1.4208804272738143],[103.89629271702513,1.4210002970911932],[103.89572456051862,1.4213315691416593],[103.89537162077139,1.4215373557380635],[103.89506659480965,1.421715205209793],[103.8949700590317,1.4217714917630975],[103.89501830557681,1.4218532639057972],[103.89477708390838,1.4219972821047624],[103.89470203934145,1.422040727920714],[103.8946404284603,1.4220755665492026],[103.89441602716924,1.422209074655636],[103.89430077222758,1.4222766047259447],[103.8941758611348,1.4223480156701023],[103.89407108268297,1.4224096309149799],[103.89396240260825,1.4224735406283133],[103.8938180876485,1.4225566373458407],[103.89355907939621,1.4227105414874088],[103.8935590578304,1.4227105550534198],[103.89319325365184,1.4229238614490596],[103.89288260319312,1.423106979611238],[103.89265545110375,1.4232401611490708],[103.8924587176058,1.4233553622322574],[103.89231575850552,1.4234383819533227],[103.8921277977569,1.4235475334967618],[103.89193681604341,1.4236611978760267],[103.89161110875436,1.4238504107630146],[103.89125800919201,1.4240561967577725],[103.89090802768986,1.424262584927954],[103.89090799623968,1.4242626039203774],[103.89073262894335,1.4243653177787032],[103.89055210290232,1.4244712838438525],[103.8904253037127,1.424545998278746],[103.89027128739922,1.4246329023939408],[103.8901323618607,1.424713816525959],[103.8900172594512,1.4247824361439245],[103.88996508414378,1.424691241427885],[103.88867966961298,1.4254360613666996],[103.88838104706771,1.4249792836394184],[103.88842976651016,1.424888529596101],[103.88837019596268,1.424801719373335],[103.88832599365065,1.4247373044360678],[103.88817847745304,1.424588025604494],[103.88811931999099,1.4244892081309128],[103.887993763954,1.4242794783943054],[103.88791044344664,1.4241441559557173],[103.88784644267174,1.4240481900471773],[103.88778163583821,1.423951017734862],[103.887710689605,1.4238438143666505],[103.88762860314749,1.4237192827516003],[103.88752833665743,1.4235665055790507],[103.8874137990624,1.423387731001576],[103.88727416924027,1.423169791739176],[103.88720281675154,1.423211434833278],[103.88690804717987,1.423383471571269],[103.88654621306657,1.4235946488737155],[103.88655106652578,1.42360217216078],[103.88677587077805,1.4239663342042561],[103.88701440864692,1.4242693998172158],[103.88735862536954,1.4247663937072095],[103.88760127065166,1.4250990490217217],[103.88773931825997,1.4253574947313286],[103.88784941357751,1.4253549870247673],[103.88812373616732,1.425765272079785],[103.8869069076186,1.4264885836550776]],[[103.8690090369112,1.424540418953193],[103.86899310134888,1.4245436731019454],[103.86827094374058,1.4246911506819815],[103.86790361772637,1.4246933032167002],[103.8677911680527,1.4246939614797303],[103.8676669407333,1.424707271962034],[103.86755396903108,1.4247115802331567],[103.86749388746038,1.4247132415420738],[103.86736150797812,1.4247169007600506],[103.8673808261382,1.4247338952755748],[103.86746381838772,1.4248069069390443],[103.8676390477284,1.4249610603475544],[103.8677105145133,1.4250239315441082],[103.86784011731943,1.4251379463427178],[103.86834041372637,1.4255780681354382],[103.86846514526516,1.4256877971915987],[103.86883048241586,1.4260091924568652],[103.86933851707676,1.4264561219481708],[103.8693583897044,1.4264736038893073],[103.86936514151606,1.426460325915542],[103.86937559183892,1.4264411224927167],[103.86960757595365,1.426159626589458],[103.86985806329844,1.4259028014090023],[103.86992245635318,1.425902058801852],[103.87009658272163,1.4257324245173484],[103.87022660836908,1.425699015230644],[103.87027503991467,1.4255965681330658],[103.87043140283279,1.4254800482930754],[103.87059794713129,1.4254416363579827],[103.8699647973157,1.4244947949949471],[103.86975881061527,1.4245519233168602],[103.8697400768722,1.4245571182797572],[103.86960379535881,1.4245949147050028],[103.86930378663948,1.4245537844550475],[103.8692337853552,1.4245441875417448],[103.86919059808282,1.4245382664449753],[103.86910451018986,1.4245264640364987],[103.86909242231859,1.4245248065266491],[103.86909007339683,1.424524484609845],[103.86908827261674,1.4245242377466736],[103.8690090369112,1.424540418953193]]]]},"properties":{"OBJECTID":3,"REGION_N":"NORTH-EAST REGION","REGION_C":"NER","INC_CRC":"C47E144B70E52625","FMEL_UPD_D":"20191223152214","SHAPE.AREA":136052865.515288,"SHAPE.LEN":106584.189152789,"fill":"#2CA25F","fill-opacity":0.65,"stroke":"#000000","stroke-width":1.5,"stroke-opacity":1.0}},{"type":"Feature","geometry":{"type":"MultiPolygon","coordinates":[[[[104.08412838138288,1.3224486462870042],[104.08415109730163,1.3224647433214394],[104.08418490600035,1.3224922748081271],[104.08421058147476,1.3225237772439682],[104.08422815759721,1.3225565393667638],[104.08424630684637,1.322578909477177],[104.08426202172839,1.3226170744111558],[104.08428031908585,1.3226647637586455],[104.08430281847765,1.32269894160089],[104.08433089624795,1.3227173622820048],[104.08436114464216,1.3227421385550944],[104.08439097049344,1.3227646503635093],[104.084389430402,1.3228184298530024],[104.0843774982779,1.3228775108304698],[104.08435749707756,1.3229351375207934],[104.08433164288664,1.3229940508010538],[104.0842911625065,1.3230740352540729],[104.08426974291405,1.3230999987794563],[104.08422744388022,1.3231442468888648],[104.08418780660978,1.3231912394471823],[104.08414129929383,1.3232494512392967],[104.08409431130686,1.3232723950075138],[104.08404659498822,1.323281315001722],[104.08398357383918,1.3232552406898699],[104.08395291448757,1.3232272937825968],[104.08393571723953,1.3232004135507143],[104.0839106576541,1.3231549034811527],[104.0838871499316,1.3230922321951073],[104.08385990813534,1.3230412708887567],[104.0838225273612,1.3229743641035585],[104.08379597917063,1.3229405900102544],[104.08376740491248,1.3229262317401604],[104.08372924179136,1.3229248691340898],[104.08367314702132,1.3229205773303987],[104.08362162516904,1.3229095593659406],[104.08356415140334,1.3229079644891255],[104.08352381945737,1.3229002462861674],[104.08347686248204,1.3228829525292276],[104.08344550080828,1.3228762471979174],[104.08339675923169,1.3228580293684677],[104.0833373206896,1.3228329006297002],[104.08329762602743,1.3228093669806624],[104.08327776078121,1.3227801944702207],[104.08326234369814,1.3227546922896567],[104.08324297139252,1.3227219086353341],[104.08322334317107,1.3226728465989235],[104.08321122693302,1.3226342734261995],[104.08321063046226,1.3226089497102265],[104.08322099026229,1.3225688377594105],[104.08324165745888,1.3225306591817123],[104.08326384889291,1.3224775802802557],[104.08329088519886,1.3224326961617596],[104.0833201919022,1.3223855789581278],[104.08336338504273,1.3223417938030357],[104.08339968760487,1.322310583511488],[104.08345512083841,1.322294975942332],[104.08349456137191,1.3223022312084955],[104.08352084204219,1.322320631282944],[104.08355529960532,1.3223314438854155],[104.08358431868056,1.322346259718564],[104.0836287582236,1.3223486020136266],[104.0836646045763,1.3223558151367685],[104.08371291380703,1.3223726710463033],[104.08373703010228,1.322384263346059],[104.08377598304425,1.3223946775721187],[104.08380945028375,1.3224131646357622],[104.08385423038419,1.322424553164439],[104.08389676501982,1.3224359147896378],[104.08398257493994,1.3224342339173791],[104.08406478802735,1.3224329621766673],[104.08409891303161,1.3224338250806467],[104.08412838138288,1.3224486462870042]]],[[[104.07166334463406,1.2919491006456847],[104.07162283498106,1.2919669944593382],[104.07154860133755,1.2919924138961165],[104.07151305827777,1.2920049055153],[104.07147613394463,1.2920246239811402],[104.07142348353888,1.2920451723206994],[104.07137175721958,1.2920603007606148],[104.071306606678,1.292064513971503],[104.0712473256752,1.292062426876631],[104.07121188217019,1.2920536697100775],[104.0711648035956,1.2920358149030426],[104.07111818130915,1.2920161549554203],[104.07107606402454,1.2919938023117157],[104.07103170832244,1.2919696321202594],[104.07097569906124,1.2919404338952718],[104.0709289454996,1.2919488026936436],[104.07088811078778,1.2919400207073626],[104.07085943711475,1.2919245136817137],[104.07083491343026,1.291885968673904],[104.07081887377888,1.2918578627655368],[104.07079969019661,1.2918301930527492],[104.07077821092528,1.2918129119050596],[104.07075585957195,1.2917902010793936],[104.0707237018974,1.291751168434857],[104.07069514452667,1.2917107960985097],[104.070663887144,1.2916713157114839],[104.07063355474976,1.2916264136163558],[104.07060415787521,1.291573379454055],[104.07057561459158,1.2915298409601712],[104.07054610758239,1.2915003155690583],[104.07052956494864,1.291483960016377],[104.0705193816592,1.2914527181489688],[104.07050473476158,1.291415123592174],[104.07048698442838,1.291368925273361],[104.07048448975169,1.2913264152989836],[104.07048276408105,1.2913114872387628],[104.070474755689,1.2912947221147753],[104.07047435402079,1.291284773320307],[104.07047724610139,1.2912427412450354],[104.07048092041424,1.2912255780115574],[104.07048280823093,1.2912061468182214],[104.07049003965582,1.2911966865643714],[104.07050772840752,1.2911601497823597],[104.07053087004819,1.2911105264415168],[104.07055947335316,1.2910455574570125],[104.07058019152879,1.2910334479792012],[104.07061261175647,1.2910164213173003],[104.07066120641906,1.2909985665535102],[104.07070797319201,1.2909874837863125],[104.07074986501357,1.2909623640461148],[104.07080653586917,1.2909463552181397],[104.0708677460953,1.2909204206436746],[104.07092800928953,1.2909044295627272],[104.0709783410905,1.2908992410550495],[104.07102419875244,1.2908904156432475],[104.07107951037312,1.2908771136782273],[104.07112311728922,1.290869181076939],[104.0711819639786,1.2908681029711941],[104.07123043351947,1.2908769195069396],[104.07127261246347,1.2908861616818623],[104.07131928583456,1.2908949711500526],[104.07137129310077,1.290915562078107],[104.07141345090102,1.2909293233244654],[104.07146046251204,1.290961645135917],[104.07150791632931,1.2909953252487902],[104.07155491561545,1.2910303583214928],[104.07158758598872,1.2910558300733752],[104.07162468115273,1.2910953388367334],[104.071677913772,1.2911421568989143],[104.07171099639264,1.2911753174529648],[104.07173241313009,1.2912061603359837],[104.07175024189365,1.2912356316477935],[104.07177248753074,1.291280948685682],[104.07179656105427,1.2913194901080924],[104.07181257781245,1.2913525699745876],[104.07183436095931,1.291400595604308],[104.07184632549637,1.2914354646711341],[104.07184260890622,1.291461669670035],[104.07183875398556,1.2915172608578307],[104.07183318836617,1.2915547587370229],[104.07182936516062,1.291603569053169],[104.07183225892294,1.2916569312680235],[104.07182543889168,1.2916745306989996],[104.07181361173487,1.2917061228140807],[104.07180220653845,1.291743594114061],[104.07180795007167,1.2917639660214266],[104.07181415344404,1.2917820797059558],[104.07179917790553,1.2918145611013125],[104.07177745017331,1.2918501749225237],[104.07175258728438,1.291883965856023],[104.07172324494626,1.2919150224367772],[104.07166334463406,1.2919491006456847]]],[[[103.9320801548159,1.305547651292052],[103.93215927358908,1.3055715043662603],[103.93219086665141,1.3055995664173774],[103.93231747389393,1.3055629048427053],[103.93231897714372,1.305562468879988],[103.93232529384802,1.3055606400069277],[103.93243603295045,1.3055285732212465],[103.93244869193859,1.3054897664855303],[103.9325267362517,1.3054040740519295],[103.93254619709211,1.3053618042383524],[103.93257952147684,1.3053166209196132],[103.93262374651839,1.305281692648361],[103.93266988766888,1.3052572431589622],[103.93266991911746,1.3052572295922673],[103.93271621358595,1.3052472028834277],[103.93272467152288,1.305245369402458],[103.93272473801476,1.3052453567387308],[103.9327756190685,1.3052457544432612],[103.93283455179738,1.305264151370811],[103.93291723268405,1.305295193968352],[103.93309203836023,1.3053847406762997],[103.93354156284455,1.3051834511950626],[103.933626292778,1.305087458667992],[103.93361808519278,1.3050125514834774],[103.93351699479167,1.304933078275001],[103.93350241891315,1.304873139463205],[103.93350263995566,1.3048731484979832],[103.9335026255765,1.304873087001836],[103.93355538465701,1.304875393726905],[103.93369860412604,1.3049742683589123],[103.93370480309045,1.3050170752458203],[103.93368150482287,1.3050426796126846],[103.93420379817088,1.3054123460507538],[103.93432163454722,1.305530393265545],[103.93457290989349,1.305681995089355],[103.93459961171942,1.3056980998138985],[103.93488215447418,1.3057995488674243],[103.93502575021245,1.3057786070149118],[103.93505964424942,1.3057338269891259],[103.934971263028,1.305682257458792],[103.93497128099796,1.305682233944604],[103.93497116867708,1.3056821670262997],[103.93499660423281,1.3056480181363819],[103.93499671655373,1.3056480859590638],[103.93500010119241,1.3056435413956031],[103.93527476483989,1.3057953845619803],[103.93528992464759,1.305828712444757],[103.93534144029644,1.305856702195064],[103.9355620149509,1.3060041514245846],[103.93557060616207,1.3060094895295737],[103.93567178937242,1.3060705905014294],[103.93571225906362,1.3060950292611895],[103.93571234622468,1.3060950817107002],[103.93571376686025,1.3060959407975952],[103.93583334915007,1.306168150206799],[103.93583855274105,1.3061709272929218],[103.93589772056345,1.3062025034213784],[103.93589823903562,1.306202781039618],[103.93609771692493,1.3063092344860614],[103.93617458717506,1.3063450088375814],[103.9361761668484,1.306345742211151],[103.93624309450283,1.306376888438561],[103.93635685330034,1.3064259635430513],[103.93645964190247,1.3064566009365166],[103.9365613280406,1.3064664371113177],[103.93666472645567,1.3064676600552094],[103.93673547863146,1.3064402558232031],[103.9367688302601,1.3064037281134815],[103.93674520535305,1.3062415451039804],[103.93675612224628,1.306208861867438],[103.93678265636515,1.3062104054208863],[103.93681510139302,1.3062186744787905],[103.93687194875487,1.3062398197532743],[103.93693933780588,1.3062816699861035],[103.93702164396369,1.3063319672548492],[103.93717076087958,1.30641099969451],[103.93732677479166,1.3065057957931725],[103.93749133661555,1.3066014135906394],[103.93771553620576,1.3067276488139556],[103.93787235937151,1.3068133894520828],[103.93795396688073,1.3068512969398884],[103.93795471897816,1.306851646896949],[103.938018217745,1.3068811445633222],[103.93818301231931,1.3069545882190416],[103.93835235015598,1.3070329658776092],[103.93850358497932,1.3070893456514614],[103.93856247480116,1.3071113002035877],[103.93864293360981,1.307140152326722],[103.93869778675926,1.307152370671424],[103.93873914812278,1.307161763449756],[103.93877288337265,1.307167469460816],[103.93879051966161,1.3071585426506862],[103.93880418214361,1.3071391579522267],[103.938805747175,1.3071119709192445],[103.93880595006694,1.307086133253753],[103.93880927288191,1.3070644021697193],[103.93881934381703,1.3070436276167516],[103.93884644445498,1.3070338683920992],[103.93888772180776,1.3070541397566944],[103.93894110913453,1.3070808532915923],[103.93900875988354,1.3071267179208779],[103.93910098064897,1.307198163228744],[103.93918172305314,1.3072400517172345],[103.9392489593907,1.3072813809754],[103.9393333281997,1.3073201239294325],[103.93942726773714,1.3073448895403295],[103.93951358471688,1.307365062211287],[103.93959414329814,1.307372952967981],[103.93966834047639,1.307388043628455],[103.93972013983957,1.3073875449249068],[103.93975708082085,1.3073864780096685],[103.93977731088478,1.3073911707915862],[103.93978421541172,1.3073721852007876],[103.93976916604308,1.3073385209234254],[103.93976214203131,1.3073153469165333],[103.93976811493745,1.3073004337129044],[103.93978801458503,1.307289710734126],[103.93981450506888,1.307300347627876],[103.93985710256912,1.3073247084493451],[103.93991705927836,1.3073750472651362],[103.93999855726312,1.3074355266870343],[103.9400724630885,1.307487786673914],[103.94012900968612,1.3075136182922589],[103.94016761730175,1.3075297893657896],[103.94023087449509,1.307561566882091],[103.94054432098,1.3077604934294218],[103.94078197752988,1.307888931709621],[103.94081160231283,1.3079033315118889],[103.94081454780826,1.307904762991824],[103.94097163940522,1.3079811215449366],[103.94106558814755,1.3080312553806037],[103.94117206531706,1.3080812222678284],[103.94124216922891,1.3081076365866742],[103.94126528356564,1.3081107276038793],[103.94114272877388,1.3084202511876712],[103.94122138521783,1.3084503621728802],[103.94127512142272,1.308313355163402],[103.94127896768055,1.3083035480831136],[103.94133757436845,1.3081541266691419],[103.94138794364981,1.30820478600496],[103.941422296554,1.308239336613589],[103.94152643910967,1.3083264611530636],[103.94165272632051,1.308391994864779],[103.94182957110455,1.3084774106014538],[103.94190241934898,1.3085074340938816],[103.94197150456681,1.30851852852386],[103.9420431846662,1.308526813886883],[103.94212841224612,1.308537327007293],[103.94224735803968,1.3085746783397758],[103.9424290085682,1.3086459667651986],[103.94258710255508,1.308711318161116],[103.94266371567292,1.3087194260342658],[103.94271861825986,1.308710219017971],[103.94285391001507,1.3086759639427887],[103.94291855965852,1.3086374533215213],[103.94295503260298,1.3085764334366656],[103.94300861247203,1.3085039418575968],[103.94306672889802,1.3085095490642342],[103.94317571845487,1.3086214438199786],[103.94322021170241,1.3086610131693406],[103.94334604356985,1.3087922071858882],[103.94346194219489,1.3088450476184075],[103.94363353859524,1.3089497227664426],[103.9438275830576,1.3090671592773557],[103.94398305725394,1.3091601977698446],[103.94407820508904,1.309197498517989],[103.9442280818785,1.3092206218407496],[103.9443022033706,1.309208914274271],[103.94435104985287,1.3091815026635703],[103.94437458661004,1.3091662658108072],[103.94437839353411,1.309140892832012],[103.94437949942628,1.3091154991732397],[103.9443653936132,1.3090853121639199],[103.94452709894733,1.309130729299224],[103.94482690933407,1.3092425657108977],[103.9454051879278,1.3094466454504694],[103.94612073169957,1.309659823057386],[103.9461312223492,1.3096624407131112],[103.94624512789231,1.3096908651062176],[103.94698452421432,1.309875374874169],[103.94728026830536,1.3099353332830388],[103.94729985320262,1.309939146085276],[103.94732380687266,1.3099438087885147],[103.94756281971961,1.3099903381606885],[103.94771400146757,1.3100378401179804],[103.9480124822472,1.310150175393053],[103.94823018019072,1.31022514879752],[103.94833533651683,1.3102709146528864],[103.94857275797932,1.3103742497432085],[103.94874149404836,1.3104080605761734],[103.94879452584131,1.310398374199227],[103.94891174947844,1.3103811994300472],[103.94901024474684,1.310365013090102],[103.94904142480199,1.3103558793847205],[103.94908276459114,1.3103242310928953],[103.94901201727725,1.3102800652985702],[103.94902729113882,1.3102292122643704],[103.94927727570462,1.3103434569350771],[103.94973284840468,1.3104705031774517],[103.94985765053578,1.310515051678239],[103.9498735362081,1.3105207221939175],[103.95049003890895,1.3107680120671148],[103.95054992189002,1.3107920336456218],[103.95059085685871,1.3108084522328807],[103.95092568144662,1.3107878079179613],[103.9510467477183,1.310780343914198],[103.95105530186049,1.310779817170408],[103.95105202837176,1.3107780556265076],[103.95124553281967,1.310694179476966],[103.95116065131273,1.310611406265378],[103.95115888450246,1.3105672354609756],[103.95120633847733,1.3105078310478218],[103.95135734620949,1.310617646997113],[103.95191509867739,1.31069775245404],[103.95220793706581,1.3108156077007462],[103.95223396393502,1.3108253184090783],[103.95223612677547,1.310826124997318],[103.95225879481738,1.3108345824190544],[103.95241467119294,1.310892739055671],[103.95285035644805,1.3110552909364817],[103.9530877494302,1.3111029466727597],[103.9532908104419,1.311087791527808],[103.95336161281628,1.311041004524851],[103.95337587160674,1.3109980004849078],[103.95330659985402,1.3109586947955871],[103.95331063051354,1.3108973987041417],[103.95337752243934,1.3108701705424397],[103.95368017433762,1.3110717899220297],[103.95432053639306,1.3113525065066645],[103.95442809409772,1.3114050257535521],[103.954822164289,1.311568757678511],[103.95504051267116,1.311617169293332],[103.95531871495261,1.311625835736022],[103.95564896607452,1.311570801709375],[103.955776519875,1.311489724748211],[103.95582081082169,1.3113925044877914],[103.9557329411393,1.3113396216857034],[103.95568290816233,1.3112453570021567],[103.95574590328056,1.3112040181996856],[103.95591719638897,1.311378732627171],[103.95608772769475,1.311445695887759],[103.95622505598838,1.3115329112645107],[103.95623509127256,1.3115392856208004],[103.95637581439193,1.3116286550121865],[103.95641913021834,1.3116566021955411],[103.956444949884,1.311673263798753],[103.95675577825028,1.311843807562312],[103.95686445698735,1.3119427801306536],[103.9568763380607,1.3119526244316249],[103.95694441701384,1.3119999951783852],[103.95742188430222,1.3122915957696402],[103.95759867717742,1.3123848212929947],[103.9577967789786,1.3125116509440153],[103.9579523142986,1.3125554821250882],[103.95819554191189,1.3125521762282955],[103.95832796158439,1.3125130558915492],[103.95827009010625,1.3123392321799399],[103.95829363141273,1.312272191505016],[103.95837569537925,1.3123013069479408],[103.95843989220553,1.3124122147402517],[103.95872719173693,1.3125891378879446],[103.95885595707814,1.3126775581468022],[103.95891540314182,1.3127129437533451],[103.95919273603104,1.3129074599079635],[103.95928930633522,1.3129756602260296],[103.96034683598376,1.3136428522525079],[103.96043353850153,1.3136934080085592],[103.960597069031,1.3137693407570337],[103.96066147255829,1.3138072600860642],[103.96085485967075,1.3138581060790584],[103.96103454082167,1.3138652946642762],[103.96108625335638,1.313834173796608],[103.9612084789872,1.3137238832182048],[103.96114940973196,1.3135896634991684],[103.96117023245569,1.3135500070386408],[103.96122162279306,1.313579567096422],[103.96134230771565,1.3137580512743854],[103.96152890268634,1.3139494336763518],[103.96163782438323,1.3140148577662831],[103.96175100122504,1.3140551955216175],[103.96181512386696,1.314099726626343],[103.96181895451186,1.3141023852535634],[103.96209403132569,1.314293414844734],[103.96236537530058,1.3144433675508629],[103.9626306467404,1.3145723782207033],[103.96273977591227,1.3146001364569329],[103.96280579979157,1.3145900086760087],[103.96278340168413,1.3145375857663821],[103.96280002622609,1.314512551244143],[103.96283304754556,1.3145064450750994],[103.96308184481371,1.3146311834411362],[103.96310642262435,1.31466269737548],[103.96315686994512,1.3146829126614419],[103.9631573147356,1.3146830917019159],[103.9636278950496,1.3144229416760143],[103.96415534720042,1.314131350225672],[103.9641717240554,1.3141299078089559],[103.96420292986063,1.3141326536166564],[103.96423318887847,1.3141408120824165],[103.96426236454089,1.3141545966429546],[103.96435180156001,1.3142077765675988],[103.96438497648107,1.3142181360953327],[103.96441688767588,1.3142214290021634],[103.96442122272937,1.3142130055425614],[103.96443918964103,1.3141871787188575],[103.9644613385774,1.314164883208983],[103.96448699835875,1.3141467982243855],[103.96451538727729,1.314133472754203],[103.96452400150193,1.3141305620610126],[103.96455553821818,1.3141207941853925],[103.96457718126159,1.3141155423135664],[103.96459717831465,1.3141131456004116],[103.96463599275023,1.3141107026736971],[103.9646472021138,1.3141103493794302],[103.96467840881732,1.314113096085439],[103.9647086669373,1.3141212545453196],[103.96473705814529,1.3141345770124284],[103.96474688857784,1.3141407216338972],[103.96483570414503,1.3142003080755758],[103.96500491555085,1.3142956686311045],[103.96536186229346,1.3144585081330913],[103.96537512790748,1.314465238595766],[103.96570517963245,1.3146502915160374],[103.96596458969763,1.3147564805408687],[103.96606338512431,1.3147752371568846],[103.96610661257863,1.3147774098351306],[103.96616161682904,1.3147536800428967],[103.9661976717857,1.3147333995976123],[103.96619809544777,1.3147248397862237],[103.96620052023613,1.3147004236843098],[103.96620235795602,1.314687013702446],[103.96621046394286,1.3146565597739173],[103.96622370073672,1.3146279848353388],[103.96624166763104,1.3146021570958928],[103.96626381655314,1.3145798624756209],[103.96628687061671,1.314563320454954],[103.96631243168741,1.3145478979002185],[103.9663421243504,1.314533800014479],[103.9663723816152,1.3145256383319361],[103.9664035880327,1.3145228892061838],[103.9664347938425,1.3145256349850696],[103.96643883195654,1.314526399858926],[103.9664873504574,1.3145361634637978],[103.96651357137073,1.314543557026708],[103.96652184447285,1.31454682313908],[103.96656793831157,1.3145663530802574],[103.96659000184697,1.314577557847985],[103.9670823974181,1.3148719980250976],[103.96725748354159,1.314948512996691],[103.96749715542386,1.3150572740184632],[103.96769647301093,1.3151225762673784],[103.96771810062484,1.31513125878147],[103.9678091096881,1.3151748703329085],[103.96824240598933,1.3153147697176157],[103.96848459526703,1.31536589007195],[103.96850021360599,1.3153617689467276],[103.96853512050333,1.3153470458366505],[103.96852884647204,1.315323483926978],[103.9685261140946,1.3152920755781121],[103.96852611278071,1.3152676596085793],[103.96852884177767,1.3152362509619702],[103.96853694773662,1.3152057970287019],[103.96855018450503,1.3151772220802855],[103.96856815137713,1.3151513952305114],[103.96859030028075,1.315129099686838],[103.96861596003721,1.3151110146617209],[103.96863144877345,1.315102993933299],[103.96865813229178,1.315090784492882],[103.96867344795693,1.3150846137907015],[103.9686892613217,1.3150798826662882],[103.9687054391245,1.3150766309895257],[103.9687218450326,1.315074886162777],[103.96873834079096,1.3150746628899566],[103.9687547873874,1.3150759630526163],[103.968793602222,1.315080844488826],[103.96880759868068,1.31508317250209],[103.96882136908053,1.3150866044265965],[103.9688348276107,1.3150911188761625],[103.96884789040381,1.315096687718804],[103.9688604760585,1.3151032762520447],[103.96887780419296,1.3151132422804246],[103.96890381185007,1.3151315243485953],[103.9689106123864,1.3151375678291204],[103.96894091923959,1.3151659025514413],[103.96905976189733,1.315229056702896],[103.96916583269987,1.3152774279396873],[103.96917594323423,1.3152787839291238],[103.96918339854898,1.315279944721738],[103.96921365669243,1.3152881031236516],[103.96924204793292,1.3153014264396308],[103.96926770874406,1.3153195086584397],[103.9692898609538,1.3153418017793996],[103.96929941948665,1.3153543393319367],[103.96931640246557,1.3153787543695443],[103.96932991696424,1.315401589676579],[103.96934447502731,1.3154308884024095],[103.96935088895755,1.3154452983081137],[103.96935592013263,1.3154602541298437],[103.9693595234536,1.3154756218050672],[103.96936166662064,1.315491263579442],[103.96944021137959,1.3155573138789871],[103.96976010864716,1.3157026254811588],[103.97013002464307,1.3158336001391604],[103.97048844770349,1.3158889083026768],[103.9705719341472,1.3158824402063023],[103.97074136395543,1.3158255871424698],[103.97084615545914,1.3157460137483086],[103.97086930077496,1.315722623852577],[103.97087660063124,1.3156907654850278],[103.97088283449521,1.3156695750315566],[103.97089607213606,1.3156410000732037],[103.97091403808649,1.3156151723044203],[103.97093618697085,1.3155928776459962],[103.97094387550918,1.3155867356964885],[103.97097298546139,1.3155647598912517],[103.97098518684179,1.3155563159417494],[103.97099803749622,1.315548911653529],[103.97101145017922,1.3155425972956492],[103.97102533382966,1.3155374157374349],[103.9710395941889,1.3155334021574283],[103.97105413444076,1.3155305838045548],[103.97106885586884,1.3155289798131253],[103.97110524512868,1.3155265369183238],[103.9711171984897,1.3155261356217547],[103.97114840520965,1.3155288813394324],[103.97117866336008,1.315537039716365],[103.97120705461158,1.3155503630084249],[103.97123091825935,1.3155669467771296],[103.97133546094805,1.3156529222785462],[103.97149871200101,1.3157375813699272],[103.97150322194653,1.3157400020957755],[103.9716334309226,1.3158123139547768],[103.97163906140408,1.315815576578896],[103.97179856617346,1.3159118858489358],[103.97192990469046,1.3159688198554136],[103.97223049255311,1.316037042570435],[103.97245821447746,1.3160729818061434],[103.97255958058287,1.3160729761142842],[103.9725953266506,1.3160572942777473],[103.97263945825247,1.3160305398655086],[103.97266930273828,1.316016349652617],[103.97269955999187,1.3160081878932615],[103.97273076641245,1.316005438686723],[103.97276197313805,1.3160081843832554],[103.97279063814004,1.3160157685590559],[103.97300992952998,1.3160937402496693],[103.97317603351999,1.3160811023727463],[103.97353823392315,1.3160361061813879],[103.97369612494974,1.3160033792383201],[103.9737086128507,1.3160012496630769],[103.97385416664743,1.3159817081019352],[103.97387791697876,1.3159801205045445],[103.97390914886336,1.3159828707069259],[103.97397523233357,1.3159946137156193],[103.97400359002852,1.3160020975102609],[103.97426073620422,1.316093085227632],[103.97459476489429,1.31618466903158],[103.974722114742,1.3162083243991727],[103.97486897100072,1.3161970901722315],[103.97492702241934,1.3161780636035514],[103.9749293310868,1.3161514770402678],[103.97493743786627,1.3161210230942002],[103.974950674562,1.316092448119052],[103.9749686404704,1.3160666212294714],[103.97499079021696,1.3160443256339314],[103.97501644903048,1.3160262405466767],[103.97504112967283,1.3160143205502302],[103.97509993833509,1.3159912830897342],[103.97510364746157,1.315989876594832],[103.97513390470378,1.3159817148066497],[103.97516511111809,1.315978965569787],[103.97519631784273,1.315981711235419],[103.97522444191208,1.3159891036885545],[103.97548251181531,1.3160799320539236],[103.9754854168796,1.3160809700947635],[103.9755035257819,1.3160891897056504],[103.97567325453647,1.3161725784079248],[103.97580078086746,1.3162026537738671],[103.97593097522427,1.316221037389137],[103.97593601881873,1.3162218229894065],[103.97598055847538,1.3162293935524225],[103.97598332599063,1.3162291727288342],[103.97669741049563,1.3161722733900203],[103.9766721760593,1.316021609975754],[103.97668755559624,1.315643690742542],[103.97669619110867,1.3154314998239225],[103.9768967996446,1.315567429176128],[103.97699053054836,1.3155638940231447],[103.97708920704729,1.3155601713770217],[103.97733966334208,1.3156472640695813],[103.9774245544332,1.3156767838376213],[103.97748058375173,1.3156989700021162],[103.97780803876162,1.3158543962651374],[103.97802349021356,1.3159230564116564],[103.97849721960198,1.316073639315026],[103.97851129203022,1.3160783203716626],[103.97859741949722,1.3161069682191366],[103.97859839803888,1.3161073669853185],[103.97860723811843,1.3161102341983326],[103.97874286394747,1.3161553466618887],[103.97867601755787,1.3162670862869656],[103.97862951681209,1.3163448161939546],[103.97874462841288,1.316476219535478],[103.97894025039022,1.3164762080476156],[103.97910710338472,1.3165506000773233],[103.97924920794419,1.3165677058539835],[103.97930464307835,1.3165851377784306],[103.97964560953332,1.3165979161935453],[103.98018430818838,1.3166181049455952],[103.98020674755868,1.316616946032477],[103.98067728603982,1.3165926477391638],[103.981063157286,1.3165727215697278],[103.98107079761562,1.3165723268124705],[103.98158933544426,1.3165455493431377],[103.98161739431308,1.3165440997810516],[103.98186788111487,1.3165054739620095],[103.98224577596051,1.3164258439442234],[103.98254756614325,1.3163557305305562],[103.98255394843986,1.316354246993209],[103.98255747878751,1.3163534645078334],[103.98274226640736,1.3163144573014545],[103.98274408594425,1.3163140827860482],[103.98275568877645,1.316312153987556],[103.98276739139315,1.3163109929859786],[103.98277914527307,1.3163106052104163],[103.98282087203292,1.3163106026936902],[103.9828326259589,1.3163109890513915],[103.98284432871372,1.3163121486412823],[103.98285166362602,1.3163132750332667],[103.9829202154463,1.316325269965727],[103.9829244835958,1.3163260709724498],[103.9829359366454,1.3163287571393236],[103.98294697370811,1.3163321261242549],[103.982979554598,1.3163547024482474],[103.98347179675663,1.3166957788624858],[103.98381962729655,1.3166803591943825],[103.98419315712398,1.3166637984176344],[103.98425347391048,1.3166184364916382],[103.98430327068421,1.316561241634876],[103.98456293555694,1.3160366237705674],[103.98514721664854,1.313755035914982],[103.98518895778201,1.313592041191956],[103.98520579583369,1.3134016259419037],[103.98519245592175,1.3131917253549856],[103.9851527309526,1.3130241315072537],[103.98508576251558,1.31287895030494],[103.98499427241171,1.3127280450836953],[103.9849002049507,1.3126162997734123],[103.98474172066534,1.312488803501338],[103.98457880957866,1.3123965585951887],[103.98393756799841,1.3121959739614582],[103.98388969147032,1.3121627687045017],[103.98386640643811,1.3121008737996045],[103.98391172454532,1.3120245628342018],[103.98398491031037,1.3120108573227998],[103.98587830747783,1.312583709138964],[103.98781555458635,1.3131739204208865],[103.98786987453391,1.3131905301610391],[103.98785211209743,1.3132495308993892],[103.98792960508264,1.3132730042036924],[103.98794724892022,1.3132141825359336],[103.98947033281527,1.313679860479894],[103.99071057835258,1.3140497509532059],[103.99127367659756,1.3142176885348342],[103.99304257592031,1.313408436171589],[103.99443176759198,1.3128977604444927],[103.99625306846855,1.3121107046941503],[103.99718716880803,1.3116709592651141],[103.99760481516822,1.3114877922832873],[103.99784911187692,1.3113806509620252],[103.99799197738788,1.3113179937118338],[103.99815215197056,1.3112477459104113],[103.99823693638855,1.311212394248121],[103.99824789654443,1.3112078237856846],[103.99825001885041,1.3112069391799852],[103.99832059765299,1.311177511116688],[103.9992346078044,1.310796415046493],[104.00058806526503,1.3104540790326622],[104.00095446993596,1.3104081110469203],[104.00216745280864,1.310413935452674],[104.00312768612227,1.3105986219939734],[104.00347173509262,1.3107015961410482],[104.00451582901589,1.3111269991057204],[104.00512558467618,1.3114489628190051],[104.00520613451239,1.311498255760847],[104.00526346519443,1.3115101776020495],[104.00535392798962,1.311523004224245],[104.00544502745561,1.311530003099153],[104.00553638799799,1.3115311453132696],[104.00562149879285,1.311526927811627],[104.00564198276989,1.3115246790564963],[104.00567149615785,1.3115214375919608],[104.00570620579255,1.3115176269241522],[104.00579020439206,1.3115032752290336],[104.00593880861834,1.3114793545310017],[104.00608646990621,1.3114501723200576],[104.00623300136004,1.3114157656882819],[104.00637821878024,1.3113761771537085],[104.0065219397649,1.3113314573736143],[104.00687861925213,1.3111791300592337],[104.00697466098495,1.311138114224384],[104.00840603181895,1.3105268181596779],[104.01010603290656,1.3097681449194976],[104.0102527581557,1.3097065547926352],[104.01040205729164,1.3096515843931604],[104.01055363380354,1.309603344977885],[104.01070719028068,1.3095619279078603],[104.0108624239208,1.3095274182139995],[104.011019026529,1.3094998819361259],[104.01117668990975,1.3094793733574475],[104.01133510317104,1.309465935004736],[104.01149395272408,1.3094595922221774],[104.01165292587771,1.309460356788587],[104.0118117081429,1.3094682287262878],[104.0119699859279,1.3094831908747677],[104.01212744743735,1.309505215221162],[104.01228378177314,1.3095342565697194],[104.01243867983358,1.3095702597767642],[104.01259183610978,1.3096131516111822],[104.01274294778776,1.3096628488937816],[104.0127948311181,1.3096825195136859],[104.01284453002974,1.3097013628001817],[104.01289171654508,1.3097192530710104],[104.01295651703624,1.3097471886087018],[104.01297128416216,1.3097535551442379],[104.01303785124672,1.309782252927835],[104.01318105895943,1.3098517227796678],[104.0133210602274,1.30992752789738],[104.01345757828902,1.3100095154645586],[104.01359034177358,1.310097528142634],[104.01371909098972,1.3101913868875905],[104.01384356984003,1.3102909108465046],[104.0139635339067,1.3103959001741048],[104.0140787459598,1.3105061505027953],[104.01418897775363,1.3106214429946272],[104.01429401272277,1.3107415488628877],[104.01439364418522,1.3108662329896252],[104.01448767354474,1.3109952475952638],[104.01457591568268,1.3111283385687647],[104.01465819805938,1.3112652436589336],[104.01473435622124,1.3114056924747242],[104.01480424098936,1.3115494073891012],[104.01486771306818,1.3116961044437854],[104.01492464933555,1.3118454951574865],[104.0149749347555,1.3119972829090396],[104.01501847226274,1.3121511701716113],[104.01505517467534,1.3123068503739912],[104.01508497098517,1.3124640196568222],[104.01510780006743,1.3126223651163955],[104.01512361876819,1.312781574751963],[104.01517368949031,1.313430947782217],[104.0152460084553,1.3143688389905868],[104.01528516699337,1.3148766858708354],[104.01533171675622,1.3154803808092368],[104.01533914662674,1.3155767416414679],[104.01535021003903,1.3157202184636096],[104.01733509478572,1.3157725320603635],[104.01943634848122,1.3158276587346032],[104.02205452743354,1.3158963277983098],[104.02277675209277,1.315915454178991],[104.02271893606598,1.3181295482160753],[104.02266464223756,1.320209208889302],[104.02501008797424,1.3202715382885724],[104.02681346675611,1.320319074650839],[104.02809570055196,1.3203529931902],[104.02895238154598,1.3203756547697667],[104.02901326327084,1.318026395639972],[104.02906343909822,1.3160813497955202],[104.03084908707737,1.3161286870028013],[104.03269498063598,1.3161765245090136],[104.03277481669936,1.3162935783373002],[104.03351765911535,1.3173827104907647],[104.03355339572069,1.317434562649112],[104.03343278422139,1.3175170418127264],[104.03273515529163,1.3179941122873626],[104.03265886298841,1.3206202680040395],[104.03260847331204,1.322558557895471],[104.032553865872,1.324439005298846],[104.03254994993407,1.3245957283392782],[104.03240129556431,1.3245915839257312],[104.02974089455674,1.3245174221312084],[104.02859251629269,1.3244937577359297],[104.02856555889544,1.324493201883327],[104.02853866619377,1.3244926478339987],[104.0276827119808,1.3244750081719785],[104.02562337745283,1.3244114757778247],[104.02388019802532,1.3243477092058906],[104.02363037994695,1.3243480812196082],[104.02210639020925,1.324350350866757],[104.02210530925164,1.3243503057316104],[104.02138913033646,1.324320290554781],[104.02138848887554,1.3243216561869484],[104.02075786592927,1.3256633219498957],[104.02075782198372,1.3256644306983003],[104.02072892122123,1.3263956593052422],[104.0207276620535,1.3264275100471028],[104.02069305111092,1.3273032205037911],[104.02115857995493,1.328957801497624],[104.02188599048533,1.330588839769553],[104.02276368797453,1.3330840811167324],[104.02397018911051,1.3355034294828703],[104.02474629586823,1.3370101944358206],[104.02562351863186,1.33967914326922],[104.02668254066484,1.3421362941299049],[104.02669296482607,1.3421594892127082],[104.02670384283707,1.3421836935243237],[104.02738994529363,1.3437103655015488],[104.02781566509456,1.344657647737953],[104.02820649028051,1.3456558209421812],[104.02885007833817,1.3471994921316428],[104.0297504848175,1.349313946501259],[104.0302468641014,1.3505645876827101],[104.03025320830834,1.35058057442495],[104.03069517659793,1.3516941244625638],[104.0314438065944,1.353408755785581],[104.0315901414472,1.3537965681472839],[104.03191640008686,1.354469492857509],[104.03222622341735,1.3551319102004729],[104.0322816934557,1.3552550702572563],[104.03233822195334,1.3553776152602413],[104.03237908120249,1.355509051405048],[104.03244376918089,1.355627290980344],[104.03252247416198,1.355738981834076],[104.0325706034048,1.35586709746944],[104.0325780983997,1.3560003016788504],[104.03257459507184,1.3560351867089184],[104.03257311993929,1.3560498772369558],[104.03256454926438,1.3561352051126947],[104.03254083832552,1.3562702369028141],[104.03251203319526,1.3564021671638453],[104.03248643500642,1.3565338891567136],[104.03243088721747,1.356658360671356],[104.03234675554712,1.3567635084019627],[104.03228180743096,1.356882120447234],[104.0321959938563,1.3569348724716999],[104.03183358137666,1.3571576586883787],[104.03153666879899,1.3573401792073314],[104.03142886492373,1.3574064495713511],[104.03142796567323,1.3574090107900063],[104.03142793423054,1.3574090958023461],[104.03142611235013,1.3574140111433832],[104.03140397398754,1.3574737422591538],[104.03140247550203,1.3574775913343395],[104.03139981092696,1.3574844122291423],[104.03138941944363,1.357511015708398],[104.0313891670007,1.3575116614415077],[104.03137885816759,1.357538054198303],[104.03135448505219,1.3575974029542455],[104.0313526316892,1.3576019158581338],[104.03134398198263,1.3576219915308865],[104.03133700148486,1.3576381783226108],[104.03133227055801,1.3576491485865152],[104.03133050881317,1.3576532319123518],[104.03146549834727,1.357837134836292],[104.03159430511958,1.3580126141562163],[104.03187117162737,1.3583898021050038],[104.03199640103227,1.3584631081248728],[104.03211312043835,1.3585286373550378],[104.03223202288609,1.3585884598931213],[104.03235981200204,1.3586470246289242],[104.03243831280865,1.3586780331081494],[104.03248804077012,1.3586976761803378],[104.03262273912398,1.3587476398743195],[104.03275756120877,1.358772335763025],[104.03289583266508,1.3587835835408373],[104.03296709770463,1.3587858249475309],[104.03303002407858,1.3587878056860165],[104.03316654181172,1.3587804409845272],[104.03330202489225,1.3587571967248564],[104.03343895492497,1.3587372713342094],[104.03355264664417,1.3586987633004588],[104.03366832212211,1.3586352947930855],[104.03379633557505,1.3585808507518575],[104.03436769972316,1.3582218955402467],[104.03440325481431,1.3581995585195523],[104.03469506624114,1.3583336694672634],[104.0347313047685,1.3583503238123675],[104.03556103361322,1.3577974928574499],[104.0366840644773,1.357049239332611],[104.03692705554096,1.356971534356822],[104.03710091250359,1.3569608174461025],[104.03716255788575,1.3569570175311807],[104.03721778512146,1.3569671398557488],[104.03739045413924,1.3569987886088408],[104.03785685507866,1.3569328031438395],[104.03905777384968,1.3560059864051273],[104.03909843186489,1.3559740491238375],[104.04046792284238,1.3548983030279567],[104.04095728394282,1.3545139049263515],[104.04103330302374,1.3544413398859947],[104.04110913504832,1.3543669950826638],[104.04117720567166,1.354317891590851],[104.04125939917706,1.354239955932158],[104.04134307491262,1.3541574893077735],[104.04141578906938,1.3540848901783733],[104.04147974233781,1.3540130152910856],[104.04154945522521,1.3539395301469261],[104.04161384848561,1.3538642096136675],[104.04177468161298,1.3536554788324018],[104.04186072724585,1.3535465595076943],[104.04192993512201,1.3534520751981511],[104.04199689611053,1.3533518936240778],[104.04206326394804,1.353250572608741],[104.04212451799617,1.3531376943352464],[104.04218319408689,1.3530354515387235],[104.04224042258178,1.352922537438141],[104.04230127165589,1.3528025509407349],[104.0423520487694,1.3526928478702036],[104.04240316734723,1.3525833346848857],[104.04244202093297,1.3524776479983451],[104.04248232070873,1.352366290859315],[104.04252684937371,1.3522162087284593],[104.04254960227992,1.352148858284074],[104.04256553146949,1.3521017045622559],[104.04259505727234,1.3519873549309704],[104.04261684694607,1.3518783145541755],[104.04264110572008,1.3517467102222678],[104.04265933578365,1.3516222598878795],[104.0426650314753,1.3515771897908995],[104.04267496907929,1.3514985603961815],[104.04268715187403,1.3513743999809984],[104.04269570447705,1.3512500137910601],[104.04269422494768,1.3511811560741742],[104.0426898251203,1.3511124523513627],[104.04268314297478,1.3510439477852134],[104.04268252294304,1.3510121379380902],[104.04268210507671,1.3509907082986676],[104.04267507134489,1.3509612602872627],[104.04266415445447,1.3509155576752898],[104.04264952871004,1.3508429118360281],[104.04263254494069,1.3507782923813276],[104.04263186630902,1.3507757104970246],[104.04261096835732,1.3506997914234515],[104.04259495697383,1.350668374496874],[104.04254662984724,1.3505735485695567],[104.04250904716133,1.3505147956612835],[104.04247827592877,1.3504605820413824],[104.04244181673896,1.3504052927267824],[104.04240703827772,1.3503549772369765],[104.04236227671164,1.350303061895904],[104.04231899829269,1.3502573051059816],[104.04227638490721,1.3502127148798235],[104.04221581695423,1.3501517392309792],[104.0421577288126,1.350088312554523],[104.04209326061441,1.35002131421172],[104.04204089602436,1.3499548031747686],[104.04198076622903,1.3498686320549174],[104.04193329875865,1.3498018583278246],[104.04190829813452,1.349758809407815],[104.04190801414975,1.3497583310267278],[104.0418799077261,1.3497107307384029],[104.04187869717555,1.3497084491465823],[104.04185628087151,1.3496662021686447],[104.04183419002031,1.349615451480081],[104.04182324519658,1.349579090885272],[104.0418188023729,1.3495643294260178],[104.04180593073553,1.3495137949877258],[104.04179731802503,1.349460519975953],[104.04178789964472,1.3494111817057686],[104.04178783402058,1.3494108353421506],[104.04178367829535,1.3493592330089297],[104.04178334987965,1.3493012546187702],[104.04178778427305,1.3492486567505544],[104.04179541740915,1.3491946568509738],[104.04180421000811,1.3491444732439912],[104.04182031661136,1.3490913860158171],[104.04183824785383,1.349044990882625],[104.04186184879586,1.3489963343643943],[104.04188635751487,1.3489504451045338],[104.04191024629291,1.3489053065155308],[104.04194260879481,1.3488641101981664],[104.04196683235865,1.3488356805060608],[104.04198035338551,1.3488198114668315],[104.04199715574968,1.3488016975268469],[104.0420149266687,1.3487825398736049],[104.04203190819781,1.3487685660708146],[104.04205816242293,1.3487498074117166],[104.04208365575333,1.3487331975736365],[104.04211558418808,1.3487123945742687],[104.04211842526621,1.348710544011725],[104.0421672862583,1.3486810577093644],[104.04221658782016,1.3486548361019752],[104.04227288025231,1.3486298076429448],[104.04232937074897,1.3486092738269082],[104.04238647237787,1.3485900874508874],[104.04244409584149,1.3485787870336834],[104.04249924840221,1.3485689880638032],[104.0425629283412,1.3485601017570983],[104.04261429867542,1.3485584694680484],[104.0426764159927,1.3485597392382431],[104.04273320492256,1.3485616244317842],[104.04280217003759,1.3485722265842828],[104.0428555813084,1.3485847925397045],[104.0429117332766,1.348598524878672],[104.04296820914881,1.348617204028391],[104.04302002177289,1.3486389131814231],[104.04306666785207,1.3486624224543218],[104.04311040296369,1.3486900739399026],[104.04315683382393,1.3487186385925953],[104.04320029985773,1.3487519785135582],[104.04324110627778,1.3487866299839564],[104.04328030440288,1.34882268334853],[104.04331710400102,1.3488659446565048],[104.04334819721356,1.3489027583843183],[104.04339074025023,1.3489653724602553],[104.04342738846398,1.3490245595291739],[104.04346306677772,1.3490900319718935],[104.04349401854367,1.3491538498488553],[104.0435212592965,1.3492179483988334],[104.04354557994436,1.3492844075773693],[104.04356504848467,1.3493519976252901],[104.0435821180732,1.349421839733689],[104.04359762435132,1.3494937439147212],[104.04360724489038,1.349563396755315],[104.04361538290168,1.3496340987803581],[104.04361847993847,1.349703969234219],[104.04361887259154,1.3497770051774163],[104.04361397753985,1.349905858575725],[104.0436031341015,1.350035408847534],[104.04360286653687,1.3500377990898358],[104.04358963017062,1.3501560695086574],[104.04357309013123,1.3502885413535508],[104.04355327054269,1.3504231658566948],[104.04354343969383,1.350478538762966],[104.04353135635304,1.350546594586221],[104.04351898079393,1.3506020165493067],[104.04350961963286,1.3506439416066105],[104.0435085203877,1.3506507958339191],[104.04350526396287,1.3506710908222073],[104.0434968854067,1.3507290880499445],[104.04348545215511,1.3507917339452329],[104.04344889209545,1.3509223535979062],[104.04318254920062,1.351846857058338],[104.04315677704186,1.351933759090842],[104.043127924015,1.3520344799863824],[104.04306232181015,1.3522612897148685],[104.04302301068182,1.3523750342793153],[104.04298510126206,1.3524883265425918],[104.04294657159319,1.3525988063052121],[104.04289980260344,1.3527146315414489],[104.04285386856066,1.352822199913213],[104.04280272272409,1.352927978107936],[104.04274622175498,1.3530369943701779],[104.04269929740843,1.353122650224134],[104.04261761825559,1.3532354398456166],[104.04261703516032,1.3532362447751654],[104.04255266206864,1.353336643183452],[104.04248526963808,1.3534349618285835],[104.04248146650572,1.3534403874043583],[104.04235373677157,1.3536225914241686],[104.0422243683235,1.3537975055492133],[104.04208654476976,1.3539764809716708],[104.04194928692432,1.3541511968121793],[104.04180132773666,1.3543318823392547],[104.04167355825449,1.354502175035951],[104.04152627169664,1.3546682279750237],[104.04137133847051,1.3548353034936989],[104.04135168843564,1.354852270955187],[104.04131099430641,1.354860514080198],[104.04025818387586,1.3556601562526218],[104.03908944118935,1.3565628967202135],[104.03701478270406,1.3581617804534045],[104.03490854747783,1.3595624661801333],[104.03364442394034,1.3604007869548522],[104.03344457684544,1.3605333193378304],[104.03279203036409,1.360966063297053],[104.03273416476016,1.36098752854715],[104.03268835307614,1.3609727180556401],[104.03268287350204,1.3609709468724143],[104.03211739107822,1.3609864945487444],[104.03010650900555,1.362307151209632],[104.02799748816659,1.3636962111530315],[104.02682050964447,1.3641974581698075],[104.02566027113548,1.3646915751690105],[104.02448408186602,1.3651993587194167],[104.0223916485967,1.3660940993935118],[104.02179902070185,1.3663627590681826],[104.02165319369989,1.366456114031104],[104.02164739195996,1.3664598286928216],[104.02163720185101,1.3664663517366387],[104.02160220990966,1.3664887527658744],[104.02123347184997,1.3665858973592702],[104.02123280153478,1.3665860746664846],[104.02115968865121,1.3666053360414891],[104.0211546643785,1.3666117582931177],[104.02115277758074,1.3666141694638072],[104.02109639826624,1.366686229641144],[104.02108401158156,1.3667096906034535],[104.02106639083132,1.3667225076669345],[104.02105435793706,1.3667312600995636],[104.02088626237054,1.3669599044238774],[104.02088356460862,1.366991149350081],[104.02084779719206,1.367013567613969],[104.02041008216858,1.3671993049499473],[104.0200669963962,1.367346097612226],[104.02006564501565,1.3673468827020405],[104.02005905074586,1.3673507149892719],[104.01982222039383,1.3674883498973713],[104.01712089737026,1.368597166081012],[104.01673862817724,1.3687540756968475],[104.01459151217703,1.369635401973154],[104.01458775988213,1.3696369423833625],[104.01438322785677,1.3697741710184108],[104.01437711779981,1.3697767118294453],[104.01432304020099,1.3697992001320254],[104.01427097442722,1.3698208517478854],[104.01360516949289,1.3700977276771455],[104.01319697031312,1.3701042183912824],[104.0131884850727,1.3701031247569233],[104.01318695749579,1.3701029277218777],[104.01290840177786,1.3700512718189968],[104.01279510303466,1.3700103110525526],[104.0127336924844,1.3699881100290978],[104.0126199331758,1.3699282716810435],[104.01247952046626,1.3698544150414405],[104.01236533442379,1.3697713527506763],[104.01230371560084,1.3697274317198729],[104.01212078316996,1.3695498056698951],[104.01209472234805,1.3695172515752025],[104.01195094041188,1.369338976856619],[104.0118649302118,1.3692488068676918],[104.01176287174965,1.3691480444050008],[104.01168379400615,1.3690701469564512],[104.01162217658862,1.369032685746342],[104.01155157285608,1.3689984555800336],[104.01148738881213,1.3689687458265511],[104.01143270309481,1.3689456245274654],[104.01135247327119,1.3689146236388297],[104.01127801961991,1.3688862078808848],[104.01119072972186,1.3688545618004593],[104.011098817842,1.3688261464349316],[104.01093656127387,1.3687790033974545],[104.01081140407797,1.368748006740977],[104.0107465785701,1.368731862412212],[104.01070678497472,1.3687234674877609],[104.01064452709684,1.368713137095002],[104.0105951061276,1.3687028048414527],[104.01053721277322,1.3686950578775152],[104.01048843352258,1.3686866636173112],[104.01045762591622,1.3686827907246502],[104.01039857710167,1.3686763352691018],[104.01035750068752,1.3686724622336148],[104.01031193045212,1.36866729810508],[104.01027393441572,1.3686647171697564],[104.01020846814058,1.3686595545161697],[104.01014236028963,1.368654391908342],[104.01011155183231,1.3686511638198],[104.01005635554749,1.368649876487032],[104.00997555028404,1.368650528190126],[104.00976182309084,1.3686537734899829],[104.00969892453637,1.3686557161885602],[104.0096533550087,1.3686602413600852],[104.00959822301117,1.3686656715979644],[104.00948333770106,1.3686766608306864],[104.00942043971025,1.3686863556959128],[104.0093767959012,1.3686921721460956],[104.00932801782895,1.3686999279225047],[104.0092760310252,1.3687083287435196],[104.00921833113097,1.368716601565933],[104.0090553106793,1.3687540794179138],[104.00902322081333,1.3687624796709046],[104.0089917716244,1.368770878971894],[104.00895711379806,1.3687812174568652],[104.00893208296958,1.36878832485802],[104.00891026191164,1.3687967234485858],[104.0088110387639,1.3688348422970298],[104.00836440716031,1.3690153573734694],[104.00787323384658,1.3692121532150352],[104.00753989801203,1.3693460753580553],[104.00747934181035,1.369370404358987],[104.00735702985203,1.3694195453726188],[104.00718566727262,1.3694854459450811],[104.0071022971095,1.369518654705529],[104.00665354726888,1.3696987816770243],[104.00661033553013,1.369728101463674],[104.00660564254764,1.3697312860571356],[104.00659134795463,1.3697409845507897],[104.00659073336529,1.369741401505521],[104.00658762897037,1.3697435079861018],[104.00658750587283,1.3697435921005578],[104.00656690455082,1.3697575704850193],[104.00656622167791,1.3697580914461356],[104.00652968079086,1.3697859954226852],[104.0061330165552,1.369932859769547],[104.00612478323559,1.3699362562393715],[104.00612228799066,1.3699372846779352],[104.00611395133889,1.3699407227558047],[104.00610252550744,1.3699454353012352],[104.0061017716326,1.3699457464558193],[104.00604877396034,1.3699676041636655],[104.00604838039989,1.3699677660726746],[104.0060421265631,1.3699703457614631],[104.00600135621904,1.3699871598692255],[104.00600133195853,1.3699871707233051],[104.00599895082804,1.3699881521267445],[104.00598478894238,1.3699939926071907],[104.00598327759843,1.369994615820928],[104.00598230447986,1.3699950174273892],[104.00596967280742,1.3700002274577634],[104.00595231840968,1.3700073849178953],[104.00594945296622,1.3700085662199935],[104.00593818617561,1.3700132136392629],[104.00592385087143,1.3700191255764032],[104.00592207266114,1.3700198591413868],[104.00592167191233,1.370020023763974],[104.00591700399802,1.3700219494851151],[104.0059135150176,1.370023436637834],[104.00591006160722,1.3700250056370746],[104.00590664566205,1.3700266556217982],[104.00590653873647,1.370026708986808],[104.00590438511733,1.3700278029479316],[104.00590224794917,1.3700289291147199],[104.00590012770738,1.3700300872366507],[104.00589809702957,1.3700312350168735],[104.00589690928174,1.3700319249832194],[104.00589572738926,1.370032625060417],[104.00589455143707,1.3700333351981362],[104.00588665444806,1.3700384694338015],[104.00587906719494,1.3700440567806382],[104.00587181531216,1.3700500783611158],[104.0058677673207,1.3700537671001864],[104.00586384535949,1.3700575912662312],[104.00586005389906,1.3700615465002333],[104.00585822366303,1.3700635543124229],[104.00585811045278,1.3700636818354113],[104.00585313821216,1.3700695132099188],[104.0058484449425,1.3700755742502664],[104.00584404110191,1.3700818514505113],[104.0058367396271,1.3700938957628979],[104.0058305018371,1.3701065311617016],[104.00582537459188,1.370119662726344],[104.00582139640872,1.3701331918089177],[104.00581974097827,1.370140608217992],[104.00581843135024,1.3701480943196052],[104.00581747038017,1.370155633790816],[104.00581702382621,1.370160685604831],[104.00581673385746,1.370165748968033],[104.00581660075542,1.3701708189653412],[104.00581659540805,1.3701714348349987],[104.00581660010025,1.3701742220726822],[104.00581661726247,1.3701754728015434],[104.00581665602262,1.370177175708928],[104.00581682659158,1.370181353302179],[104.00581710370929,1.3701855251085795],[104.00581748719291,1.3701896883759221],[104.00581835400143,1.3701979442170629],[104.00584681963477,1.3703730615518699],[104.00585032770041,1.3703990480868538],[104.00585123448056,1.3704008169496025],[104.00595636437265,1.3706059489593188],[104.00597091010255,1.3707026240046054],[104.00600791129285,1.3708533664005533],[104.00604838916017,1.3710182762488352],[104.00605171555281,1.3710294014458877],[104.00607475942839,1.3711064675357807],[104.0061533747815,1.3712282782330396],[104.00624512642023,1.3714645736341675],[104.00624716230824,1.371536007988728],[104.0063185743649,1.371702178969581],[104.00639380901316,1.3718819214009697],[104.00657647553506,1.3721502254143803],[104.00677740831117,1.3724453875701061],[104.00682395272898,1.372513759222754],[104.00692039384057,1.3725094483313147],[104.00693364637267,1.3724909441558666],[104.00730734202915,1.3724844416133333],[104.00730735730747,1.3724844786909824],[104.00734170034595,1.3725687435441296],[104.00734175965152,1.3725687453485045],[104.00769980543053,1.372581062717024],[104.00772757302333,1.372582016588181],[104.00772768983727,1.3725820192927016],[104.00829994254717,1.3725847074949709],[104.0086961299712,1.3725871019791795],[104.00882416392112,1.37267080009006],[104.00885929542687,1.3727601392196658],[104.00885570216825,1.3731436152543137],[104.0088616870598,1.3736422065632556],[104.00858833537086,1.373638755818314],[104.00858820777414,1.3736387540190134],[104.00858096645055,1.3735556031727723],[104.00858095925575,1.3735555172590972],[104.00850780313019,1.3735534724720917],[104.00842717809591,1.3735512184219614],[104.00842703432484,1.3735512148151272],[104.00842721955048,1.3736392895187026],[104.00842722046886,1.3736395617309909],[104.00784959390167,1.3736344493973927],[104.00784513145281,1.373557895647904],[104.0077995348805,1.3735130246526146],[104.00764453131042,1.3735038115615605],[104.00761039315893,1.3734821365563916],[104.00752512266534,1.3735313942605583],[104.00735812662624,1.3735693263205302],[104.00714850460984,1.3736360020527671],[104.00709336186802,1.3736685811380878],[104.00687035743799,1.3738220673516401],[104.00668828149358,1.373958259194604],[104.00646009810418,1.3741677898540938],[104.00638889911649,1.3742417979287083],[104.00629035248093,1.3743570477199365],[104.00626268777624,1.3743876623254347],[104.00616436605625,1.3745068813329722],[104.00612975272281,1.374625011371696],[104.00603212036145,1.3748216634474848],[104.00591138558829,1.3751405224805684],[104.0056412586036,1.3758003723130463],[104.00546722803496,1.3762347491271685],[104.00521485118333,1.3765434979080697],[104.00489831232136,1.3769328026757137],[104.00469065296814,1.377170971910765],[104.00455838027257,1.3773761355805691],[104.0043263509824,1.3777435676585148],[104.00416091842236,1.3781519434409637],[104.00408615850459,1.3784317750591502],[104.00401238907882,1.3787408002561727],[104.00388098259137,1.3792253668255487],[104.00376610803237,1.379597391809989],[104.00359502753264,1.3799392513850097],[104.0034509611378,1.3802239462089079],[104.00329096784462,1.3805633821920567],[104.0031755471482,1.3808260800012029],[104.00300157021124,1.3812666425374953],[104.00285911065922,1.3816447838622556],[104.00258106236421,1.382090137917362],[104.00237730568465,1.3824161192179931],[104.00224349056664,1.3826717724483146],[104.00213365282902,1.3829772939994438],[104.00193064169353,1.3833776235828816],[104.00181933886724,1.3835635047006627],[104.00177559004511,1.3836262586714074],[104.00177149387153,1.383632134592624],[104.00171747720871,1.3837096168028873],[104.00169504483883,1.3837417946385335],[104.00167935556692,1.3837642998595592],[104.00150158249959,1.3838969188933248],[104.00147017300193,1.3839618189308684],[104.00142118101058,1.3840630474696562],[104.00142084322495,1.3840641462914718],[104.00140540211507,1.3841144614760392],[104.00137486127197,1.3842139695096165],[104.0012951049828,1.384355163920616],[104.00115454820762,1.3845673187684202],[104.0011535248115,1.3845684194477708],[104.00115032471953,1.3846028143056452],[104.00114574491553,1.3846442433760158],[104.00114044624779,1.384685586583355],[104.00113443230953,1.384726829457651],[104.0011277039985,1.3847679611465165],[104.00112026311089,1.384808968084408],[104.00111211234156,1.3848498385144674],[104.00110325438519,1.384890558871068],[104.00109369193672,1.3849311183017097],[104.0010834267923,1.3849715032408618],[104.0010724634439,1.3850117010271443],[104.00106080458637,1.385051700808021],[104.00104845381307,1.3850914890178652],[104.00103541561604,1.3851310548039952],[104.00102169269007,1.3851703855051716],[104.00100728952717,1.3852094693643873],[104.00099221151793,1.3852482946245686],[104.00098308000042,1.385270647443277],[104.00098285270086,1.385271205449762],[104.00097646225568,1.3852868486244112],[104.00096004623246,1.3853251196068883],[104.00094296973747,1.3853630967192365],[104.0009252372627,1.3854007682044283],[104.00090685419883,1.3854381232097466],[104.00088782593629,1.3854751481693803],[104.0008681587645,1.3855118349436584],[104.00084785807384,1.3855481690623923],[104.0008269310523,1.3855841423858297],[104.00081105781533,1.3856103663457813],[104.00081035251785,1.3856115321163656],[104.00080538309041,1.3856197422524996],[104.00078342173519,1.3856546385561603],[104.00078322047737,1.3856549578096689],[104.00076899496419,1.3856775189930932],[104.00072759944064,1.3859194491653255],[104.00068962282334,1.3861975381314293],[104.00046668977214,1.386763117387852],[104.00043807334376,1.3868203789926776],[104.0002831155114,1.387130462584501],[104.00010747448857,1.3874819356865642],[104.00008610939523,1.3874731088367336],[103.99969198198843,1.3880941311430388],[103.99968389478688,1.3881064038849749],[103.99963264612605,1.388191804448132],[103.99932067607045,1.3886594621878114],[103.99913083564049,1.3889348985342824],[103.99893007989559,1.389115730504526],[103.9989298238181,1.3891159611344666],[103.99890325914845,1.3891398878604444],[103.99865310093843,1.3892081846916227],[103.99860330331367,1.389253322109292],[103.99860227181577,1.3892542563861372],[103.99855732951553,1.3891618782339712],[103.99855715966085,1.3891615291628274],[103.99855480236472,1.3891566792440833],[103.99853334516733,1.3891674245547558],[103.99853536720283,1.3891709423743064],[103.99858368147694,1.3892708798378945],[103.99854260113536,1.3893062522622612],[103.99845718164975,1.3894205603770273],[103.99828665545203,1.3895468988465032],[103.99816437443265,1.3896452457735904],[103.9980473141637,1.3897572174225221],[103.99791364814371,1.3898678951872745],[103.9976891665608,1.3900269472143443],[103.99748580731872,1.390166997133798],[103.99727221215322,1.390290570306888],[103.99713961001135,1.390362637197082],[103.99698222487528,1.3904302997655755],[103.99685274624964,1.3904906088336737],[103.99679340009239,1.3905064564597391],[103.99675184937978,1.39052342515615],[103.99668035462955,1.390541244227178],[103.99659429377837,1.390556044650404],[103.99651813566723,1.3905643230386193],[103.99642887489847,1.3905777933643746],[103.99634507662105,1.3905921143104403],[103.99624628467775,1.3906057019542915],[103.99616214553416,1.390628704778127],[103.99607977725837,1.390648487048671],[103.99602165528208,1.390682331344554],[103.99597841267402,1.3907012065374569],[103.9958985196221,1.3907684865465852],[103.99570886691832,1.3909065277008519],[103.99546400191711,1.391054068445147],[103.9952327008065,1.39127977120386],[103.99514550144326,1.3913608603767134],[103.99507091643659,1.3914048427654762],[103.99485857196676,1.3914643426216073],[103.99463915526047,1.3915306066586748],[103.99435031950145,1.391549332308498],[103.99410952422207,1.3915676856498214],[103.99394723050833,1.391563381166519],[103.99361365878396,1.3915497047436833],[103.9934350045626,1.391556487899453],[103.99311373595926,1.39158044372179],[103.99290076130787,1.3916504014769109],[103.99233163794777,1.39183734707184],[103.99232339820308,1.3918401755664533],[103.99216043412518,1.3919299245116936],[103.99202128299443,1.391990071206769],[103.99190076847033,1.3920392196080729],[103.99175454815247,1.392057762560173],[103.99115228567777,1.3921315131141903],[103.99101122601147,1.3921523174796786],[103.9908596024928,1.392183688192971],[103.9907084979677,1.3921958077361456],[103.99062373818444,1.3922249519288334],[103.9905316956111,1.3922565989733584],[103.990518801292,1.3922601874372982],[103.99036062438452,1.3923042087569295],[103.9902452132782,1.3923332419458643],[103.99014112669823,1.3923725976490033],[103.98997819857823,1.3924237646164577],[103.98981478324299,1.3924722149062911],[103.98967359280057,1.3925408644079151],[103.9894356192256,1.392605782630669],[103.9892619147559,1.3926615679358485],[103.9890887772709,1.3927309330724063],[103.98885510993777,1.3928279702304842],[103.98856773339995,1.3929598740358657],[103.98824101113921,1.3930680979167285],[103.9880327371697,1.393132771673388],[103.9877603453987,1.3931712584491074],[103.98751222398944,1.3932072783085188],[103.98725612495008,1.3932007928036956],[103.9870387892713,1.39320349664995],[103.98687036013877,1.3931885875552907],[103.98667238424228,1.3932463846653593],[103.98644370322091,1.39329220641268],[103.98622636845234,1.3932953632692981],[103.98606388863992,1.393292179671408],[103.98422173481943,1.3935146091257609],[103.984199568358,1.3934944270266525],[103.98438944979229,1.3933207648190216],[103.98436490747854,1.3932861908745586],[103.98431972986181,1.3932452723597422],[103.98421807155934,1.3931793491907176],[103.98414578506596,1.3931566182132038],[103.98405316765071,1.3931520770497097],[103.98392892453195,1.3931566303619087],[103.98377757450201,1.3931680033867326],[103.98366462598058,1.3931930162220971],[103.98355861563302,1.3932081240456577],[103.98336869922997,1.3932134909442668],[103.98321951477082,1.3932250645630704],[103.98316093974745,1.3932322561732513],[103.98295521069177,1.3932739621800905],[103.98276519880277,1.3933185403214567],[103.98259947371159,1.3933645584513032],[103.98252089755809,1.3934048183776746],[103.98248946897006,1.3934335754434222],[103.98241803587094,1.3934925280540693],[103.98235946175534,1.3935572315804552],[103.9823487982959,1.3935706475508238],[103.98230652258349,1.3936215413500117],[103.98229576184235,1.3936455211675944],[103.98229038379091,1.3936586691105317],[103.98228807797177,1.3936718186666728],[103.98229499492125,1.3936957964548728],[103.98269251532825,1.3937552337633046],[103.98268804202729,1.3937807722994475],[103.98224526902683,1.3937167608990244],[103.98183531153353,1.3936445474888735],[103.9815868174504,1.393587044973058],[103.98105475778387,1.3934704702920602],[103.98106321544402,1.3934313823679383],[103.98136576293993,1.393496594820665],[103.98140333686932,1.3934960181750675],[103.9814154023093,1.3934857420614113],[103.981425609027,1.393467996042846],[103.98143025074536,1.3934483819663437],[103.98143210664409,1.3934250321504922],[103.98143117834536,1.3933951430758826],[103.98142282522835,1.3933671228809053],[103.98139803819511,1.3933126122763637],[103.98134532086678,1.3932316472583834],[103.98125027295414,1.3931288237928474],[103.98114809649256,1.3930379600434233],[103.98102215659966,1.3929375305514173],[103.980830983241,1.392815376076437],[103.98073594447995,1.392757987686711],[103.98058150296015,1.392705385289248],[103.9804436946715,1.3926766985703478],[103.98031129158565,1.3926668095540666],[103.98004379330197,1.3926618975555918],[103.97976485205112,1.3926634687024866],[103.97976175110576,1.3926641227494458],[103.97953776886817,1.392685338583432],[103.97931966439558,1.3927095682658381],[103.97931815079218,1.3925423953907936],[103.97930017477093,1.3925422463870107],[103.97930165036044,1.3927049915123328],[103.97921285169073,1.392682434137741],[103.97914666642775,1.3926719178253368],[103.9790723785724,1.3926592387832286],[103.978993612329,1.3926484211924708],[103.97890857501183,1.392639033783748],[103.97880826101569,1.3926298336190581],[103.97871461588562,1.3926146696784654],[103.97861025560545,1.3926055158786554],[103.97849068460143,1.3926024195236573],[103.97837599247444,1.3925929362616436],[103.97829187181686,1.3925853484520878],[103.97818575232021,1.3925793789977268],[103.97806095096112,1.3925510214222778],[103.97793202203447,1.3925159311253559],[103.97784496359586,1.3924880288145334],[103.97773578794617,1.392450892526793],[103.97761908338322,1.3924622349810876],[103.97751693841576,1.392487874484763],[103.97747265985129,1.3924676014306472],[103.97737910559125,1.392498564374536],[103.97729528917661,1.3924403250452506],[103.97723958350765,1.3924362561290242],[103.97720405451741,1.3924330622985284],[103.97712498979794,1.3924344589646034],[103.9770464890874,1.3924457981410525],[103.976967882695,1.3924480928044993],[103.9768950258209,1.3924426313108385],[103.9768383451008,1.3924369780038377],[103.97678569715967,1.3924308225279953],[103.97673547624669,1.3924391095517972],[103.97667240616394,1.3924253906336572],[103.97659743832075,1.392431260906494],[103.97649723760358,1.392393113838316],[103.97648571909005,1.3923688324418748],[103.97645061269958,1.392325385453427],[103.97640103788555,1.3922744232011925],[103.97635246188138,1.3922315892859174],[103.97627898543149,1.3921736802816362],[103.97622694969877,1.3921421935954157],[103.97614721121941,1.3920866182203238],[103.97609256831424,1.3920633016895592],[103.97601232775123,1.392041197655822],[103.97592879764335,1.392006469839955],[103.97583176816038,1.391970546371688],[103.97575176826075,1.3919308027464834],[103.97566195624744,1.3918966007359101],[103.97559956798882,1.3918643341990684],[103.97553560836282,1.3918510792393517],[103.97547293340193,1.3918328321254037],[103.97540532439267,1.3918150989860183],[103.97537230238781,1.3917960469986952],[103.97532160555093,1.3917645457392565],[103.97528482756347,1.3917315188824648],[103.97525071736585,1.3916971081906335],[103.97524077111132,1.3916533603134111],[103.97522997777119,1.3916141460507403],[103.97522903621987,1.391571648360002],[103.9752394958098,1.391544390276298],[103.97523634128424,1.3915055372956855],[103.9751795882501,1.3914171267487292],[103.97515878643387,1.3914056172961111],[103.9751190691737,1.3913719250036685],[103.97505608355299,1.3913274550342138],[103.9750016262291,1.3912815267170477],[103.97497626605048,1.3912266588376896],[103.97494771481759,1.3911682098797007],[103.97493372141703,1.3911249623564013],[103.97490688780378,1.3910588063265026],[103.9748595820853,1.3910100803835805],[103.97481922432867,1.3909793598548903],[103.97478530158799,1.3909992090154997],[103.97473824155327,1.3910472542418393],[103.9746989995971,1.3910730462805538],[103.97463625691876,1.391048922605314],[103.97461418536307,1.3910062263222056],[103.97461046328368,1.3909578830055107],[103.97460502683559,1.390850999576692],[103.97459638473677,1.390797284649715],[103.97465899823828,1.3906892386347338],[103.9746655095461,1.3906780015525106],[103.97464983966854,1.3906692745050901],[103.97464723587115,1.3906738850961784],[103.97458139609364,1.3907904892767313],[103.97453618844138,1.390769992839652],[103.97450415444834,1.3907586197106185],[103.97445698828186,1.390759634529269],[103.97442244733351,1.3907645689941175],[103.97437495919577,1.3907759885080997],[103.97434904232612,1.3907885091408656],[103.97431681013778,1.3907988425028288],[103.97428467907243,1.3908173142063216],[103.97425917805411,1.3908266632178452],[103.97421469769913,1.3908271931326939],[103.97418442565088,1.39081308600895],[103.9741814960157,1.3907932227915276],[103.97416822373033,1.3907725779225475],[103.97413749132569,1.3906929833050001],[103.97406922000084,1.390612796773768],[103.97396306491532,1.390550733200464],[103.97388002945135,1.390506734664384],[103.9738361434313,1.390437557263842],[103.97380079862448,1.3903422342628373],[103.97376311245249,1.3902523086299077],[103.97376978704347,1.3901758218650186],[103.97376919168609,1.390076097064649],[103.97370976680853,1.3898579894496994],[103.97365489285167,1.389663982791247],[103.97354941175125,1.389480005808289],[103.97348438241247,1.3893823721195337],[103.97340815461793,1.3893081186479093],[103.97334259301108,1.3892965946631108],[103.97332733281853,1.389255996979941],[103.97331413497679,1.3892174511697386],[103.97323436327966,1.3892512654758025],[103.97320302715151,1.3891880398176044],[103.9731661474774,1.389136032188115],[103.97309683576646,1.3889960936171788],[103.97326158115459,1.3888547664815638],[103.9732845248364,1.388845803797177],[103.97290198382491,1.3877162058570407],[103.97290196674903,1.3877161552138146],[103.97287356150152,1.387632448299579],[103.97276831309573,1.3873222884077259],[103.97276683809554,1.3873147750601684],[103.97275254339498,1.387311673947962],[103.97257419015375,1.3872393989039689],[103.9724012371129,1.3871630086812257],[103.97231223010742,1.387107630846071],[103.97223855423587,1.3870617913065824],[103.97182231782713,1.3868028184769097],[103.97179122693835,1.3867834760146531],[103.9717880009407,1.3867814676176313],[103.97171958954789,1.3867616498478204],[103.97168946164959,1.3867529227227813],[103.97154106068825,1.3867278715890068],[103.97139850432637,1.386614454938525],[103.97125282125795,1.3865065279357023],[103.9710955298066,1.3864190130418783],[103.97084529510641,1.3862663804950768],[103.97069672744034,1.3861546363112827],[103.97059149597625,1.3860076665158265],[103.97048417993268,1.3858624051746427],[103.9704825713795,1.385860560370786],[103.97047934618493,1.3858568526763055],[103.97042780867483,1.3857976290398364],[103.97036566819574,1.3857262242689121],[103.97024367017016,1.3855928922974048],[103.97012097130305,1.3854601210629447],[103.97009089407116,1.3854257299392894],[103.96998039821788,1.3852993699105072],[103.96985547102297,1.38516842559861],[103.96975508504754,1.3850578279930676],[103.96974577523964,1.385047573071833],[103.96973403014408,1.3850346323376526],[103.9697076640447,1.385000467083384],[103.96968810065071,1.384975110821219],[103.96962376701298,1.3848917405445107],[103.96950442872627,1.38475624694723],[103.96941024035337,1.3846002680994558],[103.9694070321691,1.384595402819283],[103.96931045324247,1.3844488394128769],[103.96926404852778,1.3844068779026508],[103.9692508753214,1.3843889542152796],[103.96839110090248,1.3837425297678354],[103.96736543227122,1.3832216605945202],[103.96781427086027,1.382001485631573],[103.96770522061576,1.38197850387212],[103.96765647197518,1.3819591623500151],[103.96763512122762,1.3819472892958076],[103.96760920406105,1.3819056539576557],[103.96759962367663,1.381877112847393],[103.96759164253398,1.3818447009780257],[103.967588451061,1.3818172537819537],[103.96758114893925,1.3817154682878743],[103.96756121400685,1.381473435098987],[103.96753293430136,1.3812840904962016],[103.96751409954955,1.3811117744867634],[103.96750640639233,1.3810871672417306],[103.96748101262328,1.3810849982159923],[103.96744037901732,1.3810818623882632],[103.96741723992682,1.3810665347709092],[103.96737439420845,1.381034387143828],[103.96737306364288,1.381022268772374],[103.96734489212886,1.3809994261939156],[103.96725719812348,1.3809573150422503],[103.96701252066019,1.3808628592753591],[103.96622424511237,1.3806106546466472],[103.96605074979479,1.3808223619218838],[103.96604446018418,1.3808294615150647],[103.96598761222333,1.380897907710673],[103.96569292123544,1.3813079501126075],[103.9654351128137,1.3816666724135145],[103.96504286682747,1.3819555113101198],[103.96477183380287,1.3820337718005866],[103.96475923895714,1.3820909191241573],[103.9645000474827,1.3821234652454626],[103.96429589860232,1.3821002236309663],[103.964237961207,1.3820978465647016],[103.964151679137,1.3820936297875113],[103.96405024663495,1.3820803033051985],[103.96394116767141,1.3820741262218421],[103.9638419520974,1.3820635163106627],[103.96373560622482,1.3820506051883077],[103.96361362144204,1.3820348778371367],[103.96351579119974,1.3820193273067194],[103.9634147803774,1.3820105044952244],[103.96331287897182,1.3819998757177547],[103.96320526727601,1.3819752468240356],[103.96310250571786,1.3819605611172614],[103.96301944347701,1.3819442112022218],[103.96295695311674,1.3819271077254909],[103.96285023021267,1.3819042874898768],[103.96277202694854,1.3818951785246885],[103.9626523242099,1.3818731665866442],[103.96257827317743,1.3818460759601214],[103.96250106929728,1.3818234639036657],[103.96247973232435,1.381816657034745],[103.9624463632579,1.3818060127118736],[103.96240290125095,1.3817921466989036],[103.96232251676588,1.3817758183165938],[103.96226045520255,1.3817618692113853],[103.96213905795985,1.3817267884049516],[103.96202839504731,1.3816913326009945],[103.96193287541998,1.3816658890617701],[103.96184544171273,1.3816341995550427],[103.96178463608986,1.3816319672812807],[103.9617090901328,1.3816269268593333],[103.96162429677439,1.3816015604989527],[103.96146974890888,1.3815738999382385],[103.96135545710875,1.3815465220587704],[103.96123077583556,1.3815325790327846],[103.96115748423193,1.3815244021434838],[103.96106717207873,1.3815201610514614],[103.9609818072511,1.3815118997996678],[103.96085308611673,1.3815001807977878],[103.96075208178273,1.3814946804947659],[103.96073709804297,1.3814938646644304],[103.9607104732628,1.3814924145999017],[103.96059638809552,1.3814979093240454],[103.96056376333974,1.381492569016077],[103.9604784548204,1.3814786111668218],[103.96035959535712,1.3814638077323231],[103.96023179682064,1.3814475912543376],[103.96012096989287,1.3814364491374873],[103.95997120610312,1.3814268311449753],[103.95985583911656,1.381423760689635],[103.95974452362807,1.381417566345434],[103.95961492005273,1.3814049420559038],[103.95948261271965,1.3813931942303193],[103.95934623343487,1.3813886254400642],[103.95921883961755,1.3813791662775312],[103.95906193574628,1.3813690457820234],[103.95893727413512,1.381352852579076],[103.95878578823418,1.3813346648675517],[103.95865786215538,1.3813364604879508],[103.95864333042984,1.3813362505427378],[103.95863190597035,1.3813360856506645],[103.95862106738052,1.3813359279623716],[103.95853533541137,1.3813346908200803],[103.9584405474458,1.3813299651257365],[103.9583533597035,1.3813270938717483],[103.9582571418919,1.3813354163811662],[103.95811085184101,1.3813402335125686],[103.95795689215704,1.3813562497549576],[103.95779663898291,1.3813744747713441],[103.95766913456097,1.3813807731349235],[103.957547057027,1.3813776540840697],[103.95744905107104,1.3813864161750156],[103.95733668977,1.3814000282052372],[103.95722884082029,1.3814082644653247],[103.9571070680497,1.381425412129947],[103.95701212309358,1.3814432013849285],[103.9568768997894,1.381464301804749],[103.95677126063306,1.3814766003232284],[103.956746639866,1.3814789800824485],[103.95673478236064,1.3814801238158247],[103.95672475972354,1.381480937361103],[103.95665326059921,1.3814867480052297],[103.95658478950244,1.3814894212570892],[103.9565118676111,1.3814889104802024],[103.95643350004838,1.3814996213099011],[103.9563376848932,1.3815102082440416],[103.95624678495427,1.3815212814653266],[103.95616214272266,1.3815332976073513],[103.95603275344446,1.38154680465217],[103.95595252901063,1.3815669571032227],[103.95586434701907,1.3815735454372429],[103.95575333415265,1.3815813241880475],[103.95566289065837,1.381591949704418],[103.95558136388728,1.3816062392310895],[103.95549223963387,1.3816195741417068],[103.95541705978279,1.3816222024891385],[103.9553140919042,1.381631387991108],[103.95523005983239,1.3816441971945503],[103.95515601695531,1.3816523475102862],[103.95501689882042,1.3816660006047887],[103.95500273106829,1.3816668749487726],[103.95479929523634,1.381687355661048],[103.954217931526,1.3817821092976694],[103.95421552337598,1.3817826068201695],[103.95350385220614,1.3819318710548816],[103.9532163552991,1.3820154487409653],[103.95275627997552,1.3821657191846146],[103.95264774860381,1.3822032195315],[103.95247921362082,1.3822488495027185],[103.9523326135934,1.382292382044812],[103.95224655299262,1.3823151853547648],[103.95213088587613,1.3823494836920043],[103.95205026476464,1.3823628686929386],[103.95192030655141,1.3823934625671],[103.95182438960104,1.382418444061901],[103.95172936585284,1.3824438858285337],[103.95163829186754,1.3824801589401918],[103.95151947356838,1.38251713793658],[103.95141375112875,1.38253709888733],[103.95129898163894,1.3825709503858141],[103.95122238255043,1.3825848153747484],[103.95110950384232,1.382604275653164],[103.95106064012245,1.3826183364033353],[103.95097134358556,1.3826564235526733],[103.95086516025358,1.3826781832792694],[103.95072659619485,1.3827235755991112],[103.95058223979201,1.3827662234596019],[103.9503451951863,1.3828199190789268],[103.95024634078594,1.3828454107184094],[103.95014572341108,1.3828714929898136],[103.9500260863123,1.3828869843068026],[103.94924069142544,1.382989645543731],[103.94904693941555,1.3831420482488628],[103.94904649560881,1.383143876891264],[103.94892327137391,1.3832521097831028],[103.94885637529012,1.3833082893362691],[103.94878640308536,1.3833396641881865],[103.94870158058072,1.383398503440313],[103.94863020062617,1.3834551227272536],[103.94857366320771,1.3834910440503279],[103.94852827784904,1.383542771272401],[103.94822675667706,1.3837236711163985],[103.94804877517105,1.3838337180736675],[103.94768252640232,1.3840969659098437],[103.94746214788505,1.3842541900425356],[103.94737867135579,1.3843125842406072],[103.94721660971867,1.3844397571855755],[103.9470738664854,1.3845475912073424],[103.94696128391705,1.384599590241951],[103.94684551326863,1.3846718724648235],[103.94672430816573,1.384765788196951],[103.94664040877677,1.3848138057378117],[103.9465300724071,1.3848613009207333],[103.94638322481156,1.3849961827728787],[103.94629390875608,1.385062227218347],[103.9461956249437,1.3851286953321695],[103.9460767004827,1.3852059308650446],[103.94596358208709,1.3852913008547145],[103.94585404009496,1.3853784830109228],[103.945755738689,1.385453521751775],[103.94559108457342,1.3855441566704674],[103.9454856292171,1.3856110555760985],[103.94533892899211,1.3856909186668387],[103.94519757561491,1.3857780118727518],[103.94507821174713,1.3858565975940886],[103.94498513809893,1.3859102234684209],[103.9448589962405,1.3859882207612289],[103.94481929840218,1.3860137148104859],[103.94470173934577,1.3860837361166913],[103.94454826655216,1.386183877097685],[103.9445171293194,1.3862070184910025],[103.94435301031326,1.386328993986181],[103.94419638376243,1.3864349845116752],[103.94398728589108,1.3865620256282067],[103.94388675695254,1.3866208347149531],[103.94386257426041,1.3866349809845973],[103.94375507188064,1.3867025473356072],[103.94371479352091,1.3867470637554509],[103.94306634379896,1.387463695554988],[103.94298318545914,1.387548555766897],[103.94290687401516,1.3876281423194605],[103.94286850019134,1.3876832215920851],[103.94283714510287,1.3877375273073354],[103.94278017186447,1.3878360946198667],[103.94271525226985,1.3879488101479838],[103.94268590379292,1.3880248340334949],[103.94265430105202,1.3881457342992116],[103.94263941106053,1.3882306365426316],[103.94262428813319,1.388291529781382],[103.94261369573813,1.3884484046093017],[103.94262649793615,1.3886090622014409],[103.94262984456547,1.3886554422759987],[103.94264675663875,1.388889671373382],[103.94271079654214,1.3894216017432857],[103.94282000049458,1.3901631576039077],[103.94290301679156,1.3905231578184247],[103.94312321088292,1.3914309664533693],[103.94321225707758,1.3918954238434602],[103.94323437563715,1.3922466364834762],[103.94322375452309,1.3924421483850413],[103.9431787377021,1.3926189904325932],[103.94312942168108,1.3927483491310708],[103.94306694302094,1.3928718065762613],[103.94299198457625,1.3929880098090537],[103.94290536848536,1.3930956881606569],[103.94276262141415,1.3932329797689216],[103.94095601530968,1.3950382180777468],[103.9409421526304,1.3950511140204913],[103.94084171199782,1.3951445591820313],[103.94080016104549,1.395188712973444],[103.94074320257762,1.395241874922554],[103.94065828610113,1.3953029965440296],[103.9405652782311,1.3953511047575042],[103.94046629956254,1.395385074437823],[103.94036346082481,1.3954041810931217],[103.94025895363393,1.395408015850664],[103.94015500646285,1.3953965008330844],[103.9400538343203,1.3953698792126572],[103.93995759292315,1.3953287161178993],[103.93986833376724,1.3952738950179557],[103.93986620136052,1.3952721108078676],[103.93980641946864,1.3952238703123554],[103.93966245738862,1.3950850192325759],[103.93798385849642,1.3935438323151712],[103.93795857418965,1.393520621170784],[103.93777497602206,1.3933809641318287],[103.93756894066213,1.3932474667849775],[103.93740037503258,1.393194059914501],[103.9373885864272,1.3931902946725094],[103.93723183817687,1.3931614524657796],[103.93718723520796,1.3931552758390975],[103.93706651176001,1.3931452111126505],[103.93698677079097,1.3931385630568327],[103.93693077563738,1.3931319727313634],[103.93666940682164,1.3931013589442915],[103.93658448784355,1.3930647350992407],[103.93653450357094,1.3930442281668023],[103.93648830058127,1.3930252747616962],[103.93644407507061,1.3929996271762917],[103.936198697076,1.3933354296257776],[103.93615185430218,1.3933995347162746],[103.93622995434527,1.3935481035969162],[103.93626890726892,1.393641811036553],[103.93628598849098,1.3937074760563954],[103.93630699416794,1.3938435862308258],[103.93632031194562,1.3939873132851746],[103.93633905546338,1.3941132087822963],[103.93634734251594,1.3942249975867196],[103.93636179811145,1.394270249447516],[103.93637804046294,1.3943242889211527],[103.9365112844586,1.3945957437689924],[103.93653690725566,1.394653946512665],[103.93656962408393,1.394706517476767],[103.93661110540029,1.394753449352356],[103.93662430339738,1.3947667094386236],[103.93849626957906,1.396494475798479],[103.93858575269115,1.3965939588835048],[103.93863459516305,1.3966997453953316],[103.93866061204773,1.3967878535518519],[103.93868307030729,1.3969106016669028],[103.9386862075051,1.3970172756090455],[103.93868408896194,1.3970443251882594],[103.9386627462994,1.397133736858165],[103.93862776480287,1.39721869334885],[103.93858000791224,1.3972970964997424],[103.93856196269255,1.3973183516416592],[103.93848275366595,1.3974155606187681],[103.93641386110652,1.3994112546679651],[103.93631475818769,1.3995068510784667],[103.93625289714481,1.3995665227502165],[103.93477911792677,1.4009881549763397],[103.93467580783194,1.401065442687595],[103.9345586952573,1.4011363796561096],[103.93444084243295,1.401169789219606],[103.9343221853055,1.4011805924595018],[103.93419102898285,1.4011719036026398],[103.93407933260673,1.4011487567551448],[103.93013739574091,1.399696115872978],[103.9300395771288,1.4002649261273552],[103.93028911759576,1.4002906738152472],[103.93027952289961,1.4003647297672084],[103.93021873738618,1.4003615127647113],[103.93017864497544,1.4005915662290471],[103.93017854795147,1.4005921206074503],[103.93009644241415,1.4005598455045292],[103.92903499824203,1.400132586987122],[103.92845928543389,1.3999008467953329],[103.9270404140037,1.399304605409052],[103.9249466383199,1.3983297872296006],[103.92457932024246,1.3981393563606432],[103.92443694172137,1.398060672402242],[103.92441410741486,1.3980478521405515],[103.92423598323059,1.397941416474534],[103.9240256854495,1.3978125077210743],[103.92378471713012,1.3976539044743022],[103.92342085141547,1.397388242938522],[103.92283199804544,1.3969195170787763],[103.9221410585488,1.3963161407134546],[103.92123368993727,1.3955321709725306],[103.92063639379444,1.3949981434698515],[103.91989997192242,1.3943172894652476],[103.9192996266051,1.393708854313314],[103.9192912299549,1.393699631022628],[103.91922876549336,1.3936310210973681],[103.91921334514953,1.393610581248746],[103.91900422945987,1.3933771049708823],[103.91888691003514,1.3932482320939585],[103.91846422333577,1.3927968228994874],[103.91794751495486,1.39221799225034],[103.91789618879746,1.3921593316847245],[103.91718188053946,1.3912678813826158],[103.91674318743131,1.390693218553802],[103.91665629097929,1.3905782056389404],[103.91648670254325,1.3903224993520389],[103.91641276359248,1.390181594953647],[103.91620643175887,1.3897528083948767],[103.91596188274825,1.3891720584879048],[103.9156788660878,1.3884696287291913],[103.91561566786872,1.3883009355523839],[103.91537936278853,1.387670410928575],[103.9151403107199,1.3871394386699316],[103.91493697365604,1.3867688611945461],[103.9147666133396,1.3865254911935612],[103.91432583081242,1.3859263603270122],[103.9143502558041,1.3858973475131755],[103.91606377761754,1.3838619443157116],[103.91632180048862,1.3835990648910104],[103.91696662525143,1.3828938061041678],[103.91704833773613,1.3828092470535855],[103.91749836581802,1.3823650548592148],[103.91749852126586,1.3823648993032098],[103.91681575245637,1.3816737811412267],[103.91667734248179,1.381494690457854],[103.91653398857576,1.381315600843377],[103.91633131131782,1.3809424939259223],[103.9162126743611,1.3807584285167998],[103.91606437538076,1.380544513821047],[103.91597550578359,1.3804465960945502],[103.91579671900035,1.3802283225095349],[103.9156663565879,1.3800688869055817],[103.91553203354975,1.3799434175067744],[103.91539763992654,1.3798292761562232],[103.9153657190901,1.379805292645517],[103.91529118232677,1.3797492988649778],[103.91509504858443,1.379606445196215],[103.91500161909887,1.3795435436277268],[103.91487621543891,1.379473174925912],[103.91458723872816,1.379311016254721],[103.9145796779327,1.3793050522385102],[103.91434396629536,1.3791525448786845],[103.91410282718864,1.378996526940343],[103.91353517027942,1.378630914873832],[103.91284496098493,1.3782163825316864],[103.91281044866982,1.3781911564752014],[103.91204782604608,1.3777397065838421],[103.91132145919946,1.3772300033804346],[103.91076639116021,1.3767793872561842],[103.91010702362865,1.3759430470906509],[103.91008338483972,1.3759130627823033],[103.91004529076459,1.3758561352418908],[103.91001478010038,1.375810540033575],[103.90985391916345,1.3755155283135791],[103.90953526150017,1.3748391968082028],[103.9094528205979,1.3746510366912206],[103.90925160725409,1.3740865937305178],[103.90889354949506,1.3730403353008416],[103.9086918434157,1.3724279176119711],[103.90852179977547,1.3719116236914124],[103.90705239390508,1.367360354396867],[103.90679132785611,1.366549084125159],[103.90661142295833,1.3660211321502682],[103.90647083442023,1.3656230410399406],[103.90635148363815,1.365316090126147],[103.90621851373767,1.364993985198731],[103.90610892438372,1.364754156740341],[103.9059722341342,1.3644804489254314],[103.90582989578235,1.3642154665717117],[103.90555844949975,1.363709561122131],[103.90520834030625,1.3630601960830748],[103.90488568087302,1.3624766443182328],[103.90460763733878,1.3619578083382715],[103.90417317797774,1.3611696131363638],[103.90365071691123,1.3602255216858845],[103.9032530103482,1.3594968847797626],[103.90312576583001,1.3592637326722388],[103.9024987050146,1.3581163918240469],[103.90197612005528,1.3571602121951676],[103.90197409458574,1.3571565233533556],[103.90197401281756,1.3571565676695057],[103.90197152652654,1.357157928807916],[103.9017604164201,1.3572736192272983],[103.90176029781134,1.357273684344871],[103.90170904264976,1.3573016948528303],[103.90161961244054,1.357155003266881],[103.90161939138338,1.3571546406233124],[103.90045125455441,1.3570064564451882],[103.90044665298697,1.3570058705459487],[103.90025806871442,1.356982545931603],[103.90024430085496,1.356980843397888],[103.90015224435713,1.3569694573055524],[103.90015138352898,1.3569693515189134],[103.90008135798207,1.3569555619168245],[103.90003386810471,1.356929336685692],[103.89999424126285,1.356891879037511],[103.89996578153043,1.3568450346875651],[103.89980419229785,1.3564718796756627],[103.89975876666574,1.356388163975995],[103.89966189281367,1.3561724152958048],[103.89966058352557,1.3561695005674423],[103.89959091765361,1.3561639406502186],[103.89946353409856,1.3562180558583872],[103.8993905400346,1.3562490648809218],[103.89929735085457,1.356284816938977],[103.89928891341366,1.3562878467890631],[103.89923271124864,1.3563013061671496],[103.8991748719086,1.3563151589870246],[103.89916503807952,1.3563175133151504],[103.89913472049935,1.3563173188022415],[103.89894122802347,1.3563160796836837],[103.8989367810257,1.3563160508653453],[103.89874751989147,1.35631483874669],[103.89849302540718,1.3562037445620168],[103.89829483282537,1.3560107586866965],[103.89816530731649,1.3557702375819851],[103.89814396596084,1.3557196353842278],[103.89811280357544,1.355645748795548],[103.897994970992,1.3553663623293293],[103.89787402920908,1.355079602660509],[103.89784210031736,1.3550038974120513],[103.89778569480039,1.3548701579830702],[103.89771143460044,1.3546940839502892],[103.89764869112935,1.3545453150640026],[103.897570335938,1.3543595318846908],[103.89751844511937,1.3542364954728732],[103.89743822980552,1.3540463017549584],[103.89738919481466,1.3539300371398377],[103.89731726299816,1.3537594814570404],[103.89731673640703,1.3537582334489202],[103.89724909011788,1.3535978399860908],[103.89724432024519,1.3535865310427342],[103.89724428070785,1.353586510243416],[103.89723607940236,1.3535821622795288],[103.89722652034821,1.3535770953823614],[103.89720617568341,1.3535663095740964],[103.89720268561328,1.35356445933816],[103.89700148901,1.3534578012765004],[103.8969918439352,1.3534619588918813],[103.89697246123444,1.3534703130126218],[103.89690203978672,1.3535006653218837],[103.89677233086493,1.3535565710867832],[103.895725714163,1.354007733995458],[103.89572558027844,1.3540077918782154],[103.89572555152266,1.354007724051667],[103.8957168052733,1.3539871364347194],[103.89571535670183,1.3539837577688139],[103.8957112023918,1.353974021494976],[103.89568197304926,1.353905412686694],[103.89557543472881,1.3536553045689976],[103.89551373025446,1.3535104505827866],[103.89538049494881,1.3531976788650155],[103.89530653156325,1.3530240410937304],[103.89516902518675,1.3527012373617289],[103.89509402213305,1.3525251614434106],[103.89492707983501,1.3521332605237344],[103.89466975838211,1.3515291872635828],[103.8944407524382,1.350991587615713],[103.89421335152598,1.35045775367004],[103.89408490438788,1.3501562166499148],[103.89399620121604,1.3499479845628894],[103.89390274618573,1.3497285936441126],[103.89377726096052,1.349434011086774],[103.89375692621586,1.3493862738404694],[103.8934971545041,1.3487625423174856],[103.89351299045293,1.348713373464589],[103.89353331707208,1.3486502791038046],[103.89362992488064,1.3483504294056048],[103.89363793231917,1.348328267767544],[103.89372425397129,1.348089364312914],[103.89381693878718,1.3478328482086397],[103.89383180982735,1.3478265073413358],[103.89401481796259,1.3477484660995012],[103.89418991020361,1.347688402894105],[103.89421768181455,1.3476789543056127],[103.89445261146535,1.347599027030701],[103.89501235675057,1.3474123159435003],[103.8953688103957,1.347292633262322],[103.89536280405471,1.34727856241792],[103.895355460575,1.3472613561780298],[103.89532523027768,1.3471905335001793],[103.89532409802318,1.3471878810297664],[103.89544582119831,1.347134464368388],[103.89550104706915,1.347110229615502],[103.89556399239416,1.3470826069157789],[103.89563643810159,1.3470508148524054],[103.89571557172496,1.3470160879537698],[103.89574972116941,1.347001093624429],[103.89577911547958,1.3469881821673468],[103.89582536391636,1.346967854490938],[103.89582971837406,1.3469690029207488],[103.89583130344694,1.346969418887247],[103.89587194391854,1.3469474110465294],[103.89619139512642,1.346774455839066],[103.89620588450613,1.3467775275872138],[103.89620820640141,1.346778030353265],[103.89623478150628,1.3467840491094627],[103.89623618866169,1.3467843773570176],[103.89626076896005,1.3467903753643604],[103.89626126317191,1.3467904983450223],[103.8962841955079,1.3467964566029254],[103.89628442643973,1.3467965180936656],[103.89628506172694,1.346796688097567],[103.89630481134516,1.346802111958915],[103.89630526602048,1.34680224036677],[103.89630648627556,1.3468025839933362],[103.89631272503316,1.3468043916545742],[103.89631361102019,1.3468046095832389],[103.89631363797724,1.3468046177218165],[103.89635350745054,1.3468166049327635],[103.89680239908476,1.3469576848322544],[103.89680932794774,1.3469598623589358],[103.89777256671245,1.3472625935305647],[103.89797136250046,1.3473250716363],[103.89810845536508,1.3473681572935623],[103.89811396628843,1.3473698899072997],[103.89815528788021,1.3473828763708906],[103.89836278872697,1.3474369336783862],[103.89857782488734,1.3466452314833621],[103.89888528761888,1.3456786472177702],[103.89898512339094,1.34525177391546],[103.89903196449613,1.345051489510046],[103.89909205408489,1.3446539973489862],[103.89915214345288,1.3442824296810743],[103.89916930247212,1.3438503738936378],[103.8991607074508,1.343470166889087],[103.89912635477901,1.3431072420706036],[103.89904907478666,1.3427615999012343],[103.89882979090423,1.3421443467141356],[103.8986751852181,1.3417219550526218],[103.89845195950484,1.341238834465614],[103.8981472644549,1.3406960162478951],[103.89794379590596,1.340363263665056],[103.89793972526303,1.3403567396917295],[103.89760044309288,1.3398129428821788],[103.89711720785832,1.3391090439084836],[103.89683744003074,1.3386611079915804],[103.89655767337474,1.3382899624850677],[103.89630334024415,1.3379444124982012],[103.89617617795152,1.3377972386807973],[103.89620899603281,1.337763767323889],[103.89675776877938,1.3372040702846864],[103.89716905958318,1.336830444192171],[103.89755455273821,1.3364592216091637],[103.89759667156854,1.3364187004731356],[103.8981934595325,1.335844697545719],[103.89875609660582,1.3353026646638884],[103.89913691960334,1.3349359619858825],[103.89938928271695,1.3346929426369778],[103.89966445865048,1.3344279845845641],[103.89979748391107,1.3343024661087663],[103.89981180203735,1.3342885113838434],[103.89997782219928,1.3341265000122071],[103.90015089494209,1.3339582664135898],[103.90025910527773,1.3338534874663448],[103.90057590733367,1.333547476387712],[103.90096645377766,1.3331738511779587],[103.90128613454192,1.332864521823799],[103.90147135070261,1.332682089288355],[103.90205957395663,1.332119990775318],[103.90216652080554,1.3320167971358308],[103.90231811298912,1.3318705409473057],[103.9025265300848,1.3316694190046954],[103.90259883401471,1.3315996479988388],[103.9030837246506,1.3311325791214903],[103.90322794604575,1.330992362433185],[103.90329235273478,1.3309297623351217],[103.90379075705665,1.3304513187588787],[103.90396063592388,1.3302867974183568],[103.90426764384354,1.3299853098112495],[103.90468960266874,1.3295811237875426],[103.90475281336649,1.329520571168952],[103.9048230469718,1.3294532735984574],[103.9052132022411,1.3289271765509176],[103.90539529056697,1.328610962192047],[103.90547064705297,1.3284908125253185],[103.90563524569563,1.3280763883654363],[103.90565901251517,1.328016546812515],[103.90575321058266,1.327643424302984],[103.90584108598665,1.3271944529784758],[103.90585311308814,1.3267609955385795],[103.90584924819217,1.3265992691641812],[103.90579364738248,1.326163390020343],[103.9057843928661,1.3260908358914696],[103.90572131531562,1.3255963451393027],[103.90561037462882,1.3247321889052253],[103.90559205967385,1.3245858362327196],[103.90549055183891,1.3237747324045916],[103.9054706401934,1.3236290924147858],[103.90531585916919,1.3224469694019814],[103.90506386876261,1.3205224152284116],[103.90498286786472,1.3198296250569452],[103.90494236219294,1.3192998453067037],[103.90498657799158,1.3188248621293426],[103.90504318689275,1.3182033698211977],[103.90506946488824,1.3178222637564696],[103.9050861673533,1.3176096310264898],[103.90508759853216,1.317602214296155],[103.90521657799202,1.3169337580712852],[103.90523247507787,1.3168687193710216],[103.90546127400624,1.3162804519972606],[103.90551904321097,1.3161423213808578],[103.90561005102714,1.3159228702910688],[103.90585337924662,1.315331353083121],[103.9058718753513,1.3152814714434338],[103.90589002015295,1.3152326497284734],[103.90608509015397,1.3147137308254058],[103.90618308124859,1.3145200294680917],[103.90624004422098,1.3144074426211805],[103.90631662919586,1.314246209458729],[103.90636625445929,1.31412867595422],[103.90647814309395,1.3138636171483378],[103.90666952894559,1.313410332529388],[103.9067062069821,1.313323499844792],[103.90677113523711,1.3131696493377474],[103.90680110969679,1.313100055835947],[103.9071922648679,1.3121728939269945],[103.90721535968072,1.3121224469147372],[103.90766298830256,1.311072822436237],[103.90783738373338,1.3105799054027345],[103.90797713917803,1.3101778852103776],[103.90801732240958,1.3100622909174233],[103.90802237672273,1.3100313271526487],[103.90805750626299,1.3098161345036647],[103.90821543108551,1.309108517416322],[103.90842927365348,1.3085026938438051],[103.9085351565506,1.308257457894672],[103.90868826213001,1.307967356828035],[103.90901789363232,1.3073211742792314],[103.90906232595695,1.307233967827917],[103.90952514297337,1.3063933347870955],[103.90990923160719,1.3056956939756537],[103.90998325114901,1.30554733713054],[103.91015804800816,1.3056057961779945],[103.91054835798978,1.305736352593426],[103.91163981805998,1.3059550263704627],[103.91187628487589,1.306012478610971],[103.91211892925385,1.3060714300688712],[103.91320010619346,1.3063341378522169],[103.9133828009557,1.3063788202383653],[103.91355447316639,1.3064207120979978],[103.9147657656569,1.3067227521132672],[103.91598492174103,1.3070296133291885],[103.91652608893868,1.3071528149152356],[103.9166024991406,1.3071678437973149],[103.91694977707759,1.3072360827109686],[103.91825976348727,1.3074711775673347],[103.91832481726664,1.3073078535895333],[103.91852024252029,1.3068116442422155],[103.91856194810877,1.3066918345179641],[103.91859389491368,1.3065552157174616],[103.9187810804126,1.3056603522423542],[103.91907763719941,1.3042469770933618],[103.91912689607715,1.303999715118998],[103.91914124610373,1.3039276766275811],[103.91917678202472,1.3037493032233376],[103.91934362921974,1.3029255179759314],[103.91943651429685,1.3024161382277955],[103.91946508401918,1.3022452559045852],[103.91946856247836,1.3022244508967002],[103.91948357501441,1.3021347383999],[103.91950752830492,1.3019990332721407],[103.91950883367147,1.301992586922363],[103.91967656746334,1.3018269993784337],[103.91968742366468,1.3018265612922437],[103.91977067460891,1.301823198710421],[103.91980514851339,1.3018332142538909],[103.92022399271197,1.3020752635725075],[103.92034741201569,1.302171202333446],[103.92044090052137,1.3022327844459662],[103.92060373382999,1.3023351400914647],[103.9210011149045,1.3025328228365651],[103.92109152958773,1.3025704954622903],[103.9211855507517,1.3026000576242391],[103.9212786875618,1.302624206292392],[103.92138979474042,1.3026330669609398],[103.92146731487838,1.3026323696824569],[103.92149201249401,1.302612591283168],[103.92151449842949,1.3025824317705623],[103.92151867300078,1.3025287757248152],[103.92148654024044,1.3024799828165987],[103.92145258031103,1.302444715635778],[103.92142937415203,1.3024090257383467],[103.92146260141735,1.3023825031992253],[103.92156957568238,1.3024287874804734],[103.921734245089,1.3025144592820719],[103.92183803550297,1.3025774237475367],[103.92209001119787,1.302690387037655],[103.92235585181133,1.3028133077563688],[103.92242433628353,1.3028410005538804],[103.92254119776021,1.3028755846861335],[103.92275553788885,1.3029866428469812],[103.92301468404999,1.3030996247735085],[103.9231986405752,1.3031785844981105],[103.92327251437872,1.3032017796770314],[103.92334640145356,1.3032191127679726],[103.92342434518798,1.303228787559222],[103.9234960152969,1.303238899381644],[103.9235708736046,1.3032282740285073],[103.92363229235602,1.3032171580885892],[103.92368161662553,1.3032042112474091],[103.92373016742019,1.3031457080188062],[103.92378721151805,1.3030944448178783],[103.92380612019217,1.3030606697697962],[103.9238138240735,1.3030286694880788],[103.92381216803382,1.302977702325868],[103.92377071785599,1.3028937065279163],[103.92372118992253,1.3028141993774407],[103.92374857776434,1.3027944280948147],[103.92381846765086,1.3027991228348295],[103.92386729123136,1.3028060168427398],[103.92392135782893,1.3028634356481217],[103.92394759177583,1.3029397241027583],[103.92400527283782,1.3029863283946803],[103.92410997337026,1.303044332292939],[103.92421555644019,1.3031068489289397],[103.92434347735374,1.3031946787904642],[103.92445800126708,1.303265788353407],[103.9245854835605,1.3033495594333164],[103.92474391496148,1.303422589153439],[103.9248598495818,1.303467993917717],[103.92502454666689,1.3035441958972922],[103.92520098026424,1.3035875048256311],[103.92533266015428,1.3036095004411719],[103.92549214080559,1.3036252549169893],[103.92566199688902,1.3036144270405166],[103.92574360026043,1.3035952488068736],[103.92582074034257,1.3035701959897381],[103.92589972352958,1.303525755355503],[103.92592308220114,1.3035037178637472],[103.92597492663442,1.3033856928791612],[103.92598760420796,1.3033365664753083],[103.92598458616037,1.3032919082086019],[103.92595558125815,1.303246282330258],[103.92593193907153,1.3032060815302875],[103.92594678492425,1.303184020839931],[103.92600551256723,1.303174252443911],[103.92608607379174,1.303209192260307],[103.92616029229741,1.3032716267709172],[103.92622595808467,1.3033484690127188],[103.92629965197433,1.303438863746877],[103.92636889499438,1.3035188729325722],[103.9264579274492,1.303570971815264],[103.92654250367374,1.303613590417165],[103.926664269788,1.3036563034916224],[103.92676863017098,1.303674168012156],[103.92688018216134,1.3036825789470166],[103.9269600035912,1.303660240894566],[103.92701254087677,1.3036184347225475],[103.92703066179892,1.3035445186015122],[103.92700705413613,1.3034907876286905],[103.92698163440879,1.3034451697688652],[103.92700143273386,1.3034150039812826],[103.92707398980258,1.3034273738624544],[103.92712948223704,1.3034541273791453],[103.92718568621287,1.3035507899795362],[103.92727004018604,1.3036574971920063],[103.92734564191353,1.3037043430976833],[103.92741032256212,1.3037225581659015],[103.92748443442328,1.3037429858550944],[103.92756028902632,1.303751667602644],[103.92764828502138,1.3037670665025922],[103.92772277458423,1.3037716913217328],[103.92781250518266,1.3037739859226654],[103.92788648203603,1.303764165357472],[103.92793260635352,1.3037454405756475],[103.92797011466266,1.3037064366709938],[103.92800264647474,1.3036579742159458],[103.92804159956992,1.3036410900834088],[103.92807887606006,1.3036503999991491],[103.92811178385975,1.303660658757148],[103.92814414281233,1.3036993145503533],[103.92818916667335,1.3037356800144793],[103.92823415610353,1.3037643701457495],[103.92828044717118,1.3037835734533154],[103.92831424993834,1.3038181857798732],[103.92835030942283,1.3038653216462746],[103.92838108026385,1.3038936189164074],[103.92845879212584,1.3039491221781614],[103.9285463789464,1.3040031265310157],[103.92864950045902,1.3040741196616044],[103.92875789519533,1.3041359821322838],[103.92887944853351,1.3042058070158897],[103.92901817147721,1.304280824995809],[103.92912605209163,1.304338164746914],[103.92922397438878,1.3043785209283592],[103.92937729353869,1.3044829708369245],[103.92948849940932,1.3044856977409152],[103.92949575089857,1.3044680460954734],[103.92953077827727,1.3044518882945078],[103.92949989356902,1.304406957086801],[103.9294834899289,1.3043886289827016],[103.92947592033593,1.3043584343854961],[103.9294852275444,1.3043130991902316],[103.92950156763966,1.3042907336528191],[103.92953209925975,1.3042894356213781],[103.9295640796432,1.3042962587179379],[103.92959536876572,1.3043193667140085],[103.92994242636196,1.3045518163458723],[103.93025804131096,1.3047631593002553],[103.93033633520068,1.3048109708643898],[103.9303881760343,1.304838436179432],[103.93055065481254,1.3048670430216174],[103.93068347329468,1.3048901226344152],[103.93081713372197,1.3049133622794635],[103.93082015914587,1.3049139174406374],[103.93085733403167,1.3049207629262825],[103.93094914983996,1.3049373001499793],[103.93108522521318,1.3049515213737357],[103.93122080953762,1.3049310141487656],[103.93140026475233,1.305011339910158],[103.93150134539975,1.3050492848406798],[103.93159638919177,1.3050993122996117],[103.93168967824671,1.3051523965720697],[103.93177633376621,1.3052163443154534],[103.93185702054613,1.305287851864626],[103.93193262091583,1.305365823096835],[103.9320016932084,1.305393894523982],[103.93209168294251,1.3054500528413482],[103.9320801548159,1.305547651292052],[103.93208014493366,1.3055476965106039],[103.93208024647315,1.305547794177842],[103.9320801548159,1.305547651292052]]]]},"properties":{"OBJECTID":4,"REGION_N":"EAST REGION","REGION_C":"ER","INC_CRC":"77F97094A422F87D","FMEL_UPD_D":"20191223152214","SHAPE.AREA":113461583.990466,"SHAPE.LEN":60588.9842611327,"fill":"#F28E2B","fill-opacity":0.65,"stroke":"#000000","stroke-width":1.5,"stroke-opacity":1.0}},{"type":"Feature","geometry":{"type":"MultiPolygon","coordinates":[[[[103.8612314999444,1.2213359682466693],[103.86090181089908,1.2217424928913487],[103.86087097347027,1.2217141684901756],[103.8611981287232,1.2213102484475182],[103.8612314999444,1.2213359682466693]]],[[[103.86051079232176,1.22516723760736],[103.85985051806063,1.2254305954196998],[103.85956018880037,1.2254614823687286],[103.85955612712102,1.2254232277595885],[103.85983894479408,1.2253962296563783],[103.86049732317254,1.2251328718663295],[103.86051079232176,1.22516723760736]]],[[[103.83604239261278,1.2127436738112476],[103.83629806535369,1.212964175915142],[103.83646544191117,1.2131672148026078],[103.83661360656592,1.2134771768244061],[103.83659452211003,1.2134873238274415],[103.83640023571971,1.2131365288552263],[103.83626491915143,1.2129885666864964],[103.8360042147287,1.2127711032522546],[103.83591091197282,1.2127312027414796],[103.8359250285025,1.2126864004655817],[103.83604239261278,1.2127436738112476]]],[[[103.81123207345169,1.2548165706678545],[103.81120497384792,1.2548119943501252],[103.81118818944314,1.254797533409982],[103.81117224073003,1.2547760274730746],[103.8111503798542,1.254735602168706],[103.81113090018697,1.2546826604721213],[103.81112443114769,1.2546386630569504],[103.81113577105475,1.25458305374655],[103.81116014860713,1.2545288915313746],[103.8111991810727,1.254486151571387],[103.81124447621256,1.2544520483502801],[103.81132677283941,1.2544108642633616],[103.81137093755231,1.2543856880178985],[103.81149143122192,1.2542751421610232],[103.81154448808682,1.2542122132677445],[103.81160224608618,1.2541452636055208],[103.81164091009256,1.2541085286194888],[103.81169213726629,1.2540795920773196],[103.81169611598496,1.2540756671660638],[103.81173153068144,1.2540665903482846],[103.8117608344806,1.2540576834999897],[103.811763622623,1.254056836133056],[103.81180972615967,1.2540551363086403],[103.81185540730309,1.2540638095472108],[103.8118977818125,1.2540783339996782],[103.8119401023332,1.254102399502453],[103.81196439835539,1.2541273420906431],[103.81197031941858,1.2541573218411324],[103.81196885463555,1.2541796053842569],[103.81194737059968,1.2542050540405527],[103.81192219373236,1.2542153183768618],[103.81192099329687,1.254215400664211],[103.81186099503843,1.2542006309836984],[103.81182067817001,1.2541847319127344],[103.81179811571423,1.2542326395607997],[103.81177046674549,1.2542731024332952],[103.8117341937082,1.2543118035307108],[103.8116441380649,1.2543805535174133],[103.81155123304723,1.2544654907071915],[103.81149832447089,1.2545240424747701],[103.81141083743324,1.254625941071413],[103.81135188435968,1.2546946632742588],[103.81128825896805,1.2547589630909393],[103.8112575746618,1.2548104374807367],[103.81125460054396,1.2548087698063204],[103.81123207345169,1.2548165706678545]]],[[[103.82898942561333,1.2406222246217427],[103.82894961825977,1.2406359690982438],[103.82893300722777,1.240641704554696],[103.82888128811118,1.24066921525754],[103.82885249933899,1.240696966559665],[103.82881625280038,1.2407319057434227],[103.8287949011193,1.2407568562385998],[103.82876799834197,1.240788294640018],[103.82872205310252,1.2408372767886477],[103.82869505957856,1.2408652632271093],[103.82865942045589,1.240890134111765],[103.82863080600653,1.2409101015403194],[103.82860869149285,1.2409249231421586],[103.82858805774924,1.2409387526578601],[103.82854485034514,1.2409673115286124],[103.82849760856058,1.2409980417721052],[103.82848112690174,1.2410099061089837],[103.82845254389699,1.2410304821734097],[103.82843277093762,1.2410447159407105],[103.82840014003654,1.2410879906595003],[103.8283737646786,1.2411229705519358],[103.82836205505721,1.2411486355102066],[103.82834288046182,1.2411906658471206],[103.8283338790044,1.241210395461495],[103.82834709715813,1.241233415198718],[103.82835616234436,1.2412492018150487],[103.82837432960476,1.241254974412542],[103.82839560755593,1.2412617363913023],[103.8284330310852,1.2412753923760567],[103.82845666225327,1.2412928918868766],[103.82847759783819,1.241315482968639],[103.82846836992383,1.241351232508391],[103.82845347234894,1.2413701065827445],[103.82842894259161,1.241387262345135],[103.82841220307708,1.241386339861322],[103.82838749365297,1.2413827223540799],[103.82834573744003,1.2413669573807842],[103.82831873859544,1.241352564357066],[103.82829552972883,1.2413379922760108],[103.82827031896316,1.2413161662775403],[103.82824024628668,1.24129116956497],[103.82822444755108,1.2412783311657665],[103.82819883068409,1.2412405919555405],[103.82818544091819,1.2412150942565587],[103.828185280083,1.2412147117097518],[103.82818485149033,1.2412128432903906],[103.82818467987349,1.241212138789555],[103.82818435550865,1.241210803041496],[103.82818400059422,1.241209344299715],[103.8281837948337,1.2412084996222064],[103.82818363040498,1.241207824061056],[103.8281836115361,1.241207743572517],[103.82818344171629,1.2412070481153383],[103.8281833347927,1.2412066076892776],[103.82818322427495,1.2412062034378073],[103.8281832116958,1.2412061021488823],[103.82818227184644,1.2412022368901192],[103.82817594538447,1.2411762191949114],[103.8281682271162,1.2411459229451354],[103.82816875731027,1.2411126694373102],[103.82819057358894,1.2410609940518158],[103.82821872445282,1.2410158662825923],[103.8282465922425,1.240990632738473],[103.82828523784612,1.2409592142610848],[103.82831194922622,1.2409377899003156],[103.82832916228907,1.240923439465923],[103.82833842788965,1.240915498252595],[103.82835287798541,1.240903114807127],[103.82836214448436,1.2408951744980958],[103.82838034862162,1.240879574232492],[103.82840140288322,1.2408614842546895],[103.82845794802274,1.2408127824846062],[103.82852584963403,1.2407518555250823],[103.82859269996244,1.2406943470623744],[103.82860630813695,1.2406827395593336],[103.8286212524268,1.240665764651043],[103.82865339629313,1.2406371071834679],[103.82866176874742,1.2406354341227017],[103.82873169292496,1.2405763457358168],[103.82880077158998,1.2405160156521362],[103.82882549091977,1.2405022783869757],[103.8288587534278,1.2404837932187336],[103.8288837485975,1.2404739492457435],[103.8289114069952,1.2404630562133543],[103.82895874128353,1.240450585096159],[103.82898210381188,1.2404540615148283],[103.8290059677168,1.2404576120920554],[103.82905601547787,1.2404890659962395],[103.82908325870052,1.2405134115520893],[103.82909342279329,1.2405234427874885],[103.82911391180713,1.2405484376663516],[103.82913191370095,1.2405763644931036],[103.82914823981837,1.240622478101603],[103.82916089099781,1.2406515444197965],[103.82916422444599,1.2407012212064548],[103.8291697952465,1.240734194371089],[103.82916457476738,1.240767131344016],[103.82914442981746,1.2407858968902292],[103.82911783347978,1.2407927428924135],[103.8290891795477,1.2407826591741455],[103.82907158647637,1.2407580061498853],[103.82906831138013,1.2407419455226862],[103.82906424200942,1.2407126675965638],[103.82906181064953,1.240683052344848],[103.82904839574071,1.240644336448077],[103.82902854737868,1.2406168979749599],[103.82898942561333,1.2406222246217427]]],[[[103.81422064298785,1.252570070109599],[103.81422552184075,1.25259172968923],[103.81422495841072,1.2525989989716626],[103.81422398521353,1.25261153527335],[103.81422008102157,1.2526233408265461],[103.81421741504607,1.2526290518725],[103.81421592523611,1.2526359078532776],[103.81421286931972,1.2526387864249229],[103.81420024580623,1.2526506760199918],[103.81416796517985,1.2526631207505552],[103.81416714302719,1.25266298870719],[103.8141627052022,1.2526619676463393],[103.81415903202368,1.2526611229423072],[103.81415875168325,1.2526610578259663],[103.81415741467502,1.2526607503319913],[103.81413071763997,1.252654609496308],[103.8141000780038,1.2526289976509457],[103.81406615890177,1.252581120312553],[103.81404507986444,1.2525207447433646],[103.81403453146625,1.2524761504228037],[103.81403048853926,1.2524144907812214],[103.81403917762309,1.252371587765858],[103.81405899059978,1.25231344628107],[103.81407773413765,1.2522812238916208],[103.81411929141973,1.2522340615591145],[103.81416549402834,1.252195662557828],[103.8141847244187,1.25218380104675],[103.81421839961544,1.2521630280279605],[103.81429144309428,1.2521199192877948],[103.81436893967951,1.2520764868152412],[103.81441832030103,1.2520486110246607],[103.81446223335465,1.2520238208872156],[103.8145047887257,1.2519997976407942],[103.81457055045846,1.2519656438631253],[103.8145793111417,1.2519610940654142],[103.81459325275816,1.2519538538187964],[103.81461634052773,1.2519418621036078],[103.8146234398259,1.2519381750581258],[103.81463423207278,1.2519348443589613],[103.81464604415147,1.2519311989480095],[103.81464647993616,1.251931415094396],[103.81464911173374,1.2519302520997646],[103.81469760451253,1.251915286109109],[103.81473641375818,1.2519135708058167],[103.81475217215038,1.2519131187357078],[103.81476586212423,1.2519135511198067],[103.81478406270907,1.251914127330008],[103.81478684994319,1.2519142150732663],[103.81480645223184,1.251914834702824],[103.81481867758971,1.2519173914298507],[103.81482003795892,1.2519177658466536],[103.8148209230086,1.2519178608112842],[103.81482269580232,1.2519182316135617],[103.81486042674679,1.2519261215624389],[103.81487481213756,1.25193285647125],[103.81490539344792,1.2519471736915453],[103.81491979321532,1.2519539158351372],[103.81493597475861,1.2519614918158488],[103.81495360201882,1.2519712509439964],[103.81496225840712,1.2519760441400456],[103.81496625504562,1.2519782571496083],[103.814977154152,1.251984291150343],[103.81501061513714,1.2520143976998914],[103.81502617751418,1.252033633654865],[103.81502703827033,1.252038532606632],[103.81502759086358,1.252038774075989],[103.81503518952597,1.2520664169528635],[103.81503511578735,1.2520749677243104],[103.81503408874396,1.2520786475786652],[103.81503503665394,1.252084043027476],[103.81502909456998,1.2521007746443578],[103.81502504302651,1.2521121849902719],[103.81502467283146,1.2521123821392628],[103.81502357120831,1.2521163287807917],[103.81500279627889,1.2521243051348177],[103.81498839193848,1.2521289561831166],[103.81497133065817,1.2521323899371715],[103.81496569689163,1.2521314900541824],[103.81494466236622,1.2521281301894618],[103.81493128425389,1.2521171791380792],[103.81491908860136,1.2521067462961815],[103.81491771565473,1.2521060725344806],[103.8149144585124,1.2521027860486929],[103.8149002663572,1.2520884644226908],[103.81484031637164,1.2521133792561496],[103.81478302601084,1.2521408625039947],[103.81472344798395,1.2521700025310785],[103.81469601222398,1.2521834213041683],[103.8146516948632,1.2522038108020772],[103.81464389561144,1.2522073992668172],[103.81461125376586,1.2522224169191352],[103.81458959107667,1.2522320364948227],[103.8145246353553,1.2522608789424583],[103.81450281451967,1.2522711731726268],[103.8145028810102,1.2522712536615985],[103.81449615550221,1.2522744613959373],[103.81447443170697,1.2522848207408592],[103.81445277979407,1.2522951466245984],[103.81444317808668,1.2522997262598008],[103.81442976570838,1.252305965377248],[103.81441291824508,1.252313712950659],[103.8144019238151,1.2523187691759738],[103.81439624419713,1.2523215328744053],[103.81439606179634,1.2523214650456949],[103.8143949952396,1.2523219552038285],[103.8143742068174,1.2523315150959538],[103.81435985727104,1.2523381141435133],[103.8143523185919,1.2523416818088675],[103.81434014977648,1.252347926361105],[103.81433202075976,1.2523520981379754],[103.81431791560831,1.2523593356688285],[103.81430790237043,1.2523644741981537],[103.81430795807906,1.2523644922858486],[103.81430622571015,1.2523653351414565],[103.81429695645654,1.252370091129734],[103.81427168974328,1.2523830568272238],[103.81424641316956,1.252392758670773],[103.8142419762238,1.2523944615577192],[103.81424167162182,1.2523945791229505],[103.81423924468974,1.2523955106012015],[103.81423456783621,1.2523973048272299],[103.81423209597759,1.2523982534880858],[103.8141879286889,1.2524152063917366],[103.81417638235826,1.2524482698944361],[103.81417344413718,1.2524528161161264],[103.81416579397987,1.2524646514857254],[103.81416187994586,1.2524707070855465],[103.81416084480968,1.2524750254212105],[103.8141586226814,1.2524842942426353],[103.81415863076748,1.2524843873922924],[103.8141585903334,1.2524844298971656],[103.81415836569447,1.252485366817734],[103.81415818238911,1.2524861319092453],[103.81415803412742,1.252486750493884],[103.81415845013615,1.2524881169925803],[103.81415883649419,1.2524893849152794],[103.81415911592987,1.2524903028479075],[103.81415922015668,1.2524906465074137],[103.81416372167688,1.2525054347184528],[103.81416888456941,1.252512609989042],[103.81417401960786,1.2525197472760967],[103.81417483815905,1.2525208849734026],[103.81417827319878,1.2525256591419582],[103.8141852591873,1.2525353693612862],[103.81419024508642,1.2525402592999648],[103.81420773751474,1.2525574134254631],[103.81420831256492,1.2525585239900132],[103.81420878069889,1.2525584371743985],[103.81422064298785,1.252570070109599]]],[[[103.81327173033276,1.253051528853717],[103.81323717452455,1.2530768471919034],[103.81321224740284,1.253095109747733],[103.81315509168478,1.2531354892060091],[103.81311429911142,1.2531706225683383],[103.81305966367997,1.253221837242004],[103.81299490980041,1.2532878155952598],[103.81294158798264,1.253342990491244],[103.81289710415398,1.2533901292674525],[103.81284783649771,1.253444824879756],[103.8128084473258,1.253491732176988],[103.81277884770714,1.2535279807042023],[103.81272993138484,1.2535808585431016],[103.8127173824081,1.2535965808304859],[103.81268489667744,1.2536372815229215],[103.81271663253293,1.2536607771791384],[103.81272550089241,1.2536761785865536],[103.81272796270181,1.2536966082130019],[103.8127174766658,1.2537226900185743],[103.81270819925058,1.2537360383734855],[103.81270485670083,1.253738883479499],[103.81269933160985,1.2537435870384117],[103.8126941865991,1.2537479668376434],[103.81268859863617,1.253749463517501],[103.81268855281049,1.2537495539536425],[103.81268804873534,1.253749610924646],[103.81267955941651,1.2537518844310491],[103.81266224382976,1.2537565218776157],[103.81265340951532,1.253753758972114],[103.81264519698136,1.2537511905100236],[103.81264045365896,1.253749707313596],[103.81263734655367,1.2537487350964318],[103.812631785572,1.2537469959581493],[103.81262122249225,1.2537436931328434],[103.81261480431901,1.2537413227408931],[103.81261046444654,1.2537385137484265],[103.81260183501901,1.2537329283210106],[103.8126011144025,1.2537324616628933],[103.81258213127938,1.2537201748077156],[103.81255832045167,1.253696353641741],[103.81253995474624,1.2536678569516857],[103.81252632441071,1.253623850438403],[103.81251916343561,1.2535858760918144],[103.81252769981927,1.2535403052041794],[103.81255350601613,1.2534833394545448],[103.81262948645018,1.2533765978506917],[103.8126975147777,1.2532853208241446],[103.81272174654012,1.2532546946929228],[103.81272753043856,1.2532458609006913],[103.81272895999999,1.2532455769413693],[103.81274238145602,1.253228613871881],[103.81277298295451,1.2531893836612251],[103.81281270734175,1.2531337230174309],[103.81286095253759,1.2530699584245637],[103.8128650678411,1.253064519605349],[103.8128668631198,1.2530621465655098],[103.81287347546002,1.2530534068333987],[103.81287912994776,1.2530473630060215],[103.8128886427495,1.2530371953042028],[103.81289908463746,1.253026035521135],[103.81291692417292,1.2530069671234643],[103.81292141775184,1.2530021640757847],[103.81292683951852,1.2529963689468846],[103.81293455702532,1.2529906416633294],[103.81295592955009,1.2529747792672528],[103.81298007764542,1.2529568576534253],[103.81303685768177,1.2529288824674008],[103.81303937356891,1.2529279736001047],[103.81303993695103,1.252927364966805],[103.81305259816575,1.25292112675516],[103.81306291868847,1.252918128865291],[103.81307939234887,1.2529133430935198],[103.8130819262052,1.2529126069600611],[103.81312804059333,1.2528992100540883],[103.81313071911308,1.252898431416534],[103.81314434711618,1.252895857699228],[103.81315260999014,1.2528952210902784],[103.8131580982061,1.2528947987943326],[103.81317942209957,1.2528931566325014],[103.81319746366607,1.2528917676673412],[103.81319927060635,1.2528918662571105],[103.81319925623168,1.2528916293133465],[103.81320451711977,1.2528912241984687],[103.81321184462007,1.2528912884650405],[103.81322324334516,1.2528924452360384],[103.81323342546345,1.2528934790039667],[103.81323902508942,1.252894046988457],[103.81325974604164,1.2528961488927501],[103.81326312720218,1.252896492577537],[103.81327606241004,1.2528978049109643],[103.81328159104467,1.2528993722182336],[103.81329512555196,1.2529032095434738],[103.8133005499575,1.252904747910217],[103.81330878315744,1.2529070821398203],[103.813325472392,1.2529118139062272],[103.81333635353896,1.2529163701811092],[103.81334021809828,1.2529179881199153],[103.8133505763033,1.2529223255343571],[103.81335776271239,1.2529253344121376],[103.81336823592066,1.25293079324009],[103.81336777587344,1.25293086558578],[103.8133700410561,1.2529319237102823],[103.81338769975541,1.2529429896567519],[103.81338797021114,1.2529431732449432],[103.81339836074704,1.2529496711876227],[103.81341518921006,1.2529602162132565],[103.81341976359768,1.2529630830855694],[103.81342863292642,1.2529693612557815],[103.81343986806847,1.252977314328173],[103.81345174206105,1.2529857195879255],[103.81345698043884,1.2529915835311158],[103.81345702716192,1.2529916359846422],[103.81346063652103,1.2529956767153667],[103.81347477564857,1.253011505020906],[103.81347496164149,1.2530118396373922],[103.81347503801672,1.2530117998459114],[103.81347871566348,1.2530159165438042],[103.81348107067114,1.2530206907050307],[103.81349000999631,1.253038815153757],[103.81349162801634,1.2530693962712616],[103.81349154175389,1.2530698891495604],[103.8134916558668,1.2530699198988413],[103.81349204038239,1.2530771873795536],[103.81348914078261,1.2530835314784874],[103.81348800502369,1.2530860157607098],[103.81348566521649,1.2530911335448534],[103.8134829830642,1.253097001949388],[103.81347425738547,1.2531058655649776],[103.8134684914828,1.2531117221892414],[103.81346513815524,1.253114181132299],[103.81344918024813,1.2531191767231478],[103.81344912903337,1.253118994041001],[103.81344867437637,1.25311918938039],[103.81342197279442,1.2531198547889726],[103.81339734420527,1.2531089931758723],[103.81337000124074,1.253087621010779],[103.8133301139943,1.2530561840700594],[103.81331623450548,1.2530451905014819],[103.81329636815639,1.2530294534919078],[103.81327173033276,1.253051528853717]]],[[[103.82235533213684,1.247267117082472],[103.82233409716748,1.2472880810819589],[103.8222981245015,1.2473235926370347],[103.8222429026161,1.2473781084394393],[103.82221058337268,1.2474100143048727],[103.82218021483828,1.2474399938804528],[103.82214993615625,1.2474698857326116],[103.82211293017517,1.2475064192132506],[103.82207645702168,1.2475424263551216],[103.82204761239215,1.2475709028807702],[103.82202785190671,1.2475904108561404],[103.82200557463665,1.2476124040159027],[103.82197517734461,1.247642413432938],[103.821933129703,1.2476839236104726],[103.82186376133468,1.2477524063582641],[103.82178327364427,1.2478318653348899],[103.82176095773332,1.2478538973800217],[103.82170837660796,1.2479058058976535],[103.82158283300512,1.2480227714030225],[103.82149131944996,1.2481073969588357],[103.82137510348028,1.2482148666620396],[103.82130650514425,1.2482783030405122],[103.8212775077564,1.2483051173334987],[103.82128618749108,1.2483132358594424],[103.82130723989123,1.2483329266987673],[103.8213422463585,1.2483656558343208],[103.82138396850317,1.2483795787268925],[103.82141731818523,1.2483907070923246],[103.82143252205884,1.2484137603335785],[103.82144783734933,1.2484369835958946],[103.8214615254185,1.2484577388382394],[103.82140020976443,1.2484937503790219],[103.8213008597109,1.2484732660528162],[103.8212189233235,1.248407183712976],[103.82120866221572,1.2483914838864314],[103.82119771913077,1.24837474855861],[103.82115683104391,1.248312220562164],[103.82113653795268,1.2482811871775261],[103.82109821626148,1.2481754938436525],[103.8211285690428,1.248058794706925],[103.82112874515721,1.2480581182426036],[103.82113452638247,1.2480358600345751],[103.82114231665675,1.2480260278130229],[103.82114281085482,1.2480242380767073],[103.82118236423655,1.2479754848400815],[103.82119463546404,1.2479657421713586],[103.82123111040012,1.2479367827596812],[103.82125306868144,1.2479193485099092],[103.82127448335171,1.247902346543988],[103.82129959458142,1.2478809710850256],[103.82130965182317,1.247874424431989],[103.82142805832851,1.2477804144077964],[103.82184148086388,1.2474760250345567],[103.8219114116325,1.2474239438560604],[103.82194368951359,1.2473999041622992],[103.82197385315384,1.2473774398630497],[103.82199933725131,1.247358460966468],[103.82201642099504,1.2473457366226988],[103.82203835949404,1.2473293984566487],[103.82214140106937,1.2472526571855662],[103.82225017695227,1.2471959720407266],[103.82234529507078,1.247176438154681],[103.82247773785483,1.2471891359945741],[103.82254529699193,1.2472351946872802],[103.82255149501823,1.2472379087126684],[103.8226191547907,1.2472844991706056],[103.82261978465199,1.2472859723840193],[103.82265591521151,1.247310602012509],[103.82265106292901,1.2473696389502114],[103.82263463694757,1.2473729958865158],[103.82263586254356,1.2473716429612611],[103.82262682155528,1.2473745938677603],[103.82259827443758,1.2473804278103664],[103.82259392558049,1.2473773420985788],[103.82257217770122,1.247361909922129],[103.82255586589338,1.2473503357896694],[103.82252395750336,1.2473276939718894],[103.82251431453166,1.2473234226153687],[103.8224842992999,1.2473101265144693],[103.82244356466396,1.2472920752166217],[103.82242101348093,1.2472820791745327],[103.82239090120946,1.2472687324277132],[103.82236522405807,1.2472573517890013],[103.82235533213684,1.247267117082472]]],[[[103.81450840504843,1.2601969445197603],[103.8144530285501,1.2602005615765695],[103.81423528759181,1.2601888032337099],[103.81417808714374,1.260183042005771],[103.8141337985327,1.2601848142331111],[103.81399909980657,1.2601751093936733],[103.81398617890186,1.2601788352810688],[103.81388103296094,1.2601561258870617],[103.81374268634104,1.2601277006507552],[103.8135102636502,1.2600822002765828],[103.81339596194255,1.2600257579772258],[103.81333700966438,1.2599806839693986],[103.81323020207225,1.2598774498739886],[103.81317504197513,1.2597836939223483],[103.81314763777547,1.259654441858558],[103.81314407104016,1.259598253631295],[103.8132254966978,1.2594954822224793],[103.81331603306593,1.2594432648867586],[103.81346004984248,1.259409913013329],[103.81350433841234,1.2594118939122108],[103.81355783689501,1.2594176370392156],[103.81366304502654,1.259410402920079],[103.81377191276192,1.2594181541529794],[103.81389186574218,1.259416572417345],[103.81397674090847,1.2594242691995463],[103.81408932684859,1.259420788233111],[103.81419263981375,1.2594360085579281],[103.81428302288055,1.2594568295162594],[103.814378967963,1.2594626805576563],[103.81452471853014,1.2594798826433007],[103.81460959368738,1.2594894423967884],[103.81472210754812,1.2595140509805665],[103.81478283870621,1.2595909676630526],[103.8149080390665,1.259724208658425],[103.81493556958172,1.2597916563989238],[103.81493721321038,1.2598890384381234],[103.81490757031777,1.259939528927491],[103.8148076888835,1.2600422640830602],[103.81473930131416,1.2600945178046348],[103.81464691396359,1.2601485981685503],[103.81450840504843,1.2601969445197603]]],[[[103.81601493049439,1.2490434593718913],[103.81594728721075,1.249096800185933],[103.81591517537164,1.2491377116412206],[103.81587987460745,1.2491862812385945],[103.81585410823494,1.249216840467969],[103.81578239907736,1.2492746750406059],[103.81566378023864,1.2493710705183694],[103.81561099324308,1.2494168228961702],[103.81554644891423,1.249477410398131],[103.81542824873799,1.2495787771626679],[103.81537508263234,1.2496132358213696],[103.81531689546144,1.2496612137983898],[103.81524610279983,1.2497158912234825],[103.81521501091039,1.2497364806883333],[103.81500416832237,1.2497948180007432],[103.8147749013895,1.2498571090492645],[103.814681321272,1.2498949343571497],[103.8146421786011,1.2499109567136972],[103.81455422751446,1.2499826948444033],[103.81450235790687,1.2500252909714744],[103.81448295767831,1.250041885931103],[103.81441545377515,1.2500721907172625],[103.81436058414845,1.2500912787531495],[103.81433410813683,1.2500906644965961],[103.81430769509694,1.2500796617982868],[103.81427821457194,1.2500564438178257],[103.81425368675113,1.250030545335088],[103.81424582669264,1.2499943598210326],[103.81424310555492,1.2499247779499343],[103.81426484350266,1.2498183026831267],[103.8142932304544,1.24972542188081],[103.81430027618244,1.2496735168012372],[103.81432668255603,1.24961134098813],[103.81433032884537,1.2496023290163722],[103.81432976856678,1.2495463108287574],[103.81432947493333,1.2495205608388793],[103.81436948427626,1.2494354305290094],[103.81442477399885,1.2493467787314037],[103.8145288388369,1.2492078328272807],[103.81458049215495,1.2491268373549231],[103.81459498465527,1.2491052439331691],[103.81461034150023,1.2490890758038198],[103.81464058793307,1.2490598984888568],[103.81465906173986,1.2490478163031156],[103.81468110717009,1.2490389156992088],[103.81469772094877,1.2490376623677757],[103.81471033273154,1.2490300603645874],[103.81472973745016,1.2490125619422916],[103.8147441696775,1.249000903874382],[103.8147576799872,1.2489933073035524],[103.8147810849042,1.2489821575524116],[103.8148012451189,1.2489881536362633],[103.81490033729568,1.2490036669123605],[103.81495773606193,1.2490116962703608],[103.81499678336412,1.2490114840190034],[103.81501294518017,1.2490106792474802],[103.81528007306824,1.2488474341603721],[103.81544317983847,1.2487418253327516],[103.81562376921708,1.248639484084423],[103.81570523713728,1.2486006828498846],[103.8157641348087,1.248583425247027],[103.81586305745905,1.2485528619867146],[103.81594802863538,1.2485285360360894],[103.81601493839882,1.2485221697500097],[103.8160701403097,1.2485225074435415],[103.81612709520294,1.2485296315033583],[103.816155759953,1.2485392930246069],[103.81617939104899,1.2485651860577553],[103.81619494798657,1.2485901258368959],[103.81621420649388,1.24867110281639],[103.81622592555715,1.2487371260690239],[103.81621533702656,1.248781329558161],[103.81617444541669,1.2488637449878548],[103.81611967698767,1.2489402041767164],[103.8160515412686,1.2490007690588987],[103.81601493049439,1.2490434593718913]]],[[[103.83234371610722,1.2170468625883835],[103.8321103713392,1.2170477759010958],[103.83195734502196,1.2169506017667981],[103.83197712138517,1.2169245831848725],[103.832129374984,1.2170068081579861],[103.83221443665464,1.217003178976575],[103.83221163242169,1.2169126628531872],[103.83220850113105,1.2168169728552463],[103.83219500364929,1.2167362464824656],[103.83216123475037,1.2166260359805803],[103.83211259899798,1.2165226253947776],[103.832026560702,1.2164282756268223],[103.83193601004733,1.2163638567304798],[103.83185941782817,1.2163375360393274],[103.83179999804906,1.216322792137141],[103.8317990438248,1.2163225551928625],[103.83172453794889,1.2163203946202943],[103.83171966066601,1.2165492261904616],[103.83168083487244,1.2165472636939303],[103.83168452885059,1.2162556510780864],[103.83176600671514,1.2155608362433625],[103.83186757511953,1.2152999630601335],[103.83198557731836,1.2151258456530176],[103.83202607342395,1.2151468170021245],[103.83190467123335,1.215337510522471],[103.83196464089,1.2153389439728601],[103.83209260395346,1.2153385226008024],[103.83216199545262,1.215333095535275],[103.83223634407027,1.2153136128230568],[103.83231384827792,1.2152868743864316],[103.83239361405676,1.2152374626036324],[103.83245445618903,1.2151816958366797],[103.83250989195236,1.2151118698022656],[103.83254550555246,1.2150411321606236],[103.8325689568443,1.2149513440579929],[103.83256897573645,1.2148683522544803],[103.83257044752176,1.2148103815287163],[103.83241973136269,1.2148189765703832],[103.83226377593343,1.2148862251235357],[103.83224710847409,1.214859148416937],[103.83242231101889,1.2147679703629628],[103.8325333936408,1.2147571361009086],[103.83263661513554,1.2147892411012196],[103.83278319900062,1.2148655062690232],[103.83328026697455,1.2153496040762024],[103.83338806195042,1.2155303324559186],[103.8334188091799,1.2157757591345415],[103.83351400698558,1.2159828316727213],[103.83356061303589,1.2161166415718248],[103.83362549491221,1.2162377180034107],[103.83368866061534,1.2162620635119799],[103.83354735994057,1.2163753172041547],[103.83352707144269,1.2164102799714525],[103.83349627929074,1.2165035562192343],[103.83348844422925,1.216537207655619],[103.83340156667536,1.2166297875435252],[103.8333243032425,1.2166571988591468],[103.83326647471897,1.2167319356135313],[103.83316342385407,1.2168125597827986],[103.83234371610722,1.2170468625883835]]],[[[103.83512298878256,1.2155592896394756],[103.83498070876634,1.2155814919009147],[103.83486028060182,1.2154992308962633],[103.83488302202744,1.215469034122845],[103.83495880200917,1.2155227181119508],[103.83498401076545,1.2155029396254726],[103.83501221245825,1.21545034262124],[103.8350157400162,1.2154240717088027],[103.83500980979048,1.2153923926972319],[103.83500209421737,1.215367059618719],[103.83499032723438,1.215339925046801],[103.83496776008818,1.2153119132470025],[103.83490645161449,1.215263631024122],[103.83484474511098,1.2152343657954816],[103.83477090505116,1.2152101143736984],[103.83471170092704,1.2151998950758132],[103.83469903275969,1.2152196654141343],[103.83473580007242,1.2152916971942809],[103.83472160352478,1.2153032007294429],[103.83469326431779,1.2152815592801174],[103.83459569437456,1.2150956760650145],[103.83457604377084,1.2149660624259764],[103.83460316991726,1.2148595634400947],[103.83456070603036,1.2148033481068954],[103.83454971718369,1.2148091098238276],[103.83452719137894,1.2147828922811303],[103.83453808943742,1.214691243887083],[103.83439217129612,1.2145207891586487],[103.83417747089072,1.214336036427619],[103.83415618501316,1.2142039629113837],[103.8340896777548,1.214111111735369],[103.83399508111889,1.2140730922389191],[103.83385713201204,1.2140717628522018],[103.83392844717743,1.2139751766125828],[103.83377076667439,1.2139838223761144],[103.83363297030967,1.213890247706971],[103.83347896472642,1.213657717287506],[103.83342561086961,1.2134775857887845],[103.83348885735998,1.2132695636554336],[103.8337444220385,1.2129364496746151],[103.83378270777756,1.2129577384301902],[103.83367882415564,1.2131042800073764],[103.83381569948773,1.2131063735922363],[103.83392583499715,1.2130771010707369],[103.83402963596771,1.213033808169461],[103.83411720165786,1.2129751654748868],[103.83419615776343,1.2128925480532617],[103.83423194290499,1.2128154798301787],[103.83425562145607,1.2127542931716933],[103.83427655323874,1.2126745489357604],[103.83427727022986,1.2126052727363807],[103.83426838926285,1.2124794248664408],[103.83424945662699,1.2124085325727523],[103.83422261169409,1.2124163399683658],[103.83411993839563,1.2124910044086676],[103.83400864025649,1.2126133741225766],[103.83398298675141,1.2126187641467456],[103.833990525285,1.2125829874492917],[103.83402587285507,1.2125201430880674],[103.83418526939687,1.2123848318895099],[103.83433491706451,1.212330850266557],[103.83451334418443,1.2123257043550253],[103.83462014169395,1.212344307102584],[103.83549680594476,1.2125546628393005],[103.83548966277903,1.2125921297995854],[103.83529020046409,1.2125398757187158],[103.83518436255036,1.2125122130644543],[103.83514532659568,1.2125648652452092],[103.83514440652007,1.2125707418122516],[103.83514499159264,1.2127801286306752],[103.83516176420245,1.2128192948764152],[103.83520255145172,1.2128906863580502],[103.83528168825971,1.212998610556476],[103.83538593050227,1.2131220029993526],[103.83547402193516,1.213238553022295],[103.83549990281108,1.2132879431094306],[103.83554272163184,1.213374477278304],[103.83555498823475,1.2134609002349355],[103.83558673651636,1.2136265356364349],[103.83560311381488,1.2136944326639583],[103.83562661456068,1.2137804432199093],[103.83567248028288,1.21389412462438],[103.83576453692189,1.2140323956817882],[103.83588621494508,1.214179820694459],[103.83599956637946,1.2142693292452649],[103.83613094293113,1.2143448852231502],[103.83622875719051,1.2143823294643932],[103.8363162870268,1.2144066206231767],[103.83643550930495,1.2144242673701144],[103.83660591503067,1.2140224729958984],[103.83663500089855,1.2140378109974843],[103.83636522230212,1.2146852103285413],[103.83627375350689,1.2147940417618337],[103.83530548633118,1.2154722262554603],[103.83512298878256,1.2155592896394756]]],[[[103.86071789655001,1.2242859831227741],[103.86060106398709,1.2242915181318998],[103.86046986700164,1.2243169665002376],[103.86034811714129,1.224352356453366],[103.86024119916611,1.2243913519553893],[103.8601405762386,1.2244330559637036],[103.86006287729894,1.2244824269467915],[103.85998473726845,1.2245403921148523],[103.8598841497785,1.2246232546793645],[103.85982219120078,1.224684371394247],[103.85978537291798,1.224718327961513],[103.85976022718928,1.2247414184642402],[103.85971396539853,1.2247681456285688],[103.85964704679405,1.22480936544914],[103.85942470577287,1.2249258091823263],[103.85913814255606,1.2250821152268563],[103.85908470716151,1.2251282971548716],[103.85905372922096,1.2251604385947368],[103.85903085155982,1.225206141817108],[103.85902054676149,1.2252396206131342],[103.85901565306125,1.225295711200841],[103.85901074299798,1.2253318985186354],[103.85901471142607,1.2253914301305338],[103.85908855537203,1.2253951336970537],[103.85908563559153,1.2254377745459801],[103.8582222300342,1.2253978098157778],[103.85812483009256,1.2253490744819984],[103.85796919395062,1.2249533799592052],[103.85800128791,1.2248281341195972],[103.85806095770306,1.2247340795809118],[103.85909883404462,1.2234722089222263],[103.85919054540265,1.2234260221013014],[103.8593169038912,1.2234063599724352],[103.85938316997016,1.2234404810264343],[103.85940411454061,1.2234509081529663],[103.85940401779865,1.2236679377247037],[103.85938681140459,1.2236927717624553],[103.85936632539438,1.2237152807091034],[103.85936593930553,1.2237437239040698],[103.85938222977632,1.2237774927430205],[103.85941568215593,1.223831944246997],[103.85956795539182,1.2239613845490898],[103.85984431261573,1.2239399031398814],[103.85991225875996,1.2239552766721227],[103.8601412095351,1.2238741618610132],[103.86038525466775,1.2237188256226321],[103.86045214814258,1.223594827425697],[103.86038964501249,1.2233782597179144],[103.86015404245872,1.2232688610354592],[103.86011382497495,1.2232898788878388],[103.85996433222599,1.2234802492679184],[103.85981181835388,1.2235501943946463],[103.85969336638571,1.2235246201195198],[103.85961766499047,1.223401672412433],[103.85968935604856,1.2232229239146895],[103.85994168495168,1.2230128373632605],[103.86007301234528,1.2230056282588386],[103.86005732312312,1.2228955129043044],[103.86014187953913,1.2225772749706971],[103.86024189252412,1.222467411674159],[103.86058929126122,1.2220322538201545],[103.86062011069431,1.2220579836008114],[103.86029551604263,1.222461894504845],[103.86024447165464,1.222505874301927],[103.86025486123549,1.2225072117533131],[103.86026636663935,1.2224948245464697],[103.86029882717163,1.2224708160345112],[103.86042266660787,1.2223164088847902],[103.86048410659096,1.2223365394306833],[103.8605229209222,1.222350326083612],[103.86055932352801,1.2223539115206261],[103.86062494241352,1.2223633497103474],[103.86069864340729,1.2223664491196058],[103.86076649950304,1.2223659338390473],[103.86081817233091,1.2223600079062644],[103.86086939226382,1.222350009620498],[103.86093857977376,1.2223309503126116],[103.86097721592962,1.222318250815963],[103.86108367820303,1.2222733760122406],[103.86115195447228,1.2222407476123431],[103.86124851488205,1.222177790122417],[103.86131856818176,1.2221225462382508],[103.86137334397876,1.2220677673565636],[103.86141464571271,1.222024309459616],[103.86147842301118,1.221983997611796],[103.86158261805582,1.2219156038901102],[103.86167333628383,1.2218531040558054],[103.86178966764967,1.2217892238842365],[103.86194957515676,1.2217081168919939],[103.86207848026037,1.2216338219032445],[103.86218089189144,1.221581714891404],[103.8622338988307,1.2215599552906848],[103.86228554708403,1.2215264380512516],[103.86236368879437,1.2214702815480636],[103.86242095900087,1.22143021844939],[103.86217258655785,1.221044824993172],[103.86195675151883,1.2208491588511519],[103.86178540391828,1.220824317768146],[103.86163244984525,1.220882316335626],[103.86144957639054,1.2210623683428676],[103.86141618717359,1.2210340629663274],[103.86153294823532,1.2209062921103386],[103.86166522701214,1.2208095236298147],[103.86182596243437,1.2207696113780486],[103.8619795195461,1.2208101262033357],[103.86219798737879,1.2210187337817173],[103.86256659206362,1.221547882915105],[103.86276292204123,1.2218966401652873],[103.86273408285352,1.222194972484059],[103.86263854617249,1.222449642782354],[103.8624915528555,1.2228460638452763],[103.86242312296913,1.222964726353386],[103.86213711382102,1.223644848279788],[103.86193211195199,1.2240373992548959],[103.86167118555845,1.224368481105998],[103.86131490840104,1.2247132750167977],[103.86086217337309,1.2249750925623926],[103.86085259586297,1.224956028642524],[103.86103666536057,1.224845531391185],[103.86109756631836,1.2247806787269502],[103.86131014567816,1.2246581250669837],[103.86140321518371,1.2245721786434367],[103.86132249311771,1.2244839903183378],[103.86126267361291,1.2244256991814435],[103.86119252572884,1.2243764617513804],[103.861096770137,1.2243349388217541],[103.86102305181785,1.224312391050804],[103.86093136227855,1.2242952868382944],[103.86085001566535,1.224285411107055],[103.86071789655001,1.2242859831227741]]],[[[103.84060596613757,1.2286287839019048],[103.84060535091268,1.2287255419464098],[103.84058795771908,1.2288613125467804],[103.84050407177722,1.2291743714816954],[103.84043699239669,1.2293928093412592],[103.84037755223021,1.2296116405774635],[103.8402965647849,1.2298921233546503],[103.84023116391963,1.2301544039282724],[103.8401507731103,1.2304543251258968],[103.84009424852228,1.2306428411181454],[103.84006432797618,1.2307258094739655],[103.84003865465658,1.2307761908244992],[103.84000808710682,1.230832940727405],[103.83994558175083,1.2309432843006876],[103.83987472289589,1.2310776559741907],[103.83979564356248,1.2312536845392035],[103.83971178773064,1.2314514522457272],[103.83963911487083,1.2316432565381237],[103.83956678340526,1.2318205900787604],[103.8395358726309,1.2318913585428015],[103.83948705613575,1.231970400181667],[103.83940847171542,1.2320930747994148],[103.83931116573301,1.232234882208793],[103.83921805395335,1.23233732258491],[103.83908253291398,1.2324749003540467],[103.83894055234026,1.232589921451281],[103.83872330712659,1.2327317426556532],[103.83861186458486,1.232845625076895],[103.83839392314162,1.2330738059037134],[103.83824027531035,1.2332499530338261],[103.83812216671514,1.2334330627989412],[103.83802553545853,1.2336047042646334],[103.83799591848235,1.2336682287419505],[103.83798181713851,1.2337045064749907],[103.83797537210646,1.2337434385065709],[103.83796949047343,1.233797286233446],[103.83796495572497,1.233851124009893],[103.83794764225007,1.2339380633859975],[103.83791104020193,1.2340283163897459],[103.83784526403609,1.2341219562907944],[103.83779500709896,1.234188804343138],[103.83772853002276,1.234248992675739],[103.83765744709385,1.2342942960663845],[103.83759120627873,1.2343264526895181],[103.83748269896007,1.234353052957523],[103.83738447791465,1.2343736970557302],[103.8372638378434,1.23439993830032],[103.83717107173638,1.234429132251647],[103.83707253083575,1.2344669592786763],[103.83698302817935,1.2345119515755043],[103.83688689803753,1.2345714634624738],[103.83678959984317,1.2346549464529986],[103.83669349305748,1.2347176218025386],[103.83661921494414,1.2347561686563917],[103.8364610975125,1.2348161544915663],[103.83633962988353,1.2348518951476208],[103.83627955288507,1.2348672757552577],[103.83616500293883,1.234867247845214],[103.83609088201506,1.2348669096910279],[103.83606704420743,1.2348630236582885],[103.83601291807726,1.2348335965725965],[103.83596006065234,1.2347942133274072],[103.83589298497097,1.2347156050605421],[103.83583514068859,1.2346102501806455],[103.83578126427676,1.234494919242505],[103.8357063489236,1.2343300137315836],[103.83567084106176,1.2342678920089785],[103.83555897492703,1.2341471267857798],[103.83548486740698,1.2340296886870523],[103.83544586426595,1.2339210247101178],[103.83544477429143,1.2338360342720638],[103.83545911195945,1.2337717221334044],[103.83548129010514,1.233674797672407],[103.83551911510541,1.2335678076128411],[103.83552583869614,1.2335062673595325],[103.83551882749866,1.2334701515383553],[103.83550636136687,1.2334254858523752],[103.83546146936236,1.2333697661359426],[103.83539874620381,1.2333322666797975],[103.83535626675148,1.2332986831083472],[103.83534030268646,1.2332667029558448],[103.83532877282222,1.2332270040423239],[103.83533125896756,1.2331397255569325],[103.83532827135303,1.233100865887865],[103.83532806193246,1.2330136073004778],[103.83531688158483,1.2329607941857486],[103.83531695522682,1.2329110604262794],[103.8353300691183,1.2328630340986306],[103.83535464003954,1.2327855335935678],[103.83540033970208,1.232710132103602],[103.83546805224826,1.2326350136614805],[103.83552323311208,1.2325658685606216],[103.83553040146815,1.2325038725063735],[103.83555761128316,1.232359436305519],[103.83558705032563,1.2322127238149434],[103.83564216367844,1.2320156273032545],[103.83569872994487,1.231832537598298],[103.83576440902402,1.2316665575702799],[103.83583383225239,1.2315204428246755],[103.83590642366265,1.2313774689346606],[103.83598057043285,1.2312620619035246],[103.83608463068241,1.2310627840028943],[103.83622405213717,1.2307872780139897],[103.83635045039908,1.2305123245993148],[103.83649248731032,1.230166719429983],[103.83659133062275,1.2299308590338212],[103.83673483215628,1.229660295367312],[103.83685192173795,1.2294613692158163],[103.83700118639898,1.2292400436949944],[103.83715192373448,1.2290354353558677],[103.83729676772822,1.2288833181873873],[103.8374466973606,1.228750151073477],[103.83757271113035,1.2286623786055157],[103.83767034070829,1.2286227500647615],[103.83775237289439,1.228599968967603],[103.83783630906737,1.2285911883438843],[103.83805433596,1.2285936053335735],[103.83814090211798,1.2285942400426868],[103.83819618000034,1.2285970244827555],[103.83823794862307,1.2285973002373416],[103.83829197302542,1.2285761479370183],[103.8383596818634,1.2285389702566283],[103.83842447407402,1.2284869202927544],[103.83847542368663,1.2284400514629423],[103.83850353291753,1.2283975932662674],[103.83853476090819,1.2283532802099486],[103.83856851455758,1.228267343735332],[103.83862528459763,1.2281286329773256],[103.83868276635512,1.2280378219247716],[103.83872913798237,1.2279851452652297],[103.83879874262934,1.2279244350801861],[103.83890365639857,1.2278523469996168],[103.8390090104361,1.2277797994963815],[103.83911691271474,1.2277275531757368],[103.83927609707482,1.2276510326674042],[103.83934302778482,1.2276261217745739],[103.83940960986979,1.2276021161505204],[103.83956920401731,1.2275592995098263],[103.8396804794034,1.227542172376237],[103.83982052900399,1.2275284410596095],[103.84001735255134,1.2275377871872244],[103.84014861019497,1.2275494432181944],[103.8402405810294,1.227593500040788],[103.84033009269835,1.227668771939399],[103.84037730920666,1.227734873683242],[103.84041113599937,1.227812379508345],[103.84042735536113,1.2278782660946614],[103.84044377336593,1.2279703738478134],[103.84044811527751,1.2280693566181649],[103.84045553819395,1.2281601756746152],[103.840525442433,1.2282563954320647],[103.84056541416626,1.2283148661574306],[103.8405884029983,1.2283847699146728],[103.84060242999772,1.22845790680217],[103.84060212561191,1.228536579348773],[103.84060596613757,1.2286287839019048]]],[[[103.85541163275663,1.240656676833703],[103.85539453400803,1.240894332382297],[103.85536115154527,1.2411622029065887],[103.85529984489973,1.2414512023465623],[103.8552325265762,1.2417844714130761],[103.85520846822072,1.2418508104144226],[103.85517255240933,1.2419632015960629],[103.85501142202418,1.2424393755971572],[103.85485227666875,1.2428346749099726],[103.85464900314004,1.2432609870610167],[103.85443458766204,1.2436660132435007],[103.85419555415076,1.244050153291499],[103.85392525513561,1.244391233122026],[103.8536333959336,1.2447335846294223],[103.85332023122369,1.2450116729852458],[103.85307342282987,1.2452005325232642],[103.85280829956105,1.2453644615408994],[103.85244079100958,1.2455288932036825],[103.85232483460547,1.2455551043575182],[103.85222606229284,1.2455506501692903],[103.85209368765769,1.2455261771915778],[103.85196136953047,1.2454872415994278],[103.85182914648065,1.2454238989934718],[103.85171985646193,1.2453525127962712],[103.85155729793235,1.245237528426409],[103.8514118320246,1.2451149264606303],[103.85129731591809,1.2450014854933609],[103.85127501976764,1.2449825780840424],[103.85118238555833,1.2448817094458131],[103.85108530799904,1.2447589126925005],[103.85099907570901,1.244644180086295],[103.8509136790015,1.2445212964283239],[103.85082104912539,1.2443916807214341],[103.85073062960775,1.244258427639715],[103.8506592949601,1.2441521814851382],[103.8505951755109,1.244050857740512],[103.85053283601644,1.243944997686881],[103.85043921772544,1.2438036261291776],[103.85036419008387,1.2436851909563655],[103.85030600908988,1.2435960399204695],[103.85023433403106,1.2435047257287017],[103.85016538873731,1.243419723081785],[103.85008828656369,1.2433234719911457],[103.84999538737692,1.2432200982184547],[103.84991009867538,1.2431116916020595],[103.84984582677534,1.2430497294280176],[103.84975525488487,1.242962036419309],[103.84969823411629,1.2429042297540436],[103.84963763726354,1.242853551315938],[103.84954219540593,1.2427701016112032],[103.84941327433857,1.2426588492097301],[103.84927624945988,1.2425435832782996],[103.849123005288,1.2424234600917274],[103.84895708287311,1.2422916670431607],[103.84883189982519,1.2421989341799544],[103.84872340243061,1.2421124142016449],[103.84861635175655,1.2420412657052156],[103.84853007505595,1.2419826316895342],[103.84844061755281,1.2419190453855269],[103.8483109958683,1.2418335836183745],[103.84821164561961,1.241770522798914],[103.84812947523773,1.2417195496239408],[103.84804775412637,1.2416694790002585],[103.84795432522536,1.24161677854523],[103.8478414611537,1.2415488387364686],[103.84770877559804,1.2414747113646987],[103.84760588433222,1.2414193674893468],[103.84730950606895,1.2412717911536995],[103.84713001635588,1.2411907682161498],[103.84694924270127,1.2411174459423948],[103.84685319829111,1.241075624069957],[103.84677407313842,1.241040920365909],[103.84669898416918,1.24100798738598],[103.84662455110666,1.240971435131058],[103.84652250535598,1.2409083923474251],[103.84642315607327,1.2408435209199062],[103.8463432221791,1.2407920801200636],[103.84623696224807,1.2407055437469017],[103.84611760179187,1.240609602939367],[103.84602672467594,1.240536072158523],[103.8459380489198,1.2404561927201834],[103.84584081022113,1.2403741139033377],[103.84574977128736,1.2402793214875283],[103.84564249598618,1.2401760525294288],[103.84555695609701,1.2400947930018085],[103.84545689597478,1.2399946368273418],[103.84540169041797,1.2399448237413655],[103.84533385157417,1.2398865069658536],[103.84527553714645,1.2398407888569751],[103.84520367383439,1.2397861221142257],[103.84510452125838,1.2396886735912134],[103.84502979964941,1.23961140676982],[103.84497849360824,1.2395398481959052],[103.84492672032943,1.2394664845100263],[103.84489360857559,1.239410573180959],[103.84484742227951,1.2393268635308545],[103.84481457550214,1.2392496941908877],[103.8447830001383,1.2391725628282766],[103.84476144429239,1.239113002333457],[103.84474573784208,1.2390543036731059],[103.84472680564718,1.2389852220095965],[103.84471552079007,1.2389160851465704],[103.84470242810353,1.2388469618567328],[103.8447153381337,1.2386455099275187],[103.84472194910454,1.2385594378438813],[103.84473022492011,1.238445418154683],[103.84474129812737,1.2383987673313803],[103.84475721249272,1.23833172033829],[103.84481366075133,1.2381933802498526],[103.84489382728039,1.2380431015309084],[103.84495824202465,1.2379481058204818],[103.84506179828169,1.2378609480679024],[103.84518596213614,1.2377663952242288],[103.84533546894566,1.2376960638731458],[103.845438592369,1.2376699471426647],[103.84560876188353,1.2376586879129399],[103.84574990020486,1.237669355143904],[103.8458884355622,1.237692250301813],[103.84602940244247,1.2377395434055292],[103.84617505704867,1.23781257109541],[103.84631679328089,1.2379019072143433],[103.84640529724668,1.2379618128329548],[103.84651838862976,1.2380649343216887],[103.8466798387571,1.2382065670490352],[103.84680839298045,1.238334437304866],[103.84694885970048,1.2384341826389709],[103.84708577908953,1.238539833488718],[103.84720233604257,1.2386261988504352],[103.84734273715522,1.2387173535982183],[103.84738048246096,1.23873948502245],[103.8473977836002,1.2387513737150904],[103.84744798434471,1.2387924379573416],[103.84752970535614,1.2388425095062918],[103.84759471376398,1.2388809401543097],[103.84765967721833,1.2389139428009917],[103.84772149584316,1.238947420254965],[103.84777245124963,1.238968762994789],[103.84784327309637,1.2390039849169385],[103.84791630528653,1.2390342129202594],[103.84797360431968,1.2390636514982616],[103.84804445314721,1.2391024917799305],[103.84809323418885,1.2391342555257898],[103.8481560412684,1.2391799418940241],[103.8482175185447,1.2392274469466633],[103.84827406294174,1.2392777022003905],[103.84833335685998,1.2393342717149864],[103.84839272271888,1.2394007937667955],[103.84842314698042,1.239442645805091],[103.84846939433108,1.2394984059844056],[103.84851345831655,1.2395623262626152],[103.84854674001755,1.2396267774647687],[103.8485850355417,1.2397011450017448],[103.84862591873191,1.2397605642707639],[103.84864372310705,1.2397811945460009],[103.84866898528298,1.2398104659870788],[103.8487300672846,1.239867022820725],[103.84881197719265,1.2399428804923571],[103.84884546536875,1.239973399002849],[103.84889111959001,1.2400083524478627],[103.84894173368212,1.2400459827835972],[103.84903793006546,1.2401095211005082],[103.84909795078002,1.2401416555497262],[103.84914845696872,1.2401648106128118],[103.84922015040944,1.2401959538047327],[103.84930806224516,1.2402319542416176],[103.84938966642625,1.24026528683674],[103.8494626896747,1.2402941582484883],[103.84963805510841,1.2403652583579703],[103.8497016168758,1.2403901261969608],[103.8498503769425,1.2404496596268528],[103.84992289697934,1.2404708439247405],[103.84999899312166,1.2404883817975436],[103.85007100994436,1.240502782451271],[103.85023879151416,1.2405191956059494],[103.85031971263484,1.2405208645425707],[103.85040693241446,1.2405229394957586],[103.85047971286065,1.2405178809077169],[103.85057492853257,1.2405081339415553],[103.85066652581664,1.240493889587782],[103.85075361878815,1.2404783212700448],[103.85083264393805,1.2404673354214963],[103.85092644076204,1.240446288409178],[103.85109149037538,1.240396216217322],[103.85118385847431,1.2403652266147727],[103.85146456460917,1.240223343363642],[103.85150853736373,1.240204685102175],[103.85158791631343,1.2401634500221828],[103.85162033495467,1.2401466096130298],[103.85173269502222,1.240089303730017],[103.85194913612926,1.2399731120823794],[103.8521178980777,1.2398779716661967],[103.85224666495948,1.2397903549410083],[103.85238771257676,1.239663015689067],[103.85258941857296,1.2395259757655916],[103.85286944225003,1.2393413421249215],[103.85318806830222,1.2391604766536226],[103.85348066045823,1.238976796054777],[103.85373741566178,1.2388860726849757],[103.85391175781163,1.238856035551971],[103.85407024219072,1.238862089937718],[103.85417205775141,1.238891419505111],[103.8544007560528,1.2389696127151528],[103.85468985000833,1.2391049902340365],[103.85491019263269,1.2392527499484836],[103.85493923315637,1.239280978564515],[103.85503857385586,1.2393775458593372],[103.85515874644136,1.2395348483330546],[103.85526840938347,1.2397382074929664],[103.85534650208615,1.2399766933591343],[103.85539561336536,1.240162638563122],[103.85540911193398,1.2403841455116067],[103.85541163275663,1.240656676833703]]],[[[103.84870585792937,1.2308828580665327],[103.84873349151171,1.2309632903430097],[103.84874710176801,1.2310251705519326],[103.84876245436472,1.2311056680136923],[103.8487707733977,1.231196608221836],[103.84877996577416,1.2312840919408292],[103.84878193230824,1.2313830059742443],[103.8487763745168,1.2314632358654287],[103.84875813123118,1.2315141562571],[103.84871965767091,1.2315539087597793],[103.84865939412288,1.2316035867966957],[103.84857184431415,1.2316605035288324],[103.84847467306936,1.231706027119733],[103.84836739159834,1.2317410013438752],[103.8483230406564,1.2317550726142097],[103.84831474641938,1.2317577360168126],[103.84608926559714,1.2324469083627392],[103.8458747321636,1.2325133431552167],[103.84578940205111,1.2324709423932696],[103.84573244283,1.2324426369326398],[103.84563467535602,1.2323940566960683],[103.84550789276017,1.23213376287413],[103.8455787066483,1.2318496733846074],[103.84619182972504,1.2314407671528058],[103.84636470731738,1.2313132092055326],[103.84653492247516,1.2311654350792627],[103.84668830652863,1.2310205839354913],[103.84687809394723,1.2308351311186516],[103.84703615993574,1.230646936416973],[103.84724384466043,1.230406552335359],[103.8473278451315,1.2303174502100995],[103.8474080000311,1.2302481735978839],[103.84746678917035,1.2302119453170766],[103.84754905123158,1.2301685045962447],[103.8476330313868,1.230148478784658],[103.84770600473246,1.2301421604943916],[103.8477755279386,1.2301695623840883],[103.84781838038188,1.2302032262428602],[103.84784821603704,1.230252487759879],[103.84785181913836,1.23025843575048],[103.84806518683371,1.23016900189285],[103.84807780388914,1.2301733925160674],[103.84808916126549,1.2301863836598628],[103.84809154871253,1.2302003687509668],[103.84809077874964,1.2302130325820002],[103.8480898829396,1.230215833406192],[103.84808686126543,1.230225275900709],[103.84785808046541,1.2303384666156076],[103.84784245073406,1.2303461990241766],[103.84785199758291,1.230357852622661],[103.84789137207727,1.2304324752018378],[103.84795165259787,1.2305317434272145],[103.84802410091994,1.2306354067988314],[103.84811058870453,1.2307506767137808],[103.84815599664407,1.230800380374736],[103.8482172536723,1.2308630281257933],[103.84844557575497,1.2306609165731592],[103.848435068408,1.2306536373970998],[103.84847437575004,1.2306072676530524],[103.84847605777043,1.2306052943184536],[103.84939149086165,1.2295569767608017],[103.84941793328443,1.2295328508485732],[103.84942349959005,1.2295277728038863],[103.84942272236232,1.229526558246064],[103.84929984852675,1.2293373115138768],[103.84905310306551,1.2288759510475882],[103.84890673097907,1.228341806651928],[103.8490567299805,1.2281905868512033],[103.84897224050384,1.2280676298477649],[103.84876687518067,1.2281489606179659],[103.84823983789212,1.2277646355171048],[103.84803504430974,1.227733065266439],[103.84791425791097,1.2277086390258936],[103.84779607536679,1.2276732518584903],[103.84768163959691,1.2276270575004358],[103.8475719120221,1.2275706256971917],[103.84746772916778,1.2275043905402063],[103.8473698880251,1.227428957950621],[103.84722517983964,1.227306271612276],[103.84695562468082,1.2272954667467681],[103.84676245114935,1.2271520353954388],[103.84676464685292,1.2270960624079883],[103.84678766759588,1.2265090867137172],[103.84699077917548,1.2263896353020602],[103.84726081120655,1.2263712038414953],[103.84747283508557,1.2264067171477275],[103.84749241391158,1.226422244995585],[103.84812143391777,1.2266770473960886],[103.84817612624875,1.2267368609069098],[103.84820157240522,1.226750508541256],[103.84832228054869,1.2269285855270244],[103.84834462665187,1.226913120754608],[103.84845290008613,1.2270718452915816],[103.848430624965,1.2270872467589153],[103.84856035440905,1.227288223115012],[103.84869564565857,1.227479876330445],[103.84907955904383,1.22794470788597],[103.84906003456744,1.2280076518245768],[103.84914310258199,1.2281297406430447],[103.84925339669644,1.228104753276162],[103.84933039074375,1.2280787966259186],[103.849522458161,1.2281827703371586],[103.84966188316534,1.2283001199207224],[103.84974856461177,1.2284951647476252],[103.84984362924122,1.2286860394908965],[103.8498575925153,1.2287293575957696],[103.84999301113848,1.2291494434569046],[103.85024733597436,1.229066033144648],[103.85025639151328,1.2288199914742668],[103.85023648569003,1.2288199789399898],[103.85023632301059,1.228812465474432],[103.85023799518432,1.2281019038675658],[103.85023865562927,1.227821036951177],[103.85024685642357,1.2278211526577387],[103.85024684384263,1.2278208894875349],[103.85051569092948,1.2278160720172442],[103.85064801508028,1.2278137008167471],[103.8509353177844,1.227811206498038],[103.85125595574101,1.2278320725826757],[103.85213908114012,1.2279007005660458],[103.85215896361235,1.227517825636077],[103.85216279348748,1.227444071908842],[103.852169878262,1.227307654689532],[103.85218598385829,1.226997493464855],[103.85218705474952,1.2269768576506717],[103.8522085192899,1.2265635137364745],[103.85221071856947,1.2265211604866966],[103.85221078056732,1.226521159581893],[103.85221093060038,1.2265183424830233],[103.85221951213407,1.2263576077743883],[103.85222416489874,1.2262622243365269],[103.85221187216595,1.2262500010228234],[103.85195492792889,1.2259944979402149],[103.8516648484867,1.2260542694555867],[103.8513623823884,1.2263004035753426],[103.85107759810984,1.2265321490916667],[103.85071254772815,1.2264263317215554],[103.85065909351958,1.2263683098029747],[103.85066869034208,1.226326929602887],[103.85044104109494,1.2259959306719563],[103.85037600827408,1.2260319383929261],[103.85023306561733,1.225765428282689],[103.85037147581961,1.2256967272914856],[103.85038053645637,1.2256914357922082],[103.85038730047597,1.2256859227381138],[103.85039430438144,1.2256774397468713],[103.85040868142886,1.2256518117513204],[103.85045951190043,1.22556201970897],[103.85052708716775,1.2254709569243036],[103.8505799286607,1.225403426722443],[103.85066129983382,1.2253198420414808],[103.85075573821631,1.225243715573052],[103.85084451243199,1.2251836190132135],[103.85093332178978,1.2251394374704418],[103.8510016422983,1.2251087238685792],[103.85113734090186,1.225068192930149],[103.85126132468174,1.225038832783705],[103.85129338179458,1.2250003192677783],[103.85134318542238,1.2249412855832582],[103.8514314220235,1.2248399201067686],[103.85155852013384,1.224688929125576],[103.85169319799279,1.2245167668948707],[103.85176751307465,1.2245705724984697],[103.8518047362089,1.224597524134738],[103.85189143660519,1.2246691691583917],[103.85200286887203,1.2247591491075438],[103.85202289787185,1.2247749862118398],[103.85227348008429,1.2244619754790678],[103.85232402487078,1.2243904334949718],[103.85236586926557,1.2243146844648234],[103.85239923790049,1.2242349463393918],[103.8524228306268,1.2241522853750195],[103.85243592593243,1.2240663949972377],[103.8524423389385,1.2239785376727894],[103.8524430417313,1.2237459774219817],[103.85244321602536,1.2237433511439435],[103.85237435514733,1.2237157784435728],[103.85222976603296,1.2236629952882423],[103.85213546985264,1.2236300653018635],[103.85212646757279,1.2236271352218064],[103.85208371775057,1.223613220958544],[103.8521409152524,1.2234260187498318],[103.85217580205679,1.2232999490779273],[103.85220114388902,1.2231730501700895],[103.85221615453786,1.2230440595381773],[103.85222124404433,1.2229580597892034],[103.85222262917581,1.222903113257405],[103.8522571759676,1.2228535990128178],[103.85227959378032,1.2228216657152453],[103.85228766225087,1.2227895154718122],[103.85228907176446,1.2227521742188923],[103.85228159677384,1.2227214439393732],[103.85226406733753,1.2226872228811618],[103.85186975715598,1.2220534464501793],[103.85159781680849,1.2216234597029259],[103.85120515035982,1.220994249293196],[103.85119338057953,1.220979938695255],[103.85119686759032,1.2209591626876863],[103.85115508549013,1.2209408920743774],[103.85115342232884,1.220940176732514],[103.8511095952052,1.2209223049572373],[103.85105730587135,1.2209090798663396],[103.85100597438449,1.2208999081334018],[103.85097739439898,1.220910734479444],[103.85094130285754,1.220929807781962],[103.85091380117207,1.2209528213471548],[103.85089214344882,1.220976199332888],[103.85086506495263,1.2209973987379712],[103.85078453741193,1.2210483285977323],[103.85063817932598,1.2211418327837718],[103.85040689097428,1.2212922103274433],[103.85014541343506,1.2214660934003256],[103.84992566463939,1.2216072571562755],[103.84987931922385,1.2216314582595933],[103.8498533188243,1.2216345612979729],[103.84983123231686,1.2216290176751747],[103.84981904838764,1.221625132597047],[103.8498063172197,1.221614476539164],[103.84980383092127,1.2215982422927738],[103.84980407793115,1.2215846777159347],[103.84980839254307,1.2215728621565238],[103.84981936963561,1.2215559730665722],[103.84985796708285,1.22152420337894],[103.84992854983076,1.2214689037154765],[103.84996398538243,1.221435826333746],[103.85007792423089,1.2213667655734215],[103.85026432194792,1.2212477996633044],[103.85049295699794,1.2211001741325513],[103.85056279581514,1.2210552809889048],[103.85057413316909,1.2210325099015702],[103.8505791925818,1.2210102859957328],[103.85057309422912,1.2209927494873138],[103.85053226970204,1.2209350575740712],[103.85030670273515,1.2205935779085721],[103.85021741981777,1.2204650591189394],[103.85006609570661,1.220570077684455],[103.84996351510881,1.2206480074842276],[103.84994729253268,1.2206744675055947],[103.84990936350157,1.2206908566494377],[103.84981190325283,1.2207203467965282],[103.84964556723394,1.220768952026812],[103.84952752016771,1.2208032706956335],[103.84953734490178,1.2208600747260696],[103.84945015647651,1.2208857944987375],[103.84934479472227,1.2209276057496554],[103.84921937630853,1.2209796644792272],[103.84920468109738,1.2209880218064868],[103.84902058914649,1.221141304676122],[103.84891142870991,1.2212297287296467],[103.84883490148454,1.221308170205163],[103.84875758539721,1.2213938565536058],[103.84872205742005,1.2214508905573291],[103.84864336606812,1.2214439382490727],[103.84854724259988,1.221442671782612],[103.84846091114773,1.2214353830885853],[103.84833751713931,1.221502777992674],[103.84856176774304,1.2220277870159217],[103.84860403367524,1.2221220695715296],[103.84835227228622,1.2222546744686813],[103.84808649305138,1.2223807110145275],[103.84807733423895,1.2223413368080922],[103.84811095042183,1.22232593166339],[103.84807840948531,1.2222899815133976],[103.84804340844757,1.2222615810182114],[103.84802157614796,1.2222429249863829],[103.84799085124548,1.22223027941511],[103.8479624912873,1.2222257333262694],[103.84786009074529,1.2222250140108448],[103.84773345177761,1.2222251114642442],[103.8476398235553,1.2222405313964544],[103.84753613651499,1.2222741824793777],[103.84741966453798,1.22232384541374],[103.84728794756009,1.2224053773522328],[103.84719089634247,1.2224927160341401],[103.84712919998,1.2225718383710595],[103.84708802123536,1.222641613080944],[103.84706338239023,1.2227061668041281],[103.84705375320712,1.2227533204612315],[103.84705065704962,1.2227803555738914],[103.84714902664223,1.2227387081390992],[103.84714281381964,1.2228233956524655],[103.84704772289969,1.2228614373656825],[103.84694251742513,1.2229136423923321],[103.84680241622645,1.2229749608806055],[103.84674980539616,1.2230006116591958],[103.84675699486525,1.2229046874027543],[103.84689313001907,1.222847049703876],[103.84689528436685,1.222787342590412],[103.84688462962416,1.222765354810619],[103.84686390242452,1.2227304120487348],[103.84682653645253,1.2226939102450816],[103.84677139785063,1.2226703310064977],[103.84670399098022,1.2226672773035072],[103.84658625808113,1.2226622677070969],[103.84648318730238,1.2226769252658451],[103.846382529099,1.2227028475832455],[103.8462960379138,1.2227452799213006],[103.84620953953555,1.2227872600739353],[103.846123195749,1.2228396340936591],[103.8460429502869,1.2229095446294318],[103.84597179157215,1.2229865498656658],[103.845934380193,1.223037735310953],[103.84590669792497,1.2230788316103658],[103.84587807862928,1.2231475128648086],[103.84586247976502,1.223215999619246],[103.84586492573601,1.2232598061593154],[103.84587102406358,1.223277341774145],[103.84588929380038,1.2233110473835127],[103.84610020988309,1.2232273392327149],[103.84620511622711,1.2231850822590173],[103.84620885065989,1.2232248019656453],[103.84604508158978,1.2232950628927723],[103.84587276849315,1.223364550617728],[103.84581163340198,1.2233907820205272],[103.84574186081655,1.2234099105769591],[103.84561222092069,1.2234498289578593],[103.8455416244131,1.2234739414701143],[103.84534580842254,1.223472818233518],[103.84524610249038,1.2234720590140284],[103.845119992714,1.2234775707767955],[103.8450223091516,1.2234315806129847],[103.84489656658816,1.2233710963044286],[103.84481699631468,1.2233352295197604],[103.84477542807231,1.2233182267260854],[103.84475493547572,1.223299099487428],[103.84474196973933,1.2232726269612966],[103.84473826960912,1.2232654508383038],[103.84462148823306,1.2232640423340675],[103.8446089368322,1.2232655870431437],[103.84458847132645,1.2232785503021075],[103.84457829294892,1.2232886475838514],[103.84456802020054,1.223292417926172],[103.84455458376243,1.2232948805695298],[103.8445419865238,1.2232932627129576],[103.84453201563639,1.2232870841309829],[103.84450137599624,1.223250028794826],[103.84448125896235,1.223225923925731],[103.8444694038576,1.2232138986295829],[103.84434309995788,1.223206306102805],[103.84428082420088,1.2231254316815323],[103.84422582737186,1.2230507756449482],[103.84419194495796,1.2230069900316232],[103.84416924100134,1.2229598717862171],[103.84407484057756,1.222893040474943],[103.84398389762188,1.2228171166574828],[103.84398130338712,1.222763368427804],[103.84396318921424,1.2227532459389496],[103.84395269627136,1.2227421032955526],[103.84394032540376,1.222725566120409],[103.84390804512414,1.2226989308809688],[103.84388275448701,1.2226893673177772],[103.84385026761247,1.2226790079412224],[103.84366706329409,1.2226804068059585],[103.8436225343819,1.222645369152189],[103.84357524340814,1.2226058530911506],[103.84353783715264,1.2225969235312273],[103.843510790823,1.2225900983894091],[103.84347585723458,1.2225662169472131],[103.84343136158034,1.2225334383946378],[103.84340456319215,1.222513049579583],[103.84338904841317,1.22249655853632],[103.84334848431409,1.222365639146267],[103.84332592046962,1.2222977268207051],[103.84331318831342,1.2222567862498042],[103.84331655860043,1.2222418198953353],[103.84325886019236,1.2222273204211935],[103.84320173417069,1.2222209466661806],[103.84319356482109,1.2222151940285024],[103.84318203855453,1.2221950276285198],[103.84317266331786,1.2221685008191794],[103.8432133038125,1.222062575070743],[103.8432366030552,1.2219984925612717],[103.8432507296098,1.2220122931238113],[103.84330590681449,1.2220385828184555],[103.84331668993329,1.2220388721750488],[103.84332547874412,1.2219049501061725],[103.84333818348843,1.2218229476362967],[103.84365210111785,1.2214909828668483],[103.84368465526761,1.2214755777817226],[103.84380236192965,1.2214484951985318],[103.84387895515191,1.2214351392298919],[103.84390785141522,1.221415269304859],[103.84407380357084,1.221280339143295],[103.84418658969855,1.2211941201137118],[103.84424911620694,1.2210801815833119],[103.84434848529695,1.220906929194749],[103.84438696224184,1.2208367430507177],[103.84440603411616,1.2208206371294499],[103.84471784823562,1.2205284778835452],[103.84496852109716,1.2202923822842326],[103.84512701535436,1.2201390328808281],[103.84517564559758,1.2200872260973465],[103.84521006852718,1.220046480668601],[103.84524931659432,1.2200282629585448],[103.84540546696273,1.219959019525755],[103.84542676894118,1.219941974855917],[103.84553384465727,1.2198038624077538],[103.84557989424242,1.2197294953308984],[103.8456915087825,1.2196853283272666],[103.8457080064257,1.2196773969669334],[103.8458905833752,1.2194825524118298],[103.84618027025371,1.2191821398612204],[103.84625864932627,1.2191004780063381],[103.84651795293618,1.2188353303879949],[103.84661112911056,1.2186398812021906],[103.84669676841001,1.218606380370528],[103.84717526107643,1.2180694453811725],[103.84725589181718,1.2178218197830781],[103.84750822421834,1.2174999503102795],[103.847610638873,1.2174845004932007],[103.84775607454695,1.2173073182637635],[103.8478041520568,1.2172471352036316],[103.84786897780823,1.2171670596316042],[103.84793138395048,1.2171055543092968],[103.8480037232096,1.2170475162679313],[103.84817568765415,1.2168920775265495],[103.84817063121089,1.216802274979551],[103.84833324788248,1.2165597079130668],[103.84842485633594,1.2164358753643925],[103.84845990212335,1.2164455817202535],[103.84866632178529,1.2161088346825368],[103.84868975845502,1.21606831807623],[103.8486897872491,1.2159166686672087],[103.84880644781137,1.2155855382392982],[103.84883702776763,1.2155399804897467],[103.8488689247343,1.2154953469703516],[103.84890211115636,1.2154516762389316],[103.84896695772389,1.215410745190256],[103.8489699829964,1.2154053470158024],[103.84899839650564,1.215359568780083],[103.84901573323125,1.2153350784649477],[103.84902548292148,1.2153165081697017],[103.8490395021639,1.2152640503751178],[103.84904600361938,1.2152283450883732],[103.84918435198479,1.2151195608791114],[103.84920539159668,1.2151131053948634],[103.84922464856345,1.215108466791006],[103.84924638434008,1.2150704055417794],[103.84932486437548,1.214927698030555],[103.8493799586056,1.2149160567109287],[103.84942527167183,1.2149180216256563],[103.84946167241294,1.2149290727519064],[103.8495055171891,1.2149116354196932],[103.84956728644379,1.2148918258281012],[103.84964942030712,1.2148299007210603],[103.84967274667906,1.2148302017328854],[103.84980976066856,1.2148640802306077],[103.84988557475532,1.2148662999812456],[103.84991828429537,1.2148611231920938],[103.85003556015388,1.214823801115581],[103.8500561307167,1.2148141866794469],[103.85013652239444,1.2147603999523529],[103.85021425988981,1.2147124988492926],[103.85029747302755,1.214679007867019],[103.8503041831264,1.2146762558408337],[103.85032862972622,1.2146413390441875],[103.85035963082821,1.2145792912450741],[103.85043072836838,1.2145449746499384],[103.85058451332857,1.2144654338290557],[103.85072250137476,1.2143701942235663],[103.8507778766548,1.2143323687834835],[103.85086482100097,1.2142510015619579],[103.85090539412751,1.2142128189915213],[103.8509446356674,1.2141769018644182],[103.85099190629762,1.2141341630560982],[103.85100573527474,1.2141223365793907],[103.85101458193301,1.2141028682481545],[103.85102293705913,1.2140766298410597],[103.85104434181082,1.213986656199407],[103.85106405386087,1.2139124935882568],[103.85107954225636,1.213879439836554],[103.851118216705,1.2138250175867238],[103.85127114533114,1.2136109550987313],[103.85128799588963,1.2135805999629532],[103.85141543368397,1.2133779859979783],[103.85145935217871,1.2133722863917051],[103.8515754114976,1.2133552862509953],[103.85161546385898,1.2133762464548297],[103.85167859019472,1.213411897915919],[103.85170526451944,1.2134265258434072],[103.85184373979436,1.2135113751643012],[103.85195839202316,1.2136230698242683],[103.85197788013785,1.2136542024664834],[103.85205762512729,1.2137769468997786],[103.85212483227492,1.2139050172257364],[103.85217377792911,1.2140230944407735],[103.8522087624081,1.2141348439085387],[103.8520720279409,1.2142423874714328],[103.85207133988642,1.2142726692456096],[103.8520892692844,1.2143330979087998],[103.85209643267795,1.214394957353037],[103.85210568046921,1.2144337554662674],[103.8521060699131,1.2144897872274507],[103.8520921919216,1.2146900744049411],[103.8520788765113,1.214906625684545],[103.8520244056404,1.2148857695906983],[103.85203214897996,1.2147448585633713],[103.85197259165734,1.2147302290592106],[103.8518655908607,1.2147092892201903],[103.85180311699223,1.2146997865795293],[103.85172721844302,1.2146967041190375],[103.85164600074756,1.2147036013642865],[103.85157429841847,1.2147230845950496],[103.85150621083842,1.214745705042842],[103.85145071237994,1.2147709498722599],[103.851409555107,1.2147924776624415],[103.85133002334626,1.2148481672062048],[103.85128248051119,1.2148988264539147],[103.85126420661523,1.214917001606462],[103.85124202250886,1.2149550655877364],[103.85121955104303,1.2150184111040967],[103.85120156406904,1.2150817285550972],[103.85117381482542,1.215161359917368],[103.85114577372515,1.2152658224406327],[103.85113471001443,1.215359792404256],[103.8511269440193,1.2154785690873728],[103.85112903293594,1.2155954781905818],[103.85113188455406,1.215691163642722],[103.85113787558778,1.2157868300822652],[103.85116104459307,1.215903601581662],[103.85119814062534,1.2160238963953796],[103.85123729766983,1.2161157371479066],[103.85127768826355,1.2161899635677762],[103.85129218327702,1.2162124405669346],[103.8513301171059,1.2162528256513194],[103.85136116454412,1.2162687033850732],[103.85141359668386,1.2162864674804847],[103.85149441827569,1.2162936584475545],[103.85156101626636,1.2162877298809205],[103.85164299308161,1.2162550139063486],[103.8516816317021,1.21608098571563],[103.85172736353924,1.2160891210730105],[103.85160332142055,1.2166009990330462],[103.85158256628189,1.2166889441815607],[103.85156895142092,1.2167424049266944],[103.8515450478958,1.2168329637121196],[103.85153243849322,1.2168893817248443],[103.8515278969005,1.2169503233181598],[103.85152919828526,1.2169999829142273],[103.85152936811845,1.2170020068826914],[103.8515359860453,1.2170545667422539],[103.85154454656436,1.2171069782726769],[103.85157161503257,1.2173383129320228],[103.85159960205137,1.2176085054495365],[103.85161989431805,1.217766190449945],[103.85155838904508,1.2177662261393964],[103.85155071976725,1.2177011643410283],[103.85153939817802,1.2175258504855844],[103.85153351503448,1.2174431653076825],[103.85151509801949,1.2174255538222558],[103.8514917454797,1.2174120111097742],[103.85146390578402,1.2174038937150953],[103.85142035917842,1.2174048227926],[103.8513938708912,1.217402578336531],[103.85136244254423,1.2173980784262965],[103.85135122007974,1.2173994395716097],[103.85132114952633,1.2174152724975482],[103.85129467124237,1.2174311026859648],[103.85122943122168,1.2174885827743749],[103.85120750482004,1.2175040801250974],[103.85113128202332,1.217530732278905],[103.85110892398801,1.2176307832684887],[103.85105560776158,1.2179001126612161],[103.8509692417603,1.218366767550235],[103.85087380922398,1.2188999394687483],[103.85080975714561,1.2192588553540238],[103.85076203491215,1.2195100060546582],[103.85109599966312,1.2196791093199917],[103.85113970730204,1.2197028287229048],[103.85117107721253,1.219698324774566],[103.85119329841854,1.2196938805750686],[103.85128886289888,1.2196879228808102],[103.85138623783314,1.2196732190539217],[103.85153066272802,1.2196576584698233],[103.85156590882713,1.2196510138577852],[103.8515657443734,1.2196472932999969],[103.85155933648514,1.2194304075488878],[103.8515457485981,1.2192212062384062],[103.85153847219276,1.2190558313323863],[103.85158201701559,1.219053095330661],[103.8515847735134,1.2191637986707045],[103.85160930556188,1.2196716692654017],[103.85162157114695,1.2199265075706607],[103.85162841465815,1.2201189944459543],[103.85157954413053,1.220229274894947],[103.85151272948768,1.2203671286591298],[103.85145802308752,1.2204787684065876],[103.85141721564874,1.2205596741081541],[103.8514136288323,1.2205696176290244],[103.85137236029769,1.2206274782961417],[103.85132435647199,1.2206853435298315],[103.85129160847913,1.2207282884412738],[103.8512938412317,1.2208540304746347],[103.85135499615745,1.2208546839189496],[103.8513677193582,1.2208829117874893],[103.85174353753057,1.221484927120686],[103.85173312385935,1.2215074187575672],[103.85171843420326,1.221539147611031],[103.85173878226148,1.2215711918466396],[103.85186055160467,1.2217572849656932],[103.85196353008142,1.2219183878835957],[103.85199023762091,1.2219161720020757],[103.8520166180999,1.2219139832535415],[103.85243142370766,1.2225772327815312],[103.85244088432394,1.2225936324739892],[103.85249816078117,1.2226501666506624],[103.85252187458205,1.2226645883934997],[103.85254537360832,1.2226749368764096],[103.85256429014096,1.2226782946484298],[103.85257625751404,1.2226791274825677],[103.85257994503232,1.2226789303043315],[103.85258361456093,1.2226760227434486],[103.85258703134411,1.2226363744400737],[103.85258764230477,1.2226318996362082],[103.85260934519152,1.2225161036431964],[103.85269820806522,1.2223076341387882],[103.8527201947341,1.2221719592891478],[103.85298332514306,1.2218328493194952],[103.85317860336147,1.221665811605212],[103.85328949886613,1.2214765054177326],[103.85337195033988,1.2214582022554674],[103.85340588218372,1.221365248622518],[103.85362905802906,1.2212650902881872],[103.85376702489737,1.2208332032588465],[103.85424094311522,1.2206502492063156],[103.85489686664356,1.2198822669340839],[103.85519066106808,1.2196431666430227],[103.85550617232838,1.21948011421803],[103.85595403091662,1.2187021320311904],[103.85622175513045,1.2184136905827558],[103.85637459408271,1.2183445487359201],[103.85640940159809,1.218328799818838],[103.85670724130443,1.2182474830382655],[103.85703911662632,1.2181447803976166],[103.85732114071489,1.217873415844609],[103.85735870694249,1.217686029209969],[103.85698572702687,1.2176610250200328],[103.85698593702284,1.2176315436138085],[103.85698625919615,1.2175863153980002],[103.85732771720605,1.217596453913859],[103.85773911105258,1.2176826362099815],[103.85807888761653,1.2178531900559633],[103.85826234756715,1.2180368351006206],[103.85827640948555,1.2180509114153684],[103.85842518638822,1.2181998390919937],[103.8584010624736,1.2182394649872907],[103.85837895826108,1.2182614032872305],[103.8582338114818,1.2181251213141906],[103.85821140856712,1.2181040868902102],[103.85816199309743,1.218132904044374],[103.85808854978524,1.2181943473020047],[103.85803695023326,1.2182468072958055],[103.85797156682851,1.2183320578921137],[103.8579428048454,1.2183809409091562],[103.85790071209081,1.218487916856854],[103.85787410515732,1.2185819557165283],[103.85786016084134,1.2186558804715513],[103.85785744799064,1.2187300529196907],[103.85784970182753,1.218824201938692],[103.85785989297587,1.2189419809537674],[103.85787313885214,1.2190341826817312],[103.85787555057313,1.2190453181093461],[103.85788996965469,1.2191088957608038],[103.8579123791882,1.2191655685098366],[103.85792850180236,1.2192227875530555],[103.85795475265061,1.2192961430926483],[103.85798035554598,1.2193559358717863],[103.8580101042668,1.219422904750887],[103.8580402752716,1.2194876063819153],[103.85807321915168,1.2195576961952517],[103.8581396637823,1.219674339708946],[103.85818565324841,1.2197451393263867],[103.85822097441282,1.219793476417546],[103.85824931484744,1.2198256299566306],[103.85828453801315,1.2198671815951359],[103.85832049336726,1.2198974123817714],[103.85835603452655,1.219929911319905],[103.85840882103969,1.2199739163352108],[103.85845152516492,1.2200044988547978],[103.85850153341057,1.220042663503375],[103.85856991541081,1.2200773886764666],[103.85863465838338,1.2201085479699365],[103.85867218151354,1.220123371970065],[103.85873636104576,1.2201468477790351],[103.85878461063996,1.220157441959235],[103.8588228659526,1.2201604920188067],[103.858864317326,1.220167115194479],[103.85890972211648,1.2201673435648668],[103.85896093580085,1.2201652241465613],[103.85900132951666,1.2201610048950493],[103.85904392996535,1.2201540363512806],[103.85908738217394,1.2201434367720858],[103.85913884102358,1.2201277410166338],[103.85918256716688,1.2201053738324203],[103.85922254909225,1.2200731084059047],[103.85926432715296,1.2200408167348011],[103.85931391134508,1.2199889554271974],[103.85934631151339,1.2199501162414088],[103.85931679957281,1.2198425296187],[103.85928261254955,1.2197246151895194],[103.85928900280899,1.219631197812657],[103.85935260795641,1.2196311971946063],[103.85938335762872,1.2196899431040997],[103.85940910387575,1.2197510777612264],[103.85942966527963,1.219814170387797],[103.85944489695683,1.219878776409022],[103.85945469157912,1.2199444405861535],[103.85945898012984,1.220010700224273],[103.85945773239023,1.2200770884326153],[103.85945095715233,1.2201431374144605],[103.85943870215708,1.2202083817634082],[103.85942105375783,1.2202723617428097],[103.85939813631198,1.2203346265252464],[103.85938324591805,1.2203681870887062],[103.85936682268986,1.2204010152170974],[103.85934890208596,1.2204330400329173],[103.85934700969358,1.2204362281941468],[103.85934510245664,1.2204394073814075],[103.85934318041716,1.220442577524679],[103.85927005543667,1.2205343450829989],[103.85915699709201,1.2206640936535318],[103.85911078590436,1.2207142764238312],[103.85906631973177,1.2206799607124834],[103.85910751095543,1.2206354754925286],[103.85907737547392,1.220625424667484],[103.8590467045028,1.2206181891363],[103.85901518986246,1.22061503863077],[103.85899090022356,1.220614041349217],[103.85896486839336,1.2206166922936184],[103.85893571153174,1.2206207459382445],[103.85889992458132,1.2206325889440186],[103.8588695889753,1.2206484228611567],[103.85885503766183,1.2206676398577034],[103.85882945448101,1.220701049163565],[103.85878884644936,1.2207518730699163],[103.85870991713445,1.2208562013977453],[103.85867192851453,1.2209323230870346],[103.85864919462593,1.2209760927726572],[103.85862829463247,1.2210221007447584],[103.85861200230917,1.221075730663535],[103.85859774679405,1.2211153040136462],[103.85858764429524,1.2211620543671398],[103.85857795508896,1.2212060843859716],[103.85856784539716,1.221252383461183],[103.85856041327546,1.2212972843623602],[103.85855419794912,1.2213638836877858],[103.8585415734187,1.221422435127182],[103.8585258562229,1.2214846519880975],[103.85850128152109,1.2215560500485487],[103.85848021547584,1.2216215118221532],[103.8584573128337,1.221684289456762],[103.85843209196797,1.2217421220437081],[103.85840409013768,1.221794570065766],[103.85835481068555,1.2218672389899166],[103.8583130049952,1.2219280335273783],[103.85825864073699,1.2219912790113336],[103.85816992179123,1.2220717737727465],[103.85811298756182,1.2221128867466962],[103.85808330618414,1.2221427365019037],[103.85802426950627,1.222193383312068],[103.85797772936702,1.2222384129929533],[103.85792509289988,1.222296655505702],[103.85785826085662,1.2223677754048787],[103.85781668143879,1.2224136370534402],[103.85776280148099,1.2224791362013183],[103.85770052405469,1.2225542623930228],[103.85765189674362,1.2226101824538678],[103.85757333629776,1.222678309908278],[103.85749757929388,1.2227540891695048],[103.85742010256598,1.222834869584038],[103.85733404136077,1.2229126095976106],[103.85722352263977,1.2230088115401054],[103.85714715991965,1.2230737411269477],[103.85710593443945,1.223113264065393],[103.85705582446712,1.2231597045721336],[103.85699359978435,1.223208136597776],[103.8569277010058,1.2232507391160297],[103.85685867539655,1.2232952001308925],[103.85680475197422,1.2233267665711889],[103.85671734988736,1.2233746670452452],[103.85665135400566,1.2234109399051682],[103.85660096801494,1.223438835491871],[103.85654471917785,1.2234654595911136],[103.85650151593472,1.2234923440330732],[103.85646136221243,1.223513300333575],[103.85642037649609,1.2235383416585772],[103.85638303250191,1.2235664948723457],[103.85635246515744,1.2235972625470721],[103.85632285386691,1.2236316350131369],[103.85630404727377,1.2236672047654034],[103.85629365973065,1.2236945058334352],[103.8562884100285,1.223734850517369],[103.85628876175386,1.223782433692586],[103.85625910753667,1.2238409563282746],[103.8562982732614,1.2238631084181666],[103.85622756988963,1.223989737345957],[103.8561924320141,1.224048958197962],[103.856175964195,1.224076716926478],[103.85611754346085,1.224190914341162],[103.85606445896542,1.2242979247183154],[103.85602765276516,1.2243847965502035],[103.85600428379009,1.2244568547642867],[103.85596561587187,1.2245458175036161],[103.85593212338847,1.2246308932365693],[103.85591730093991,1.2246811417047594],[103.85590723262057,1.224739180334904],[103.85590047984378,1.2247981006930266],[103.85589920718253,1.2248627022272256],[103.8558977833786,1.2249044187998555],[103.85589232159305,1.224941779983596],[103.85590004705861,1.225048908313275],[103.85591410544842,1.2251751340701988],[103.85591969798304,1.2253004284025344],[103.85594069486712,1.2256559468661514],[103.85593383720949,1.2257443450102128],[103.85591864834016,1.225816183392852],[103.85589441746149,1.2258632983148456],[103.85585656772514,1.2259107986115352],[103.85581647874973,1.2259430639896218],[103.85576705770227,1.22596963917966],[103.85572896055808,1.2259796842854505],[103.85567850970087,1.2259936173606945],[103.8556689674485,1.2259966371163826],[103.85554814653507,1.2260345147534002],[103.8555460035715,1.2260351867146786],[103.85509122804032,1.2261777618462535],[103.855051210616,1.2260591655226356],[103.85544006641967,1.225937753093518],[103.85544035214816,1.2259376653677119],[103.85542576586761,1.2258628337860313],[103.85540978615134,1.2258084092177055],[103.85538569911319,1.2257562383946727],[103.8553630597079,1.2257184017486922],[103.85533102714491,1.22567612112928],[103.85528441602231,1.2256236222067225],[103.85521766359577,1.2255594055883539],[103.8551280807605,1.2255034360620367],[103.85505227414889,1.2254625250061764],[103.85496219464332,1.225432030543144],[103.85488382115932,1.2254152542989194],[103.85477003711767,1.2254096038391884],[103.85466835256871,1.2254078556137247],[103.85457999493003,1.2254151672092415],[103.85447234977912,1.2254358147252122],[103.85434315023397,1.2254806388036301],[103.85425073779167,1.225516018300552],[103.85414396447665,1.2255727951887265],[103.85406775425731,1.2256246701750129],[103.8540102053164,1.2256675818501177],[103.85393504472077,1.225740165884646],[103.85382241793211,1.2258490975501133],[103.85374316924457,1.2259457187351002],[103.85367296855344,1.226030431166821],[103.85359460155517,1.2261606006744241],[103.85352802041041,1.2262879529924933],[103.85346931649657,1.2264039455172049],[103.85343602704663,1.2264983171883446],[103.85338903989195,1.2266237213519002],[103.85335281706635,1.2267580370488234],[103.85332391608927,1.226867268310972],[103.85329270436532,1.2270100343582164],[103.85326593207633,1.2271326963320364],[103.85323910694248,1.227278374401697],[103.85323254116817,1.2273608588927576],[103.85322107427326,1.2274848320808804],[103.85322329473098,1.2276354947938135],[103.85322594902414,1.2277658355117145],[103.85324205593358,1.2278923705597102],[103.85326486389809,1.2280040097571412],[103.85329726099215,1.228131751105472],[103.85334263808008,1.2282549859034393],[103.85338286113337,1.2283612837869886],[103.85343142694018,1.2284660667948795],[103.8534962596742,1.2285855284305514],[103.85358343062043,1.2287168868189307],[103.85366457048094,1.2288185178604651],[103.85376696929735,1.2289141410374564],[103.85388648314694,1.2290106196073503],[103.85399162045734,1.2290786632317097],[103.85408522244923,1.229131620321119],[103.85417928885818,1.2291688794316782],[103.85427796729512,1.2291957600069983],[103.85433379964977,1.229206161574692],[103.85439716154978,1.2292091934091371],[103.85449043073262,1.2292152980368583],[103.85464200115624,1.2292002011595446],[103.85473832325359,1.2291738281897313],[103.85481969481582,1.2291413074626598],[103.85482221425949,1.2291402999793986],[103.85483183197874,1.2291346620886223],[103.85492275374692,1.2290813652985348],[103.85499991369342,1.229018466067692],[103.85505862608719,1.228952559971305],[103.85511032100482,1.2288831739337818],[103.85513904879662,1.2288086892728578],[103.85514804429152,1.2287480316139099],[103.85514539649635,1.2286550755505767],[103.855139615397,1.2286527341964748],[103.855070341089,1.2286303761428399],[103.85504858875693,1.2286240086852227],[103.85499547713994,1.2286146290428739],[103.8548736422408,1.2286115732796703],[103.85482897050176,1.2286115772591897],[103.8547963786299,1.2285188882252192],[103.85483146745936,1.2284953319399758],[103.85486659496453,1.2284767668456922],[103.85490939247293,1.2284873683719688],[103.85499016143734,1.2284960993607685],[103.85509006082513,1.2285080045124088],[103.85518400409423,1.2285410890387543],[103.85521987671653,1.2285527143584059],[103.8553724891009,1.2286130080305373],[103.8553881045376,1.2286191774804902],[103.85540748119297,1.2286268309624344],[103.85565090720684,1.228706600271349],[103.85624011567795,1.2289297274765354],[103.85671518021698,1.2290992276035313],[103.85684941868327,1.2291442059260822],[103.85706514871958,1.2292164899176796],[103.8572002843262,1.2293071214748044],[103.85736420691264,1.2294163293301377],[103.85743902828415,1.2294896518699865],[103.85749686297606,1.2295463279118874],[103.85752664209645,1.2295849024343344],[103.85752920380887,1.2295882196225678],[103.85761307720672,1.2296968629624079],[103.85763242262514,1.2297263478043023],[103.85769801375021,1.2298263175418591],[103.85777834477523,1.2299877640800543],[103.85784546922274,1.230135282608981],[103.85789738590394,1.2302492565625547],[103.85794286005898,1.2303484695258506],[103.85800840215414,1.230487804463843],[103.85806666218461,1.2305775323233499],[103.85806999035377,1.2305826564255422],[103.85809228836868,1.2306169976772277],[103.85811116746292,1.2306460755551838],[103.85825115636716,1.2308634809241574],[103.85831788959199,1.230966460361145],[103.85833949046038,1.231011483978822],[103.85836068788568,1.23105566834921],[103.85838498448254,1.2311181932163058],[103.85838753548248,1.231128713672533],[103.85840124924074,1.2311851721577458],[103.85840978003358,1.2313061806621919],[103.85840429694574,1.2314652431778539],[103.8583938854352,1.2316208411169138],[103.85837318455016,1.2318293680304064],[103.85836328292915,1.2319348216273363],[103.85833735950766,1.2320121333394918],[103.8583179491906,1.232059732975893],[103.85831303349364,1.2320720133972145],[103.85825184868749,1.2321706874511928],[103.85816584286863,1.2322426567369826],[103.85807548709482,1.2322921770035498],[103.8579768836875,1.232330814213149],[103.85789677875071,1.2323377704304537],[103.85779694126298,1.2323319255384586],[103.8576988835829,1.2323080267839381],[103.85763408909447,1.2322752613242094],[103.85756910146685,1.232247075569978],[103.85750397277211,1.2322188256054682],[103.85736826957212,1.2321762493275739],[103.85721112222498,1.2321296804637862],[103.85707263464734,1.232101986429378],[103.8567573592744,1.2320641750154886],[103.85642070535994,1.2320232635864745],[103.85609678898365,1.231992661768331],[103.85568815551876,1.2319628429029572],[103.85514923642293,1.2319306773189118],[103.85481171209932,1.2319173108474224],[103.85454429407275,1.2319105356902422],[103.8545345118711,1.231910795321402],[103.85453451186707,1.2319102870681542],[103.85434845318342,1.2319055731911526],[103.85394242098897,1.2318787085962832],[103.85376492602057,1.2318614275524347],[103.85368656231664,1.2318548678906098],[103.85353868887711,1.231833316191116],[103.85327005570088,1.2317783617613018],[103.85298615576887,1.2317250153787467],[103.85262459463698,1.2316431069653604],[103.8523863261897,1.2315965809078235],[103.85220552540606,1.2315534249890705],[103.85199789115124,1.2315053865791885],[103.85181152393591,1.2314471576171604],[103.85160895813323,1.2313812543102782],[103.85160712245585,1.2313815084495636],[103.85160643148559,1.2313804313553434],[103.85160123352807,1.2313787402281946],[103.85158651751493,1.2313742619129966],[103.85133848882715,1.2315147386628702],[103.85121133992772,1.2313746262177645],[103.85110144943377,1.2311733333420032],[103.8510388110069,1.231065533424563],[103.85101033720527,1.2309802257457372],[103.85098744134606,1.2308829062502131],[103.85098958872207,1.2308692774516783],[103.85100065126046,1.2308610114796341],[103.85101438876484,1.2308631438812565],[103.85102263726337,1.2308743868949177],[103.85104440905289,1.2309685492585678],[103.8510714910215,1.2310501400051928],[103.85113023880875,1.2311513932480211],[103.85152034739255,1.230930020075477],[103.85171538191717,1.2306260543374914],[103.85118052118025,1.230238607121316],[103.85080635150294,1.2301792579310011],[103.85045263817698,1.2302152982891819],[103.85043784150788,1.2302426509116708],[103.85041780023316,1.2302797001721089],[103.85037327275077,1.2303620139749838],[103.85010909808045,1.230280968254694],[103.84985863421906,1.2300964422369771],[103.84983939643946,1.2300237766086053],[103.84981155084895,1.2299540511249747],[103.84977507948453,1.2298883944337822],[103.8497307550808,1.229827819418979],[103.84967908980182,1.2297734664815738],[103.84962104506978,1.229726133265441],[103.84955764520197,1.2296864392540836],[103.84953886965472,1.2296770285439786],[103.84953879777284,1.2296769923698017],[103.84860057997,1.230719988823329],[103.84863615807811,1.2307664666616958],[103.84867125371369,1.230818565132405],[103.84870585792937,1.2308828580665327]],[[103.85041030542972,1.2291108443039194],[103.85041023804071,1.2291108506349158],[103.8504102757789,1.2291109012791257],[103.85041030902406,1.2291108859046946],[103.85041030542972,1.2291108443039194],[103.85041034945742,1.2291108768607804],[103.85041044559885,1.2291108316419082],[103.85041030542972,1.2291108443039194]],[[103.85231050061114,1.222891475261096],[103.852311415289,1.222889482937851],[103.85231159319254,1.22288903798886],[103.85231050061114,1.222891475261096]],[[103.85915533711655,1.2205265686526319],[103.85915399022794,1.2205254572007374],[103.85915256067673,1.2205244542734726],[103.85915533711655,1.2205265686526319]],[[103.85218468375989,1.2279042444502735],[103.85222790348992,1.22790575262446],[103.85218469903154,1.2279037904588022],[103.85218468375989,1.2279042444502735]],[[103.84950088638467,1.2296602980184776],[103.84950096096209,1.2296603305751677],[103.84970970767719,1.2294588538980231],[103.84983436868839,1.229352720436306],[103.84988783940021,1.2293114946128814],[103.84992442522014,1.2292880686110677],[103.85001072164651,1.2292569199218337],[103.8500107054728,1.229256864755647],[103.84992435333827,1.2292880324369009],[103.84988776751834,1.2293114584387306],[103.8498342968065,1.2293526842621365],[103.84970963579532,1.2294588177238674],[103.84950088638467,1.2296602980184776]],[[103.84956649784804,1.2294583329593924],[103.84944781828148,1.229565726153142],[103.84944097238781,1.229555042023532],[103.8494481067104,1.2295663528765115],[103.84956649784804,1.2294583329593924]]],[[[103.84296612296349,1.3642868071280663],[103.84227951549389,1.364352345460269],[103.84210097459471,1.3643888688746266],[103.84156913213887,1.364497665793347],[103.84101176401823,1.3646116835712732],[103.8405116878722,1.3647936640265834],[103.84006166456389,1.3649574303396492],[103.83965936774116,1.3651112059295605],[103.83926859592097,1.3652700006451577],[103.83694442864905,1.3661029754683152],[103.83677834173452,1.3661604335960003],[103.83677830758892,1.3661604453527822],[103.83675726850475,1.3661677237070382],[103.83597832628848,1.366434446150694],[103.8356636160453,1.366543359977058],[103.83510476009678,1.366736961342702],[103.83510426498528,1.36673713226792],[103.83437341382613,1.3669903131042163],[103.833917777225,1.3671479430538414],[103.83357567211151,1.367268018275258],[103.83333646215208,1.3673417095086968],[103.83331420099282,1.367348041867483],[103.83306782133214,1.3674181228515785],[103.8328047273674,1.3674821337133098],[103.83251251703976,1.3675492202791395],[103.83193548348505,1.3676682325444376],[103.83126852373925,1.3677689493039635],[103.83094124758719,1.367802158159697],[103.83071665098787,1.3678249506173326],[103.83059768484999,1.3678370237472666],[103.83004696135741,1.3678790271562564],[103.82980874603228,1.3678941939097533],[103.82953317895746,1.3679117390583266],[103.82833360448393,1.3679942230083093],[103.8283000412996,1.3674716423577111],[103.82824257157864,1.366576866001236],[103.82823524488632,1.366462794897894],[103.82800301580592,1.365731213402652],[103.82768383750054,1.3647329789527345],[103.82768108250976,1.3647243621629663],[103.82767191178714,1.3646956793224332],[103.82764785655016,1.3645513137798748],[103.82764128810784,1.3645118907146772],[103.82764085949677,1.3645093177971654],[103.82763276979993,1.3644607696922904],[103.82763253437834,1.3644593570746635],[103.82761913421812,1.3643789355408307],[103.82761832821376,1.3643740989984954],[103.82761514552983,1.3643549997207272],[103.82759936150295,1.3642602720417578],[103.82757886635108,1.3641372748268428],[103.82757861116136,1.3641357410243269],[103.82756580944253,1.364058915243984],[103.82756459098741,1.3640575026239752],[103.82719695726007,1.3636313173065822],[103.82719374668473,1.3636280353601942],[103.82710490227896,1.3626905122799984],[103.82710461204151,1.3626905448363544],[103.82710397495681,1.3626906162794756],[103.82670831031533,1.362735060202404],[103.82670829234466,1.3627348042672611],[103.82669794125115,1.3625862018040997],[103.82539584426206,1.3633057535119135],[103.82539525120906,1.363305193708435],[103.82523947776079,1.3631582339832757],[103.8248703632936,1.362345038248111],[103.82471767719083,1.3620086557717972],[103.82452780210508,1.3616776043764691],[103.824344044722,1.3617762309555181],[103.82434356219036,1.3617764896019062],[103.82390017336924,1.361710433125803],[103.82291539811933,1.3615629181790478],[103.82135016706866,1.3613083594333808],[103.82069354954643,1.3612011608514574],[103.82066891923982,1.361140370255485],[103.82059785159392,1.3609639103106212],[103.82049464533623,1.3607073958608062],[103.82016208029643,1.3598823786482768],[103.8199087805343,1.3592524106104997],[103.81986173853522,1.359135417253746],[103.81979801036964,1.3589814750923463],[103.81971696707451,1.3587857059800301],[103.81956295942028,1.3584136839756171],[103.81951220101642,1.3582910726789008],[103.8191626637378,1.3574467298584865],[103.81908250641744,1.35711660836006],[103.8190797398006,1.357105216065873],[103.818954214135,1.3565882489993202],[103.81888501460627,1.356303258052723],[103.81853752741934,1.3548717918498285],[103.81853716979948,1.3548703186380824],[103.8186148872866,1.3547678455876342],[103.81874320969162,1.3545892407357032],[103.81894728798713,1.3543051946789495],[103.81902972746752,1.3541904521309542],[103.81903663119519,1.3541808433004348],[103.82021153473704,1.3537066202961408],[103.82183577379557,1.3530509906350905],[103.82190960894579,1.353022032333774],[103.82192381706771,1.3530164597076473],[103.82252408410204,1.352781041950838],[103.82354651792573,1.3523226782627107],[103.82499457676293,1.3531720437618564],[103.82556709315645,1.353512185265526],[103.82557641843927,1.3535177245275256],[103.82658001967856,1.35411398042484],[103.82666788748648,1.3541587575596932],[103.82666924521563,1.3541594494022189],[103.82669049803494,1.3541702801289601],[103.82669704676434,1.354173617251651],[103.82669782851443,1.3541740151741377],[103.82669914041686,1.3541746835030353],[103.82672460659985,1.354187661202167],[103.82673786130745,1.3541944159361883],[103.82674886783828,1.3541894329184692],[103.826931304471,1.3541243273127384],[103.82707355545186,1.354074785700368],[103.8273601079221,1.3539750368431738],[103.82760171413861,1.3538909224969946],[103.82790092734847,1.3537867304629045],[103.82805666754909,1.3537324870320142],[103.82821216333313,1.353678333122563],[103.82836706785456,1.353624378161977],[103.82852258069764,1.3535702179018738],[103.82867779071746,1.3535161562068223],[103.82883357311633,1.3534618756466106],[103.82898956487394,1.353407496500938],[103.82914643721804,1.353352855080981],[103.82930171909557,1.3532987562667416],[103.82981885116277,1.353117948403947],[103.8298574077072,1.3530797996558768],[103.82989677475553,1.3530414655136205],[103.82993613101982,1.353003147649256],[103.82997549896426,1.3529648098882334],[103.83001485522608,1.3529264938312795],[103.83005421328384,1.352888157877653],[103.83009356954322,1.3528498228277297],[103.83013293568557,1.352811495012082],[103.83017229373961,1.3527731681001283],[103.83023536402794,1.3527117437509328],[103.83028325754866,1.3526651138783887],[103.83029798503168,1.3526498853045774],[103.83033620909418,1.352610382714727],[103.83037444124257,1.3525708783155224],[103.83041266799832,1.3525313775331411],[103.83045090104277,1.3524918749414367],[103.83048912689749,1.352452362401077],[103.83052736173661,1.3524128598081318],[103.83056558579172,1.3523733572145358],[103.83060382062837,1.3523338546203305],[103.83067514781123,1.3522601408606312],[103.83082454498874,1.3521108584903085],[103.83098006766299,1.3519554436213834],[103.83115219578929,1.3517834056348075],[103.83118139823546,1.35175497244357],[103.83119242451994,1.3517439654339891],[103.83124943843542,1.3516845134711006],[103.83132509576282,1.3516048670648262],[103.8313932168262,1.351533140169345],[103.83146134597264,1.3514614168893504],[103.83152946612945,1.3513896818506437],[103.8315975880794,1.351317948618694],[103.8316657064311,1.3512462135760457],[103.83174479804327,1.3511629316136555],[103.8318226954585,1.3510808958620513],[103.83190060095558,1.350998861012257],[103.83197798528036,1.3509173687782403],[103.83207257619884,1.3508173822981357],[103.83207247916287,1.3508001460163974],[103.83207166065965,1.3506296091108962],[103.8320709580576,1.3504854072974812],[103.83207031295984,1.3503485498274788],[103.83206966606565,1.3502105275359535],[103.83206907307866,1.3500853716370984],[103.8320890751028,1.3500648434791604],[103.83218806085623,1.3499632463229994],[103.83228625586565,1.3498624730383326],[103.83235050314511,1.3497965186712544],[103.83240779552324,1.3497854664560898],[103.83252542550798,1.3497627958905485],[103.83263889694105,1.3497409256806006],[103.83274242038149,1.3497209763329803],[103.83285197317764,1.3496998603520152],[103.83295981870235,1.3496790681282749],[103.83306688247548,1.3496584215023122],[103.83319792889074,1.3496331544751452],[103.83327016346846,1.3494318863632855],[103.83327712912788,1.3494124615196335],[103.83336456827558,1.3494376571134052],[103.83354749500394,1.349490409586296],[103.83364464043349,1.3495184159337121],[103.83372324761397,1.3495410711558997],[103.83377632482636,1.3495563639494272],[103.8338294020394,1.3495716648810705],[103.83383952075633,1.3495737557695593],[103.8339867124283,1.349142480610838],[103.83448622408748,1.3486065459151066],[103.8354722975789,1.3475429764762032],[103.83548705195678,1.3475290230239607],[103.83561106328456,1.347389858403811],[103.83524772785796,1.3473181344777692],[103.8345576602427,1.3476786426320755],[103.83513568687988,1.3470796428041378],[103.83540104902548,1.346755545501004],[103.83578243594457,1.3462897712211606],[103.83677877828893,1.3463571370223697],[103.83682850400326,1.3458727611531498],[103.836847616143,1.3456885384663024],[103.83687166939653,1.3454540647601514],[103.83689991976546,1.3451784135240774],[103.83692813508426,1.3449027821831367],[103.83695638454218,1.3446271671197754],[103.83698467083485,1.344351571047078],[103.83701294903429,1.3440760201916704],[103.83704123531444,1.343800415073454],[103.8370722163322,1.3434988013319897],[103.83707615196946,1.3434604372801886],[103.83686423523334,1.3433234914925438],[103.83673837373506,1.3432386161610121],[103.83667163848263,1.3431952610202402],[103.8365921059226,1.343143594785195],[103.83651364445095,1.3430926240024006],[103.8364121690328,1.34302670500571],[103.83631151400641,1.342961302395864],[103.83623326550531,1.342910459119043],[103.83615485796216,1.342859515455385],[103.83610193271511,1.3428251243435112],[103.83607624105744,1.342808364689951],[103.83599812106003,1.3427573685677174],[103.83592460259663,1.3427093912067167],[103.83598161512697,1.342499470964076],[103.83606798375301,1.3424187020756733],[103.83615066019335,1.342341387860796],[103.83652007133279,1.3419959364465686],[103.83646374864641,1.3419637945012546],[103.83617384870443,1.3417930427012394],[103.83598820338986,1.3416836998171917],[103.83597764081057,1.3416774787053316],[103.83527954474252,1.3412663046185491],[103.8352422922336,1.341246472838932],[103.83495689246027,1.3410945524710163],[103.83434333954116,1.3407679515106554],[103.83393045943023,1.3406103932628526],[103.8335638228443,1.3404985134877125],[103.8329716155009,1.340420654018225],[103.83221464917531,1.3404506461324988],[103.83160603318507,1.340524019582152],[103.83040311332536,1.3406949324700308],[103.83025732110866,1.3407103281914097],[103.83007872606689,1.3407296858812703],[103.82994683905497,1.3407462780768191],[103.82977373870847,1.3407601046586262],[103.82963635791162,1.340768400189329],[103.82951271429386,1.3407766966382622],[103.82939181936925,1.3407849921810002],[103.82928740941026,1.3407988188384832],[103.8291637657524,1.3408292378341118],[103.8290016556209,1.3408762491307782],[103.82885053666557,1.340923260436883],[103.82866644503454,1.340981332952726],[103.82850086823213,1.341032437362973],[103.8284603728154,1.341044936503946],[103.82827353427464,1.3411002434377857],[103.82808944353316,1.3411500192698826],[103.8279630529699,1.3411693769161857],[103.82785864298066,1.34118596905885],[103.82778873051679,1.3411942646360222],[103.82765195981933,1.3411991804457783],[103.82739795760591,1.3412090120900049],[103.82716837735998,1.341213928548678],[103.82676783440188,1.341228675876601],[103.82639171517987,1.3412483402381266],[103.82622075162269,1.341238506589018],[103.82567046017648,1.3412181766123752],[103.82546529021089,1.3412205815668405],[103.82480044156041,1.3411502062022214],[103.8239944064502,1.3409212859791386],[103.8239932535993,1.3409209712558818],[103.82337190031265,1.3407373882254334],[103.82318969959877,1.3406835551762841],[103.82228271285454,1.3403824059901495],[103.82214211099306,1.3403305726012267],[103.8211284631766,1.3399568870352558],[103.8207150920103,1.339727933300387],[103.82035686208545,1.339464289272574],[103.82025072123315,1.3393607462053563],[103.82006135805472,1.3391810714697734],[103.82006135805622,1.3391807902124053],[103.81992897975829,1.3389938763385556],[103.8198812452301,1.3388986464942825],[103.81964926697052,1.3384110254322603],[103.8194286091946,1.337860932720843],[103.8190755570838,1.336989666825359],[103.8189416483747,1.3367098203909813],[103.81883792503994,1.336415657133845],[103.81861835623734,1.3357874082650336],[103.81856702247329,1.3357966180033616],[103.81822898105999,1.3358572707592098],[103.81818776775764,1.3358652415727277],[103.81806961719512,1.3358800344316915],[103.81794350705296,1.335919404244636],[103.81781467783331,1.3359647419351146],[103.81734726853193,1.3361292328750674],[103.81705628960991,1.3362364243725209],[103.8168407726718,1.3363122692635858],[103.81676549219846,1.3363396293973862],[103.81674840876109,1.3363474782608777],[103.8167369233317,1.3363565616198487],[103.8167283258767,1.3363643038258635],[103.81671983891738,1.3363760469411357],[103.81670214524488,1.3364008218860937],[103.81668400139446,1.3364255923060284],[103.81662342274825,1.3365083530003916],[103.81636754427637,1.3368555005903742],[103.81620453709172,1.3370778600711606],[103.81613768283566,1.3371673048664923],[103.8160995467579,1.3372196383617179],[103.81607369141244,1.3372523363814115],[103.81606421155146,1.337262436256948],[103.8160529839979,1.3372720423370341],[103.8158263656381,1.3374200472044975],[103.81571881851171,1.3374859447572325],[103.81554543915544,1.3375850130107658],[103.81545490095009,1.3376340162426552],[103.81541683874366,1.3376572300952465],[103.81529770733867,1.3377287870567758],[103.81526794695374,1.3377462103225939],[103.81524327154767,1.337758627968359],[103.81520849808389,1.3377787950380837],[103.81519300593833,1.3377921596211928],[103.81518105140276,1.3378075346327676],[103.81517030812218,1.3378231475011781],[103.81506168630293,1.3380080675210335],[103.81501711632676,1.338085060256486],[103.81500283354859,1.338110491782634],[103.81499489468415,1.338123806681142],[103.81499443461868,1.3381242697122822],[103.81499132559027,1.3381263569621156],[103.81495318521722,1.3381469002183262],[103.81468887039605,1.3382924077421416],[103.8146404729202,1.3383195663410106],[103.81461375506011,1.3383347829726184],[103.8145932633555,1.3383444106793478],[103.8145835472029,1.3383493014076977],[103.81458017939624,1.3383504300286546],[103.81457710632073,1.3383510476859395],[103.81457069150787,1.3383513288939122],[103.81455870384542,1.338350082587368],[103.8145441067662,1.3383491337965459],[103.8145303183926,1.3383478232660935],[103.81448952116428,1.3383434612011618],[103.81441016144726,1.3383316522993876],[103.81437736319563,1.3383264410964435],[103.81434065443563,1.338318760947562],[103.81430592159737,1.3383122610092097],[103.81426545508147,1.3383024872261111],[103.81422819011802,1.3382943340885858],[103.81418077956403,1.338281610212749],[103.81411788601721,1.33825970148841],[103.81405956611907,1.3382398619845302],[103.81405660357868,1.3382388933867482],[103.81390952145172,1.3382074339010108],[103.81387964618786,1.3382055670545048],[103.81380791786137,1.3382033462662337],[103.81366057677451,1.3381945429021753],[103.8136227915062,1.3381917933289535],[103.81360225314604,1.338192404513183],[103.81357993470114,1.3381980186270552],[103.81355187618273,1.3382137027925096],[103.81351857454221,1.338233360692519],[103.81346719111058,1.338264734486448],[103.81326251458069,1.338392122492928],[103.8128549442177,1.3386446095214992],[103.81275239026054,1.3387094325977822],[103.81241344936491,1.3389223433316275],[103.8123850170179,1.3389395088290956],[103.81236571586392,1.3389522520626298],[103.81235159312534,1.338962588826784],[103.81232909304663,1.338981743976476],[103.81230539788574,1.3390007146252805],[103.81188660167618,1.3393510075017143],[103.81178122593883,1.3394444663069534],[103.81177177392004,1.3394531119474362],[103.81165010707231,1.3395721062370767],[103.81166386010729,1.3399143648934366],[103.81166387268395,1.3399147248305934],[103.81166489232626,1.3399400425223567],[103.8116796275512,1.3402753294408947],[103.81168087450256,1.3403036930340473],[103.8116875081404,1.3404545817785525],[103.81167699497334,1.3404569999555382],[103.81165295216886,1.340462529930011],[103.81158572181249,1.3404779939620834],[103.80986108558112,1.340905724225971],[103.8098890155056,1.3414727501379056],[103.80990241134408,1.3417447035013286],[103.80949230749492,1.3417651752291195],[103.80926808163763,1.3417763672426748],[103.80898471163464,1.3417906009257567],[103.80857531763726,1.3418108807804363],[103.80836005284905,1.341670738269452],[103.80815576571922,1.3415376318085144],[103.80795854214131,1.3414092733175647],[103.80788948827615,1.3413652029183],[103.80737368255893,1.341029434092944],[103.80680778437576,1.3413345976168347],[103.8058534537405,1.341090144558884],[103.80513733471793,1.3413447701055363],[103.80500730141902,1.3413466424374483],[103.80476651162667,1.341350105145235],[103.80468943854969,1.3413512138937473],[103.80460335740963,1.3413524554750047],[103.80460326665509,1.3413524554739324],[103.80421311111337,1.3413524508334],[103.80372566348034,1.3418455532419957],[103.80136346878248,1.344349694633908],[103.79966360544638,1.3461297870892195],[103.798495545895,1.347378250910271],[103.798064914078,1.34778923664079],[103.79765811482766,1.3481284730926102],[103.79707646495757,1.348539985458558],[103.79643772846423,1.348882433222492],[103.79569295141599,1.3491738666892126],[103.79527289126209,1.3492987039793194],[103.79507176529582,1.349343885555043],[103.7945460337335,1.349436326715227],[103.79402821310876,1.349526986290985],[103.79342140540557,1.3495432829389042],[103.79274673318837,1.3494853670728229],[103.79243646526993,1.3494638117486704],[103.79218151168217,1.3494060755239803],[103.79200852646727,1.3493669036549696],[103.79165610468922,1.3492701677143217],[103.79130242136463,1.3491730880427792],[103.79039559755628,1.3488625523340114],[103.79014183154071,1.3487280760954292],[103.78981966667439,1.348459851277783],[103.78944929728948,1.3480091447488727],[103.78939665240787,1.3479049275780985],[103.7893835841964,1.3485799926975202],[103.78938109285765,1.3487594809064334],[103.7893767292012,1.3490731866727972],[103.78937111406577,1.3490742365375235],[103.78926878408782,1.3491181858693613],[103.78914225688382,1.3491031448883584],[103.7890483671957,1.3490919896472438],[103.78891408631603,1.3490760468613059],[103.78879438907512,1.3490618172023592],[103.7886747008212,1.3490475992944462],[103.78855479691443,1.3490333524369886],[103.78843489300904,1.3490191164260155],[103.78831525867366,1.349004896692705],[103.78819560547001,1.348990678761894],[103.78807589026718,1.348976459015339],[103.78777030964878,1.3489401620476564],[103.78770843391797,1.3493650763789584],[103.78711504062527,1.3489675418983198],[103.78683923053246,1.348729363269713],[103.78675726502819,1.3486585870589896],[103.78662099933557,1.3486390691572987],[103.78623365628421,1.348583596088696],[103.786177011079,1.3485754837430868],[103.78621016971154,1.348534470571196],[103.78642887734166,1.348237670649225],[103.78650439355802,1.3481352085586145],[103.78692223653745,1.347568450689527],[103.78709836725147,1.3473294577436439],[103.7872525293351,1.3471202740168817],[103.78740671655245,1.3469110604355106],[103.78756090554,1.3467018649303748],[103.78764129198703,1.3465928010332702],[103.78771512056025,1.3464926169615152],[103.78802912982928,1.3460664765044446],[103.78816795204003,1.3458776125839014],[103.78830597173965,1.3456928065215876],[103.78817241312592,1.345501477654063],[103.7879255077614,1.3451906322193223],[103.78769402661018,1.3449574719345936],[103.78737410487724,1.3447124609753411],[103.78715364260096,1.3445894533118912],[103.78698710321564,1.3445013442646478],[103.78656626074215,1.3443000952640922],[103.78571376296354,1.3439319834769612],[103.783772223189,1.343103318249228],[103.78243599054785,1.3426692329105274],[103.78192339433863,1.3425012789865778],[103.7811305962222,1.342270684503989],[103.78024901646553,1.3424384348964091],[103.7799476150787,1.3424865504113068],[103.77973901583296,1.3425033416692194],[103.77947200913012,1.3424865399153036],[103.77916860785025,1.3424385150554703],[103.77877946291939,1.3423269647973899],[103.77836226785962,1.3421673957290603],[103.77782825991117,1.3418566621854027],[103.77643999391479,1.343505500075428],[103.7763273474513,1.3436330398930025],[103.77620531360692,1.3437653038815072],[103.77584390661205,1.3441006850782662],[103.77552943726263,1.344336867645824],[103.77521027567715,1.344530535905069],[103.77263497351824,1.3459768266474053],[103.77242917759935,1.346096757327429],[103.77223411994102,1.3462337156241277],[103.77211366776397,1.3463440784466107],[103.77199335378376,1.3464612746399633],[103.7718793291989,1.3465993129575926],[103.77103975671213,1.3479075479763871],[103.77038402347613,1.3490164394125994],[103.76841756365681,1.3479228288277068],[103.76730933113926,1.347339202001684],[103.76700431362963,1.3472368160595953],[103.76655498072935,1.3472067761162507],[103.76582830343474,1.3472691787748021],[103.76580247613623,1.3472672969778414],[103.76536075323204,1.3472351100658695],[103.76489883934838,1.347150030785983],[103.76449324346802,1.3470422363068506],[103.76371162359318,1.346822411960316],[103.76347182191036,1.3467579347698504],[103.76329649184707,1.346730404490439],[103.76328474590832,1.3467285601530303],[103.76322959966058,1.3467199019875005],[103.76318337967967,1.3467126440344084],[103.76321740261973,1.3466560255163198],[103.76328341675196,1.3465461680270912],[103.76382298930885,1.3457493857077265],[103.76419858126681,1.3450212479286683],[103.7653676105444,1.3446244009022492],[103.76537597674587,1.3446025616543142],[103.76542923873491,1.3444464590948109],[103.76548250970201,1.34429036829057],[103.76553576269144,1.3441342503531917],[103.7655451084729,1.34410687461636],[103.76569459215276,1.34380938739504],[103.76575414298632,1.3436909987819903],[103.7659209091292,1.3436043391347687],[103.7659451346534,1.3435917510624378],[103.7662542167398,1.343431064111584],[103.76648525775218,1.3433109791010331],[103.76657091842523,1.3432428105091627],[103.76669072780183,1.3431474848041987],[103.76681054345865,1.3430521789889767],[103.76693036000495,1.3429568695498626],[103.76705017744057,1.3428615619130646],[103.76713467892279,1.3427940543578487],[103.76686145716549,1.3426712704569816],[103.76689552575094,1.342216582551572],[103.76512467453058,1.3421084439294269],[103.76493134284023,1.3410200384101845],[103.76491239534263,1.3409078967592634],[103.76488950466928,1.3407742121458452],[103.76470367602712,1.339689242496584],[103.76468592273518,1.3395769670315385],[103.7646246217705,1.3395590896466107],[103.76437806438318,1.339466491192765],[103.76420160154296,1.3393818440637995],[103.7641470957191,1.3393556702261236],[103.7641487757591,1.3393330548469968],[103.7641561332376,1.3392339964656776],[103.76416144436422,1.3385697594514763],[103.76434694656702,1.3374991525385764],[103.76450075946163,1.336611405268241],[103.76458675466594,1.3364944273196868],[103.76462275229541,1.3364433968881626],[103.76492821149716,1.3360213108049275],[103.76511813801888,1.335751002654284],[103.76532828192504,1.3354519245202296],[103.7653419844657,1.3354684756654882],[103.7654437606762,1.3355905938501582],[103.76552562552864,1.3356886662506877],[103.76560460700391,1.3357835805299894],[103.76560949245192,1.335521262679171],[103.76561068158452,1.3354102963561307],[103.76562369958472,1.3345013205480345],[103.7656242928722,1.334459682745386],[103.7656258251393,1.334352760746279],[103.76562934448478,1.3341008231433222],[103.76563012784176,1.3340418215585292],[103.76564727157087,1.332752643118841],[103.76564491179899,1.332626977163665],[103.76564378126477,1.3325666651018597],[103.76564119023313,1.3324531158080744],[103.76549746783932,1.332491781527095],[103.76531094398516,1.3325500363798137],[103.76510512519143,1.3326169219293795],[103.76486929144242,1.3327010691200771],[103.76460773022153,1.3328175818448598],[103.76465152496112,1.3327197942045583],[103.76467633922304,1.332664381810764],[103.76473637395877,1.332552178158832],[103.76482642057326,1.3324032943445763],[103.76491750372176,1.332268491501473],[103.76493576581903,1.3322414641915883],[103.76504516716577,1.3320975594316213],[103.76507756064998,1.3320777348688162],[103.76511622705762,1.3320540714554452],[103.7654544310319,1.3317864795657648],[103.76562878975928,1.3317106173009186],[103.76570873613838,1.3316747605748043],[103.76573443394318,1.3316743995385374],[103.76608139339112,1.331669706396268],[103.76681996996042,1.331345584431469],[103.76685040898424,1.331328702591133],[103.76685119523208,1.3313282667090356],[103.76692572244164,1.33132421717953],[103.76696751450982,1.331314994703786],[103.76700148932697,1.331298924171745],[103.76703540966392,1.3312704195375595],[103.76705756902093,1.33123386664985],[103.7670695934317,1.3312024575101034],[103.76707763493572,1.3311900860284613],[103.76731236903468,1.3312938880257565],[103.76763324128487,1.3314357805060484],[103.76812982407009,1.3312120468872575],[103.76812988876685,1.33121201794933],[103.7682871609727,1.331047545450265],[103.76828748176578,1.3310472108441156],[103.76828825993623,1.3310463960327992],[103.768305926921,1.3310279049711244],[103.76830624142407,1.3310275757909629],[103.76833626029085,1.3309961743564063],[103.76842107816512,1.3309074386005504],[103.76878920210015,1.3305223140596738],[103.76901852314165,1.3301471636686206],[103.76906108321414,1.330077538703535],[103.76911654258917,1.3299868116454248],[103.76991068961902,1.3296906422378436],[103.77032876788788,1.3295347243721365],[103.77036869106549,1.3295198133383774],[103.77041712903691,1.3295014686520477],[103.77051045834715,1.3294661239749226],[103.77051093908126,1.3294658391125536],[103.77056004944018,1.3294367903877053],[103.77065757915561,1.3293791007853901],[103.77284772255094,1.3280836180202524],[103.7743867883643,1.3271730068919834],[103.77542657999582,1.326557779117173],[103.77543189232036,1.326554635672497],[103.77544087888286,1.326549318222912],[103.77557917539941,1.326468999468726],[103.7755865912655,1.3264646921564451],[103.77564504398107,1.326426737364978],[103.77541202519741,1.3260175432856143],[103.77530790988781,1.3258578581587377],[103.77517900505838,1.3257081521004455],[103.77501539306053,1.3255434743695875],[103.77483194887358,1.3253887767199615],[103.77462371529684,1.3252390687476763],[103.77441547990371,1.3251292821048901],[103.77419237006399,1.3250494349670514],[103.77388001555487,1.324984556499868],[103.77363707239854,1.3249246690546252],[103.77344866910963,1.3248498129736859],[103.77327018148905,1.3247699668394506],[103.77312828321143,1.32468019166955],[103.77309665282064,1.3246601800311102],[103.77294295625788,1.324545404320701],[103.7728423735792,1.3244516654157086],[103.77280909191984,1.324420648526282],[103.77266919965615,1.3242772111270529],[103.77248758303362,1.3240257156483382],[103.77219465290591,1.3235866685595963],[103.77210553770301,1.3234531306554465],[103.77139791865415,1.322353427928442],[103.77128360300247,1.322172940206215],[103.77110275937073,1.3218874251897572],[103.77102517591325,1.3217335040784854],[103.77093465900087,1.3214957182413507],[103.77084747734817,1.3212652099036402],[103.77078904317376,1.3209592340110206],[103.77078455190065,1.3209357159086026],[103.7707827013941,1.3205199561666272],[103.77108167993121,1.3191906886361007],[103.77114598997737,1.3189441669232882],[103.77120109707275,1.3187329251257291],[103.77120331490775,1.3187244250629593],[103.77133333231362,1.3182260278234],[103.77138689948347,1.3180420480374146],[103.77140318681063,1.3179614677913296],[103.7714525419613,1.3177249217317921],[103.77147470423961,1.317634982367136],[103.771623741068,1.3170301554824886],[103.77163981891387,1.3169537796172444],[103.77168259184839,1.3167655246224337],[103.77172113599222,1.3165856412201196],[103.77175308042146,1.3164365277388328],[103.77193875401663,1.3151195529330821],[103.77204456423375,1.3142483073809967],[103.772173315189,1.313341564276728],[103.7722662427226,1.3125815823053313],[103.77225763522902,1.3121491476920526],[103.77225545849561,1.3121305792328455],[103.77225457809979,1.3121230738927303],[103.77216551801136,1.311363425671318],[103.77195031915701,1.3101118128699167],[103.77186145441908,1.309785286362937],[103.77171119610462,1.3089564636002906],[103.77151988720463,1.3081862299505578],[103.77151286153624,1.3081465064826243],[103.77138797177393,1.307440525928615],[103.77127560409475,1.3065566310101473],[103.77124464591444,1.3054438344787445],[103.77120789884276,1.3044964270217883],[103.77121105181635,1.3039843923473158],[103.77121147942877,1.3039149769763507],[103.77116513024153,1.3034914493899403],[103.77101893539384,1.3028561570046986],[103.77078373434144,1.3022561524918648],[103.77060568444573,1.301801944663747],[103.77024761023706,1.3011305311399612],[103.77013605941717,1.3009527556426614],[103.7700059168234,1.3007749805758633],[103.76993155047403,1.300634631314605],[103.76986648234498,1.3004194316758586],[103.76982489348555,1.3001206784176846],[103.76980372501349,1.2998555047200318],[103.7697867778199,1.299557811094788],[103.76978301458338,1.299383364562425],[103.76978113242447,1.299227880787022],[103.76978490650738,1.2990401628996346],[103.7697798509958,1.2982248449360483],[103.76977137803961,1.298068411410108],[103.76976007627668,1.2979916179376771],[103.76971769138424,1.297835186266459],[103.76968095774154,1.297738480762025],[103.76966965479937,1.2976730632871805],[103.76965270373583,1.2975308524825644],[103.7696442308848,1.2973346016061942],[103.76961246229025,1.2969270698474844],[103.76961534225038,1.2968141338156667],[103.76962397597441,1.2967214692544342],[103.7696268554267,1.2966288018342738],[103.76962110397899,1.296515864679199],[103.76961247532388,1.296405824129915],[103.76958370814202,1.296203118290219],[103.7695779560446,1.296116241295528],[103.7695865898388,1.2960206809594759],[103.76961536736833,1.2958092883488597],[103.76961838228556,1.2957610966619135],[103.76962284083851,1.2956898518618463],[103.7696266106078,1.295602629640682],[103.76962661326004,1.2954964455184224],[103.7696209633199,1.2954205999613333],[103.76960401094303,1.295295454508548],[103.76958537808989,1.295214381397246],[103.76958480852228,1.2952100386255836],[103.76958212212489,1.2952002153528472],[103.76954561560825,1.2950413691742737],[103.76950228987923,1.2948536500885781],[103.76948754634456,1.294791694431553],[103.76946914688627,1.294719927233757],[103.76944614729662,1.294631954615727],[103.76942314753454,1.294550926610788],[103.76937484748416,1.294435172184166],[103.76936973121815,1.294433778428967],[103.76936680935398,1.2944259565081746],[103.76934920710436,1.2943822219092807],[103.76931723436455,1.2943066940191896],[103.76927769709226,1.294219434523099],[103.76927078227021,1.294205073947018],[103.76922061112982,1.2941027664626568],[103.769159313851,1.2939802687617488],[103.7691022465999,1.2938702957081483],[103.76899096510796,1.2937167453822833],[103.76889274438373,1.29358121032211],[103.76850136487015,1.293073697289175],[103.7684508765344,1.2930092075837865],[103.76832964649515,1.2928543501693466],[103.76805647889694,1.2925054203916262],[103.7680184843991,1.2924568803697356],[103.76785841942548,1.2922674544141857],[103.76771986879722,1.292092018619457],[103.7675785804197,1.2919131552060037],[103.76737037986037,1.2916495773338932],[103.76713675414587,1.2918401768399401],[103.76703784160088,1.2919170108405027],[103.76694726586791,1.2919881023430586],[103.7668765397272,1.2920624808243404],[103.76683150631865,1.2921085814147062],[103.76673250579026,1.292216342848235],[103.76667079924583,1.2922889019800687],[103.76657283439293,1.2924092747931288],[103.76649971842158,1.2925060497795677],[103.76645419396154,1.2925687020235268],[103.76641572419413,1.2926220621110855],[103.76636917970454,1.2926916010598377],[103.76632177693214,1.2927677282781944],[103.76624183271831,1.292906453818025],[103.76618370783768,1.2930091482560175],[103.76617196604533,1.2930298850151964],[103.7661021853202,1.2931649173965536],[103.76605276276109,1.2932693611030648],[103.76599056294232,1.2934074169722272],[103.76575952644463,1.293908131936479],[103.76532309376626,1.2948500182302758],[103.76507032884916,1.2954024160339408],[103.76489494456048,1.2957866059797574],[103.76480478574902,1.2959841329428856],[103.76367704823191,1.2984352652575981],[103.76334037176076,1.29916107865697],[103.7623335042122,1.3013316128612564],[103.76232754200818,1.3013444628017956],[103.76231426242987,1.30134391890276],[103.76214332705904,1.3013369133714383],[103.7613345626047,1.301131678305912],[103.76102388392715,1.3010250629276539],[103.75866536610225,1.2992172207468744],[103.75869398177355,1.299195411050269],[103.75875643467013,1.29914781713111],[103.75877553712414,1.299075994010795],[103.75879486154173,1.2990033370731757],[103.75893033793822,1.2988723349155649],[103.75905483898534,1.2988515201406308],[103.7593628453982,1.298513007678646],[103.75946298313241,1.2983435508880914],[103.75953323682575,1.2981521895174457],[103.75968494513886,1.2979034938505134],[103.75994689704977,1.2976085341271253],[103.76100456552413,1.2965894187909732],[103.76145665594785,1.2960424822800267],[103.76163210574732,1.2959036004691376],[103.76166893212492,1.2958539455970852],[103.76171536978627,1.2958195087329478],[103.76174958650446,1.2958121300949554],[103.76177402714553,1.2958022913081884],[103.76180091279048,1.2957899927202334],[103.76183268567853,1.2957752344003572],[103.76185223845292,1.2957580158626971],[103.76185957104487,1.2957407969779318],[103.7618693475353,1.2957284969990117],[103.76186201590858,1.2957112786022895],[103.76187179274352,1.295686679271231],[103.76188156916473,1.2956768400670269],[103.76190601139155,1.2956424025746451],[103.76193534092945,1.2956030454797263],[103.76195489397718,1.2955759874594075],[103.76197200319473,1.2955415488539899],[103.76202821712879,1.295502192519638],[103.76209420892883,1.295433318015292],[103.76212353832408,1.2953988797543363],[103.7621577562025,1.295349683312859],[103.76216508913424,1.2953201650747515],[103.76217486671935,1.2952685080716637],[103.76216020387592,1.2952193093439803],[103.76214309679118,1.295177491062856],[103.76210888186792,1.2951209121708556],[103.76211020994754,1.29511970578665],[103.76225603063219,1.2949978233248676],[103.76231106780024,1.2949462082939998],[103.76231153056166,1.294945776925361],[103.76233251613746,1.2949739412250179],[103.76235084573821,1.2949979254786088],[103.76237467516442,1.295027444595581],[103.76240400313219,1.2950440495472642],[103.76244982808585,1.29506987947717],[103.76252864867894,1.2950864858198234],[103.76256164331635,1.2950809520385744],[103.76258730574382,1.2950791078566584],[103.7625983038028,1.2950827979712578],[103.76262396628141,1.2950791088861133],[103.76263313197816,1.2950588152119709],[103.7626386314677,1.2950440561434764],[103.76267895887591,1.2950145388292587],[103.76272112036177,1.2949794859528054],[103.76275594868767,1.294949968483074],[103.7627779459274,1.2949167608477292],[103.76282560664343,1.2948761743191144],[103.76282927315566,1.2948595702959282],[103.76284760449307,1.2948208278486513],[103.76287143460432,1.294793154067857],[103.76290903731959,1.2947421471723115],[103.76291027387477,1.2947363221973711],[103.76293982115924,1.294620012749188],[103.76294895806316,1.2946009933218925],[103.7629594725116,1.2945791052899311],[103.76295963875144,1.2945787607318264],[103.76299252369627,1.294510305805248],[103.76304549754887,1.2944673011502812],[103.76305494233894,1.2944596342143755],[103.76305599904839,1.294458776002252],[103.76305581306369,1.2944582831186107],[103.76288809176364,1.2943055638867227],[103.76283476833039,1.294220173236474],[103.76283436939526,1.2942195338398652],[103.76283361555159,1.2942183273969896],[103.7628461054954,1.2942108667420422],[103.76282850387038,1.2941812302363327],[103.76281138745881,1.2941515847004654],[103.76272886030955,1.2940084486753107],[103.76271512225361,1.293984781080564],[103.76267784718083,1.2939179475250484],[103.76267718229262,1.2939167546500983],[103.76267620832121,1.2939150082956195],[103.76265502931335,1.293928328985923],[103.76237152559146,1.2934498671678083],[103.76202791199425,1.2928828573298223],[103.76199548086369,1.2928528586542225],[103.76199516009255,1.2928525620137106],[103.76199334957758,1.292850887080113],[103.76199330105553,1.2928509160183954],[103.76185230864417,1.2926089494003121],[103.7618488224695,1.2926029714545408],[103.76179682629827,1.2925158797137435],[103.76173970868346,1.2924202054109775],[103.76149130077458,1.291996756973015],[103.76153001059288,1.2919735611338778],[103.76149796114352,1.2919192621988937],[103.76145934118453,1.2919422952545982],[103.7611430518346,1.2914031314613845],[103.76103303060873,1.291220781372849],[103.7609159743586,1.2910194303879114],[103.76096868367375,1.290987860545896],[103.76089344344939,1.2908603430460395],[103.76090157538836,1.2908553150145181],[103.76087515056724,1.2908103854464144],[103.76084769963104,1.290828291069154],[103.7607244167032,1.290620591261723],[103.76073046451668,1.2905982807721283],[103.76106349638529,1.29039897750228],[103.7610687250831,1.290395850360542],[103.76188736433086,1.2899062219313855],[103.76220592748751,1.2897153901746672],[103.76343163072022,1.2889811457296296],[103.76497610268937,1.2880561770468437],[103.76610107468204,1.2873821302146278],[103.76764529319401,1.2864570331724645],[103.76918951062534,1.2855319079946377],[103.77073373596009,1.2846068089452873],[103.77227787036408,1.2836815280202467],[103.77228709920117,1.2836459415027024],[103.77187404861395,1.282947843623261],[103.77095462077058,1.2813937614625384],[103.77003528386084,1.2798396337894546],[103.76989649254672,1.2796053276125816],[103.76943135698107,1.2788281866351252],[103.76912961419674,1.2783087166771612],[103.7691134637704,1.2783137544847483],[103.76885090198428,1.2784712827122835],[103.76879001441608,1.2785077722754346],[103.76779977756108,1.2791012090122056],[103.7666655276685,1.2797809450637527],[103.76571996404526,1.2803479204046824],[103.76453211445504,1.2810598765173717],[103.7638551002865,1.2814656554248107],[103.7627643293343,1.282119752075508],[103.76193826263038,1.282615112618518],[103.76193706845324,1.2826158297458319],[103.7619362831178,1.2826162999931725],[103.76157585814848,1.2828324301828737],[103.76127797783556,1.283010851912527],[103.76110277878722,1.2831157902673471],[103.76007927223411,1.2837292454644351],[103.75920187911211,1.2842553429098553],[103.75915863169585,1.2842812697675277],[103.75915752739068,1.2842813068141952],[103.75915266799116,1.2842848463535699],[103.75903247467332,1.2843569161412711],[103.75801337907605,1.2849674404319473],[103.75656010110185,1.285838995875855],[103.75652001702547,1.285847079677394],[103.75649395024547,1.2858523332433096],[103.75451892573284,1.285539652087996],[103.75307165602382,1.2853105222730152],[103.7530115630177,1.2852695617256027],[103.75215064686647,1.2838155069369532],[103.75129041455074,1.2823612167896785],[103.75049118154566,1.2810105684958932],[103.75023271608647,1.2805728298188435],[103.75022808617656,1.2805649888320585],[103.75022542652525,1.2805644009086827],[103.75024302212178,1.280494919197711],[103.75024554697613,1.2804960135604986],[103.75173113574465,1.2796049103181983],[103.75253893561481,1.2791206129279495],[103.75317377266207,1.2787398776043768],[103.75463220520591,1.277865339627863],[103.75611872554501,1.2769737362484592],[103.75747273902654,1.276163366135627],[103.75756034421435,1.2761109346035155],[103.75895159822389,1.2752763739122457],[103.76033974238172,1.2744436481766024],[103.76173060828164,1.2736093028950246],[103.76288913538701,1.272914322009651],[103.76424563918673,1.2721005757355435],[103.76511348448854,1.2715818194007649],[103.76543868717333,1.2713865938490254],[103.76636408407128,1.2708312480010377],[103.76729179883817,1.2702745181780033],[103.76789190283633,1.2699143161486146],[103.76845341406367,1.2695774908157822],[103.7689161568626,1.2692997902255494],[103.77009701811188,1.268591141468818],[103.77066976781786,1.2682469154808855],[103.770670138019,1.2682466921118862],[103.77067283376248,1.2682407324156113],[103.77071005074131,1.268252128314555],[103.7707083972886,1.2682584226511149],[103.77155515921596,1.2696880353916018],[103.77227550325065,1.27090507400421],[103.77318965433676,1.2724483212638633],[103.7740980919787,1.2739835735165996],[103.77502034964068,1.2755415434308353],[103.77594008358717,1.277095434304233],[103.77685971977124,1.2786493700939132],[103.77687184508166,1.2786698560272638],[103.77689891209793,1.2786523029109813],[103.77711688836334,1.2785213846812247],[103.78641947244631,1.2729340758591414],[103.78642069716474,1.2729332520053314],[103.78644135114669,1.2729193640548013],[103.78648487762031,1.272890097800782],[103.78663266419264,1.2727907252882598],[103.77896903807648,1.2598573876101267],[103.77896698500577,1.25985392475467],[103.7785694009962,1.2591833489616238],[103.78551368947726,1.2550124484313152],[103.79358701675298,1.268629072467879],[103.79381849465766,1.26849004079857],[103.79391058393416,1.2686453605377073],[103.79372513743158,1.2687568685815338],[103.79399173193994,1.2692060064654735],[103.793993788632,1.2692094729272692],[103.7939937886331,1.2692093987693465],[103.79399173194106,1.2692059323075675],[103.79831373514591,1.266632612865869],[103.79921008684282,1.2682016382651609],[103.79924922225432,1.26815022473696],[103.79926491900093,1.268130274655915],[103.79926511938854,1.2681291595766937],[103.79939898525303,1.2679517701769243],[103.79939935096255,1.2679512854421755],[103.79941751153964,1.2679272205324381],[103.79942125656628,1.2679319576450079],[103.79942140123468,1.2679316148926212],[103.79942760127551,1.267919424135883],[103.79943583190932,1.2679143869320098],[103.79944736020508,1.2679060036215293],[103.79946708332355,1.2678825446564557],[103.79950831223341,1.2678369136604684],[103.79956247212453,1.2677769667375873],[103.79971713687317,1.2676253112951663],[103.79979707651489,1.2675704852175658],[103.79990618115556,1.26748436035228],[103.7999753267259,1.2674279967083464],[103.8000168320853,1.267404487376547],[103.80006293450083,1.2673684725459102],[103.80008752137176,1.2673449792727352],[103.80014122413812,1.2672652131745046],[103.80017621182085,1.2672189879188045],[103.80018267683751,1.2672135835175315],[103.80020112201119,1.2672073137932822],[103.80022577768942,1.2672135144361563],[103.80025810422711,1.2672134434069122],[103.80029197448464,1.2672102649993247],[103.80031503460508,1.267197724467382],[103.8003396043801,1.2671758038819705],[103.80037959921866,1.2671585473035472],[103.80046718914265,1.2670880884506646],[103.80048561654102,1.267066186777036],[103.8005240337686,1.2670317436258158],[103.80054904835359,1.267006699367652],[103.80056962331709,1.26697909117825],[103.80058943356089,1.266956851288948],[103.80061762710102,1.2669361444044807],[103.80064353284993,1.26692540901794],[103.8006652514551,1.2669129362930411],[103.80068633121101,1.2668998151302324],[103.80070215450773,1.2668898211944162],[103.80071911083174,1.26688167308159],[103.80074413421116,1.2668716439918066],[103.80077153062183,1.2668612170112186],[103.80080026858975,1.266846999854044],[103.80083701522864,1.2668292512527084],[103.80085956852979,1.2668199709447212],[103.80088318208861,1.2668116131020835],[103.80090550267714,1.2668017060658845],[103.80093468742692,1.2667704072686674],[103.80100383209661,1.2667109172062692],[103.80109598411256,1.266618575470821],[103.80112899414172,1.2665688204403251],[103.80118178181323,1.2665166618544388],[103.80124741748854,1.2664742506723563],[103.80129864314563,1.266451373591164],[103.80128095408223,1.2664221470106678],[103.80099452380439,1.2659445546583195],[103.80098802961085,1.265912041754294],[103.80100080433661,1.2658892410667708],[103.80133089251332,1.265635997692181],[103.80186830810518,1.265231943110789],[103.80242543128483,1.2648078569652108],[103.80277706002293,1.2644509128415593],[103.80303494278125,1.264189131176114],[103.80327350132832,1.2639554930948231],[103.80341327686327,1.2638118734281827],[103.80353857588014,1.2636901943841403],[103.80365321740135,1.2635679545048597],[103.8038267331108,1.2633947271982546],[103.8040022587675,1.2632256066232543],[103.80412534918945,1.2630992420090048],[103.80428467559672,1.2629729736589725],[103.80440367645815,1.2628752013868745],[103.80442990489881,1.262848704691834],[103.8044641823653,1.2628242763691309],[103.80457711075516,1.2627428377561483],[103.80461947518526,1.2627020784989746],[103.80490991561022,1.262465811844411],[103.80510754751334,1.2623151160604047],[103.8051277097993,1.2623029163972588],[103.80514180780644,1.2622988631873482],[103.80536689398566,1.2625159195543139],[103.80540878598309,1.2627080387776466],[103.80544256389443,1.2629328199573506],[103.80538084498889,1.263740078057598],[103.80563573960355,1.263581797042387],[103.80568217762541,1.2636592111803544],[103.805526847325,1.2637562532974127],[103.80585455586734,1.2640655025943504],[103.80601922294163,1.2642152083951852],[103.80612739989657,1.264307348048311],[103.80652612427447,1.2646873166360615],[103.80652772180686,1.2646930259086218],[103.80652774337085,1.2646931045885978],[103.80652933910622,1.2646988093393048],[103.80641762133669,1.2648360365137385],[103.80641744881623,1.2648362490376948],[103.80627931114194,1.2650059227354955],[103.80634782000794,1.2650697056001936],[103.80642091853855,1.2651377625397762],[103.80645095620085,1.265165716773737],[103.80678851829876,1.265478999525296],[103.80678854615302,1.2654790257521555],[103.8068038704867,1.265493247953126],[103.80680435479135,1.2654936974275024],[103.8068044221822,1.2654936124178833],[103.80686449752697,1.2655492115839122],[103.80687694927914,1.2655607360343113],[103.80689417938463,1.2655766828782793],[103.80691081376861,1.2655920771490554],[103.80692749667308,1.2656075175428245],[103.80693885671852,1.2656180299973676],[103.80695594306084,1.2656338448021818],[103.80697615896436,1.265652552702356],[103.8069996661636,1.265674309250264],[103.8070376872307,1.2657094984787076],[103.8070825639942,1.2657557445423113],[103.8071563265724,1.2658244716026927],[103.80721789258375,1.265881555743055],[103.80729154521208,1.2658038263209026],[103.80743528420959,1.2656452157221851],[103.80758270901163,1.2654825364137714],[103.80826696340776,1.2651039488547486],[103.80841362688118,1.2650553035806198],[103.80859488396788,1.2649951831430712],[103.80886606192888,1.2650072689507692],[103.80949808654603,1.2651725113944006],[103.80949830400077,1.2651714388195574],[103.80950289481135,1.2651487980849423],[103.80951007710692,1.2651133786972049],[103.80951011933989,1.2651131679805607],[103.80954594377135,1.2651208545092139],[103.80956133585232,1.2650972778563463],[103.80957295396404,1.2650881438772188],[103.80958298164038,1.265082564037739],[103.80958599172413,1.2650826725892617],[103.8096142227128,1.265084002265625],[103.80964094600027,1.2650812803727416],[103.80964055973513,1.2650698220649959],[103.80964212328047,1.2650589787433295],[103.8096455917093,1.2650487865819475],[103.80965113573976,1.2650395892411055],[103.8096568324994,1.2650327432505644],[103.80966495530143,1.2650254541434538],[103.80967487515365,1.2650198480760253],[103.80968477701373,1.2650166096358806],[103.80969555941385,1.265015804849923],[103.80970645951078,1.2650162119140593],[103.80971798675897,1.265019341122473],[103.80972787956371,1.2650238449506226],[103.80973659527376,1.265030211759811],[103.809743936213,1.265038323980793],[103.80974956992732,1.2650478469954942],[103.80975372194398,1.265059277302374],[103.80975527540937,1.2650701034696827],[103.80975480807322,1.2650810824561847],[103.80975218426221,1.2650916454150758],[103.80974779933021,1.265101846611872],[103.80980836873862,1.2651779404340862],[103.80988533566781,1.2652326642597584],[103.810100024527,1.2650622657547903],[103.8101868773139,1.2649933358374057],[103.81034578373797,1.265196179088372],[103.81042895729277,1.265302350468154],[103.81119059837131,1.2663952008046682],[103.81153978599,1.2664385138215206],[103.81196795334034,1.2664276966818446],[103.81197076574996,1.2664276252603426],[103.81221359440686,1.266421491146523],[103.81239603173354,1.2664168812789516],[103.81239615842675,1.266416878566891],[103.81240469629128,1.266416662493045],[103.81241745190695,1.266411938194007],[103.81241762262876,1.2664118748898348],[103.81245836404335,1.2663967858906542],[103.81251882382732,1.266374394303003],[103.81261404616546,1.2663391275495066],[103.81261571294948,1.266338509881635],[103.81277311396379,1.2662802148716112],[103.81287166626751,1.2662438809843568],[103.81292038487692,1.2662259197779149],[103.81292050168658,1.266225876369311],[103.81293152582184,1.266221812240398],[103.81298330661335,1.2662061743706414],[103.81298341803173,1.2662061409100236],[103.81298899703728,1.2662044561221193],[103.8129954026953,1.2662025217359965],[103.81301145053536,1.266197675370679],[103.8130193729448,1.266192210355557],[103.81306294574684,1.2661621523197448],[103.8132592987813,1.2660220568682676],[103.81328807176604,1.2660015271026894],[103.8133142938009,1.2659828187080366],[103.81335594109551,1.26594546875723],[103.81338150094365,1.2659224166917076],[103.81338162134792,1.26592230816884],[103.81360675034308,1.2657192709179768],[103.81364801125939,1.2656820204394486],[103.81367437170121,1.2656581788663617],[103.81370707313286,1.2656286009541273],[103.81381853151021,1.2655277913302074],[103.81381872110192,1.2655276204066461],[103.81392914794796,1.2654277431702305],[103.8139296358546,1.2654273018437938],[103.81398511344487,1.2653771244733478],[103.81398918113659,1.2653726243836492],[103.81446593682223,1.2649404526837522],[103.81493865431912,1.2645119435413832],[103.81488043871428,1.2644663640335925],[103.81481778342089,1.2644265986552692],[103.81475154563462,1.264393236153897],[103.81433144168746,1.264207195264046],[103.81431057064216,1.264197952499891],[103.81334696341331,1.263771221493487],[103.81324069432284,1.26372851655294],[103.81313172958092,1.26369332686013],[103.81302105757015,1.2636659246363786],[103.81302100455683,1.2636659146879463],[103.81301640491725,1.2636727064329227],[103.81301621891886,1.263672990402059],[103.81302315914563,1.2636777121463547],[103.81302471719242,1.2636787720743994],[103.81303887618958,1.2636884045774184],[103.8130390828509,1.26368854565998],[103.81309360640229,1.2637256404274242],[103.81311342792084,1.2637391264737035],[103.81311420784277,1.2637396573420607],[103.81306955925747,1.2638060373831255],[103.81306356957184,1.2638149426182712],[103.81306310861943,1.2638156281233208],[103.8129263324388,1.2640189834639897],[103.81292604131093,1.2640194157481475],[103.81278699898344,1.2642261398224435],[103.81278683544862,1.2642263830953333],[103.81276848091088,1.2642536721629143],[103.81276817900041,1.2642541207255429],[103.81276822572386,1.264254152378687],[103.81290241544558,1.2643456118770386],[103.81292878094517,1.2643635818182208],[103.81294742539608,1.2643762891981927],[103.81294746582982,1.26437631723383],[103.81295732986757,1.2643830403611507],[103.81295799298107,1.2643834916445134],[103.81295649234028,1.264395221246685],[103.81295517865898,1.2643986487796557],[103.81295210741226,1.2644066614292726],[103.8129451077654,1.2644166998254314],[103.81293660938309,1.2644245731599217],[103.81293656265906,1.2644246165690824],[103.81293618527266,1.2644249656509843],[103.81292629237814,1.2644315131753219],[103.81291736730171,1.2644254402937545],[103.81291718669763,1.2644253172986755],[103.81272044866006,1.2642914434880983],[103.81270175928432,1.2642787270624953],[103.81270042766631,1.2642778217824726],[103.81261747739028,1.2642213815070646],[103.81260585032977,1.264227711968658],[103.81259399864263,1.2642332194562618],[103.81258204811974,1.2642383651969906],[103.81256971123707,1.2642423443037363],[103.81255714074055,1.2642457446149327],[103.81254492786857,1.2642480551691262],[103.81254459091839,1.2642481193763182],[103.81254428272128,1.2642481772531975],[103.81253142470666,1.2642500220541546],[103.81251849481933,1.2642506278744217],[103.81250527740991,1.2642501846289036],[103.812493615366,1.2642490233300816],[103.8124932307944,1.2642489853436427],[103.8124795704158,1.2642476250683172],[103.81246591273893,1.2642454997001578],[103.81245420651155,1.264263794004957],[103.81245385787659,1.2642643393342283],[103.8124398190295,1.2642862791153653],[103.81243956653871,1.2642866734164626],[103.81243591934972,1.2642923726951305],[103.81242969693433,1.2643021008989783],[103.81241903301712,1.2643187718768754],[103.81241884791712,1.26431906127217],[103.81240894506632,1.2643345430162374],[103.81240730069688,1.264341407133209],[103.81240241421149,1.264374562018638],[103.81240231896186,1.2643752077344692],[103.81239516984843,1.264423713292946],[103.81239398369827,1.2644345927941976],[103.81239321987438,1.2644434826958995],[103.81239178215627,1.2644517214493114],[103.81239064906364,1.2644570942725462],[103.81238655339665,1.2644765046251687],[103.81238648959844,1.2644768039694605],[103.81238359621364,1.2644905186410953],[103.81238308403071,1.264492933291461],[103.81237147454873,1.2645479276324076],[103.81233878529268,1.264627629053388],[103.81232846995995,1.264649803999017],[103.81231678883802,1.2646743935880065],[103.81230349935001,1.2646980426242103],[103.8122890058347,1.2647208596347363],[103.81227480975576,1.2647409083863654],[103.81227465520638,1.2647411272414304],[103.81227336220317,1.264742953143788],[103.81225637077954,1.2647641603640367],[103.81223862459743,1.264784219034451],[103.81221933294324,1.2648037350730839],[103.81219934943081,1.2648217408163662],[103.81217886274243,1.2648394209839597],[103.81215347006437,1.2648572096348956],[103.81213075503935,1.2648718058991752],[103.81211426598915,1.2648812337685567],[103.81210720438783,1.2648852717001338],[103.81208297086255,1.2648973447731522],[103.81205844083192,1.264908106514262],[103.81203325488275,1.264917575007789],[103.81202497937792,1.2649198448955445],[103.81200713447828,1.264924728318976],[103.81191823347294,1.2649464594728808],[103.81190390187945,1.2649460343022756],[103.81187679315691,1.2649448403150767],[103.81184984617798,1.2649427148330024],[103.81182295311565,1.2649400286447974],[103.81179615890458,1.264935814080312],[103.81176972411038,1.264931156379706],[103.81174334323876,1.2649252235246604],[103.81171713309641,1.2649183320438862],[103.81169115657976,1.2649105904617164],[103.81166577310137,1.2649020620867375],[103.81164028180659,1.264892647432923],[103.81161571601287,1.2648817677153714],[103.81159113225215,1.264870471989542],[103.81156715950323,1.2648580548560393],[103.81154342936333,1.264845040843496],[103.81152033718838,1.2648312490822355],[103.8114978380541,1.2648163992187702],[103.81147543776228,1.2648011152607346],[103.81145421456058,1.2647843933721827],[103.8114332788921,1.264767373045456],[103.81141316089506,1.2647495840152658],[103.81140431041179,1.2647420324923857],[103.81139303929064,1.2647334056589234],[103.81139267089462,1.264733124398285],[103.81139200957882,1.2647326179482676],[103.81137823517189,1.264720888217175],[103.81137142434302,1.2647151092669229],[103.81135259125958,1.2646959998743306],[103.81135216895332,1.2646955142267335],[103.81135162534635,1.2646948884015317],[103.81133482744137,1.2646755701178454],[103.81131884272838,1.2646539104400443],[103.81130606577709,1.2646322507895413],[103.8112944030037,1.2646109167198762],[103.81129000027816,1.2646009324928007],[103.81128718792483,1.2645945657392608],[103.81130570713154,1.2645412083632497],[103.81130534778444,1.2645333856030578],[103.81130118762289,1.2645281312069516],[103.81129565272171,1.264521077112761],[103.81129304709403,1.2645072312625507],[103.81129222856183,1.2645035595337135],[103.81129120696902,1.264498967159581],[103.8112906076705,1.264496275764248],[103.81129059329454,1.2644962088411287],[103.81128908471553,1.2644894333257404],[103.81128203149602,1.2644584858955874],[103.81127862623235,1.2644377849519215],[103.81127269618031,1.2644066566583432],[103.81126523862098,1.264375781573868],[103.81125655905423,1.2643453043995199],[103.81124345875833,1.2643088402910654],[103.81123586623103,1.2643002849332536],[103.81123218773469,1.2642889658695422],[103.81122441023984,1.2642650326878626],[103.81121180405324,1.2642385437292993],[103.81120006670007,1.2642176916850936],[103.81119963810652,1.2642169311104563],[103.81119532521555,1.2642092692932654],[103.81117849592809,1.264182644643564],[103.81116081302487,1.2641572318354837],[103.81114068611274,1.2641319365737151],[103.81112052325096,1.26410767228757],[103.81111570626041,1.264102750691835],[103.8110983836042,1.2640850539285169],[103.81107506686998,1.2640636564518575],[103.81105113013913,1.2640433894258896],[103.81102615110065,1.2640243432834097],[103.81100009381393,1.2640064366312485],[103.8109831233216,1.2639960191040276],[103.81098308019227,1.2639959919727002],[103.8109732368216,1.2639899498249447],[103.81094565200489,1.2639750366071207],[103.81092360660129,1.2639647112806904],[103.81092337657793,1.263964603659274],[103.81091688111343,1.2639615613190354],[103.8108880832559,1.2639492978794802],[103.81085845873558,1.2639385808965393],[103.8108282321837,1.2639296183761075],[103.81079777200308,1.2639218767459999],[103.81078678565933,1.2639205445204211],[103.8107859985458,1.26392044865085],[103.81064376371756,1.263903200259607],[103.81047266536424,1.2638827872319476],[103.81045468398399,1.2638771691573236],[103.8104545492045,1.2638771275553426],[103.81042811625221,1.2638688686598283],[103.81041340648213,1.2638571244455152],[103.81039912980172,1.2638457257024127],[103.81037133841507,1.263820837330886],[103.81034477802898,1.2637947280772996],[103.81031359926655,1.2637596203506531],[103.81028986936256,1.2637216910713815],[103.81027653551531,1.2636795023256808],[103.81027614022618,1.263672122703862],[103.81027411885671,1.263634908066596],[103.81027633925022,1.2636212666449773],[103.81028421890645,1.263572841587728],[103.81028904428963,1.2635427624513262],[103.81029893763565,1.2634852991882846],[103.81029825745094,1.263484824390595],[103.8102981280631,1.263484734857307],[103.81029625014233,1.2634834235113215],[103.81029254911088,1.2634808406118783],[103.81029695228922,1.2634387786355779],[103.8103040780333,1.263395197350345],[103.81031056582293,1.2633512000514886],[103.81031642466871,1.2633039199020801],[103.8103231011688,1.263257743085207],[103.81033318308059,1.2632143879174074],[103.81035254680269,1.2631739901056818],[103.81037589099756,1.263136305424157],[103.8104050935873,1.2631024553019703],[103.81043978615786,1.2630742484656692],[103.81047445177062,1.2630461682397296],[103.81051316073098,1.2630233514532967],[103.81055356791889,1.2630002271971492],[103.81059115371669,1.2629769672607554],[103.81063157883997,1.2629577498602855],[103.81067562499857,1.2629440943356547],[103.81071690368043,1.2629301674765387],[103.81075853271803,1.26292450651586],[103.81080362110119,1.2629191440251317],[103.81084911382527,1.262913582576835],[103.81089567573801,1.2629155183228367],[103.81093747545377,1.2629148042372764],[103.81098219535319,1.2629194078425023],[103.81102446227067,1.262922799576662],[103.81107049403292,1.2629267249179204],[103.81111584289486,1.2629325494190058],[103.81116173984707,1.2629400831738247],[103.81119325132143,1.2629452835428852],[103.81119686341684,1.262945681494443],[103.8112065501994,1.262873874996625],[103.81120758351221,1.2628737574380247],[103.81120992894334,1.2628427015640729],[103.81123129602045,1.2628443386476411],[103.81123128074441,1.262844455310599],[103.81123615887161,1.2628448134808732],[103.81124974826115,1.2628458120160575],[103.81126983403304,1.2628472872070065],[103.81128613339301,1.2628485353698833],[103.81128372506296,1.2628798987274814],[103.81129340224739,1.2628805318655767],[103.81130151189728,1.26272648601826],[103.81130930880711,1.2625783655675455],[103.8114547090727,1.2625984527496568],[103.81154083233902,1.26272068745118],[103.81154557658408,1.2627211306300543],[103.81154529802231,1.2627231564053027],[103.81162060030732,1.2627333302412425],[103.81242966996352,1.2628426366609449],[103.81319164048752,1.262945580253558],[103.81341130438487,1.2629760500144689],[103.81342182613957,1.2629833664085277],[103.8134445766049,1.2630315692388678],[103.81344426207404,1.2630374385653624],[103.81333278710642,1.2632049830790815],[103.81330808797091,1.2632421043581468],[103.81314398717485,1.263484355334447],[103.81314061584354,1.2634893275068881],[103.81313988982116,1.2634904055043004],[103.81313372402269,1.2634995069854613],[103.813121073443,1.263518183832538],[103.81311289041646,1.263530264276186],[103.81321272342495,1.2635580525753525],[103.8133114817451,1.2635918413241767],[103.81340812757504,1.2636313257437324],[103.81408175053936,1.2639296437926861],[103.81408342360122,1.263930384480112],[103.81470190305814,1.264204282292935],[103.81475462159024,1.2642276279514038],[103.81481269985284,1.26425334941417],[103.81487707948334,1.2642849845635113],[103.81493875449706,1.2643216570050801],[103.81499735649749,1.2643631406451954],[103.81505249911763,1.264409173215498],[103.81533029922272,1.264163482709043],[103.81559478298391,1.2639239399533393],[103.81562959140273,1.2638984823171808],[103.81567444721725,1.2638719395112754],[103.8157255469042,1.2638495658699112],[103.81576085929694,1.2638390573890863],[103.81581633477126,1.2638262157829607],[103.81587433240146,1.2638169545737978],[103.81593283410845,1.263807612878239],[103.81597924874504,1.2638002010150604],[103.81598202701002,1.263799757894875],[103.81600507349074,1.2637960772840857],[103.81602528509833,1.2637929257076108],[103.81610988739732,1.2637797361097627],[103.81610970320605,1.2637785414423355],[103.81636595141387,1.2637384236985618],[103.81684905678529,1.2636629141584328],[103.81687260374618,1.2636592335430565],[103.81687406296408,1.2636590056523755],[103.81691355889038,1.2636526192781197],[103.81702806167337,1.2636341031300757],[103.81702830158173,1.2636340642438941],[103.81712857249589,1.26361784961042],[103.8171396783648,1.2636162760849659],[103.81736758231263,1.263580862570201],[103.81739602987172,1.2635764404010081],[103.81740996611558,1.2635751020267703],[103.81740956178217,1.2635740981790846],[103.81743440712128,1.2635703189907808],[103.81747759781082,1.263563748140153],[103.81748777819094,1.2635621990253583],[103.81748871536095,1.2635620570458068],[103.81750047626078,1.2635602673795858],[103.81754103334949,1.2635540980497855],[103.81807636497888,1.263472657772064],[103.81807677470997,1.2634725953733035],[103.81807948738123,1.263472182998889],[103.81820700988604,1.263452782406203],[103.81824409234072,1.2634477633972863],[103.81956985081337,1.2632385821288314],[103.81956984093767,1.2632370329514742],[103.81956901675352,1.2631100058339022],[103.81956889106158,1.2630905113404698],[103.8197167533934,1.2629399163536472],[103.81971239909744,1.2622511700018662],[103.81962615846204,1.2621651553864783],[103.81806020435917,1.2621758009309345],[103.81806067089822,1.2619873005111275],[103.81806074294923,1.261958415092178],[103.81986318329179,1.2619466620375448],[103.81987006044949,1.2630344422956834],[103.81990718751076,1.263090051895252],[103.82008819681417,1.2630887677272373],[103.82012429174955,1.2630885056462564],[103.82047672211955,1.2630860023336736],[103.82051264543527,1.2630857402464097],[103.82066266885673,1.2630847443765556],[103.82066305971819,1.2630847434741095],[103.82074682178431,1.2630841858904807],[103.8207828430399,1.263083950930874],[103.82084391627052,1.2630835451670532],[103.82084392165788,1.2630843491476011],[103.82084397822047,1.2630937635879804],[103.82271258727576,1.2630777945316],[103.82325054746629,1.263073196182963],[103.82325277044224,1.2630712617547994],[103.82325307324862,1.2630709877333817],[103.82325546694658,1.2630688199796911],[103.82326893255512,1.2630152553946097],[103.82328495000937,1.2629577577357634],[103.82331284986513,1.2628443504666698],[103.82334546806513,1.2626903119022823],[103.82334572594846,1.2626890964366404],[103.82334862107074,1.26267542425695],[103.82336021059338,1.2626079912258537],[103.82336028966594,1.2626075299999902],[103.8233779048766,1.2625050329501122],[103.8233805807882,1.2624830758812595],[103.82339714484178,1.262347147164095],[103.82339722481359,1.2623464933084663],[103.82340104279444,1.2623151615957717],[103.82341063505417,1.2622011863132694],[103.82341428595338,1.2621578057442355],[103.82341430392484,1.2621575886966887],[103.82341674444709,1.262128590240478],[103.82341676331713,1.2621283632449192],[103.8234169834673,1.2621257514394844],[103.82341842667905,1.2620809501044283],[103.82341993001059,1.262057745911539],[103.82341993034963,1.2619681983965674],[103.82342262730558,1.261846088323542],[103.82341993119199,1.2617456866086256],[103.82341453947336,1.261647997978463],[103.82340645204717,1.2615801588111015],[103.82339848770745,1.2615156838821806],[103.82339819120112,1.2615132827918045],[103.8233749558891,1.2613251856218464],[103.82336870859172,1.2612746107903419],[103.82336601233608,1.2612121996425658],[103.82336870912839,1.261133505422543],[103.82337371852181,1.2611123297338453],[103.82338218911386,1.2610765214317154],[103.82339566998697,1.2610222496316301],[103.82340106229005,1.260965264705217],[103.82340375808991,1.2609109937679681],[103.82340195663069,1.2608856037118141],[103.8234019350671,1.2608852998450801],[103.82339836629107,1.2608350135162325],[103.82337679805762,1.2608051648642962],[103.82335792543935,1.2607698882234313],[103.82334174935548,1.2607237574033128],[103.82333905392704,1.26068034063476],[103.82334174970717,1.2606314958878675],[103.82335523054364,1.260586451324593],[103.82334714209945,1.2605511747251663],[103.82332828841541,1.260499419648205],[103.82331817912598,1.2604770085383339],[103.82330414598408,1.2604458965168799],[103.8232958139747,1.2604274257324188],[103.82324869528412,1.2603528696929265],[103.8232180016481,1.2603036992443246],[103.82319046190628,1.2602419490895806],[103.823171125769,1.2601765995937475],[103.82316256836447,1.26012348258209],[103.82316111646858,1.260089868231062],[103.8231601767004,1.260065284871643],[103.8231601103029,1.2600411075755698],[103.82316731854264,1.259983491409547],[103.82316859269918,1.2599733073594763],[103.82318719254677,1.259907523917091],[103.82319708456858,1.259883321337764],[103.82319728134875,1.2598828402163076],[103.82321302555822,1.2598443179432728],[103.82324552294122,1.2597893326736462],[103.82324751140327,1.2597859684433073],[103.82324108431,1.2597602392319356],[103.82324106184707,1.2597601496997062],[103.82323687835122,1.2597434008422346],[103.82323681096243,1.25974313314991],[103.82323676603657,1.259742952276724],[103.82323326990638,1.2597289572135626],[103.82322851866896,1.259678488197721],[103.8232277980766,1.2596708336489206],[103.82322806045849,1.2596680219789211],[103.82322851872814,1.2596631212263765],[103.82323327035567,1.2596122669880585],[103.8232493003239,1.2595664338285422],[103.82325381547064,1.2595589312334512],[103.82325413984238,1.2595583931374985],[103.82327433355503,1.2595248421760818],[103.82328507553552,1.2595135096190375],[103.82328523547467,1.2595133414077535],[103.8232854106889,1.2595131569179512],[103.82330737266996,1.259489988074204],[103.82333105261479,1.259473874188848],[103.82334114673705,1.2594670064794193],[103.82334120334464,1.259466967591938],[103.82334776173863,1.2594625045755845],[103.82334776535873,1.2594556757149045],[103.82334778615638,1.259421147056381],[103.82334780966822,1.2593817194522396],[103.823347146654,1.259355035253734],[103.82334445135068,1.2592790550114077],[103.82333366745249,1.2592085027370141],[103.8233255790955,1.259151517757871],[103.82320515272546,1.2586554332517355],[103.82320178868031,1.2586415756524385],[103.82320159909335,1.2586407951846272],[103.82313955385135,1.2583852059949736],[103.8231287699453,1.2583189955760836],[103.82312337810642,1.2582565835117119],[103.82312068274712,1.2581968845531837],[103.82312607511317,1.2581236183414681],[103.82312877093639,1.2580639203084703],[103.82313955534065,1.2580015083076261],[103.82315303633918,1.2579119608428917],[103.82315573219309,1.257844121715235],[103.82315842889284,1.257789849872592],[103.82314764488974,1.2577491461664299],[103.82312607675803,1.2577003022276212],[103.82309641999417,1.2576677395413853],[103.82307215527939,1.2576433170663202],[103.82304249936223,1.2576243216645129],[103.8230169200364,1.257615740042586],[103.82290038225158,1.2576679069721246],[103.82153459821129,1.258279282661587],[103.82144624281776,1.2583224919170066],[103.82138804040278,1.2583449226164833],[103.8213542287272,1.258338933754908],[103.82134827951259,1.258348607720651],[103.82133912613182,1.2583596644457515],[103.82132493737967,1.2583721021129646],[103.82130891743907,1.2583808544839246],[103.82128960260806,1.258385000908131],[103.82127221064711,1.2583859214709159],[103.82125664900555,1.2583840792067953],[103.82124017177412,1.2583794722942665],[103.82122689871746,1.258371640430756],[103.82121545597602,1.2583619663840524],[103.82120538708993,1.2583518320219091],[103.82119669116065,1.2583412364399582],[103.8211889099536,1.2583267258658577],[103.82118341822898,1.2583064563056485],[103.8211838756897,1.2582829618074518],[103.82118891025613,1.2582613104267104],[103.82119669161094,1.2582438055727119],[103.821206856752,1.2582295428786432],[103.82122193775177,1.2582155632737626],[103.82123939894755,1.2582039802473586],[103.82125805066663,1.2581987874700162],[103.82127868722107,1.2581975892823225],[103.82125082490779,1.2581502962852094],[103.82128977291022,1.258110568061952],[103.82133060058442,1.2580728000071026],[103.82137321066016,1.2580370821014868],[103.82118958023193,1.257749182050849],[103.82105185675275,1.2578238222698526],[103.82102105393022,1.2578887790500273],[103.82096396412545,1.2578637378136521],[103.8209276675852,1.2579499706592983],[103.82092395542799,1.2580194512017873],[103.8209172754776,1.258077724837995],[103.82090985158256,1.258127780505127],[103.82089752883346,1.2581917317181277],[103.82088639491957,1.2582387993451174],[103.82087155003893,1.2582933370097436],[103.82085447680558,1.258347127657982],[103.82083443480388,1.2584057005742633],[103.82080697087272,1.2584781690239006],[103.82077623991,1.2585449589490405],[103.82073764137027,1.258620416270405],[103.82070943446284,1.2586692762649918],[103.82068196975648,1.2587148488958013],[103.8206515362931,1.2587626634327966],[103.82062629819437,1.258797776187451],[103.82059438037808,1.2588411077787864],[103.82056863282075,1.258874201083128],[103.82052952227238,1.2589158848850186],[103.82011847443253,1.2592127506028599],[103.82008925958492,1.259216174379797],[103.82004755703746,1.2592035410906262],[103.82011273097513,1.2590440268003067],[103.82000465682152,1.2589996834185435],[103.81996315377398,1.258982683854499],[103.81994712671504,1.258976119890076],[103.81982267592595,1.2592848504862195],[103.81977888161762,1.2592686087652072],[103.81990476287764,1.2589587676183034],[103.81980045446493,1.2589160439653972],[103.81973875788418,1.2588907738736983],[103.81955861003316,1.259335153497761],[103.81950495799046,1.2593100842123013],[103.81948971960574,1.2593480701766961],[103.81929024849701,1.2593401522911216],[103.81919523777363,1.259353626813697],[103.81913895365287,1.2593811372910733],[103.8189229403787,1.2595752960418736],[103.81878201049294,1.2597019678589452],[103.81869702114507,1.2597019673799497],[103.81869635353655,1.2597019673761758],[103.81866444580366,1.259701967195617],[103.81854620901329,1.259701966523113],[103.81851161185861,1.2597229656819358],[103.81846933037721,1.2597597170267587],[103.81842231623823,1.2598129485880591],[103.81838799477538,1.2598611049250459],[103.81837785391785,1.2598675077710897],[103.81833245367733,1.2598961722632342],[103.81830144525946,1.2599157497781135],[103.81822619586468,1.2599359808907522],[103.8181806788955,1.259950245174745],[103.81814338706944,1.2599661653986352],[103.8180925183852,1.2599912937870557],[103.8180853418197,1.2599909437555252],[103.8180095272705,1.2600068302887644],[103.81788984104963,1.26002152008345],[103.81774388207593,1.259986261632684],[103.81768841763873,1.2599715707921761],[103.81763080043797,1.2599374776896108],[103.8176147823991,1.259925145670566],[103.81758535654241,1.2599024902428142],[103.8175122922071,1.259949756436782],[103.81751220504134,1.259951124740573],[103.81750910151094,1.2599518210827079],[103.81746969537944,1.259977312179236],[103.81735084652595,1.260002208618089],[103.8171085755973,1.2600022071110428],[103.81702335893694,1.2599982002383951],[103.81643488496682,1.2598473302868816],[103.8162397783763,1.259781256095807],[103.81614678963946,1.2597455692355035],[103.8158577960467,1.25960736223488],[103.81567602387089,1.2595140395727609],[103.815400840817,1.2593657218145027],[103.81529424860568,1.2592928563826018],[103.81506986865494,1.2591259632848022],[103.81481881167652,1.2589137432011785],[103.81473913954893,1.2588308666178492],[103.81473572425728,1.2588275765132975],[103.81472775067243,1.258830952450767],[103.81462330419018,1.2588845190490783],[103.81458002353482,1.2589167783417223],[103.81455563903279,1.2589414736613833],[103.81451964828437,1.2589557081060845],[103.81445758481975,1.258977009973299],[103.81435777312382,1.2590062120958176],[103.81424720153409,1.2590335420995646],[103.81414657046629,1.2590500903321689],[103.8140419274943,1.2590616455315724],[103.81380352292439,1.259076447296703],[103.81355575034272,1.2590817052040941],[103.81336364985039,1.2590836897160749],[103.81321450909466,1.2590746774689563],[103.81302733883035,1.2590780474815246],[103.81279344040723,1.259090168650931],[103.81267357543393,1.259099897761225],[103.81264860453093,1.2590790456173984],[103.81262255360724,1.2590565701294612],[103.81259877045761,1.2590490112562842],[103.8125608148118,1.2590378592270095],[103.81253352918725,1.2590306322271296],[103.81249403251365,1.2590255475695178],[103.81241990087177,1.2590461004762643],[103.81230320395039,1.2590768289510041],[103.81049194393448,1.2595948130969625],[103.81032077001666,1.2596165950216103],[103.81015943240136,1.2596284751304176],[103.81007482944597,1.2596264938125437],[103.81000399827366,1.2596245126160137],[103.80985053141511,1.259677980001496],[103.80972657647781,1.2597670922894981],[103.80959278500666,1.2597908541612317],[103.80946686381984,1.2598086753248212],[103.8092799485715,1.2598245162613435],[103.80919337773706,1.2598324367887457],[103.80912057945667,1.2598542195488864],[103.80905368358839,1.2598799625766628],[103.80896514379423,1.2599175878508404],[103.80890218319344,1.2599750153395626],[103.80885102661038,1.260030463283354],[103.80881364399626,1.260044325036307],[103.80876445563824,1.2600522459029941],[103.80875265086756,1.2600383836841789],[103.80868181989058,1.2600146190114936],[103.80853819191731,1.2599710516646367],[103.80842604300808,1.2599354050415936],[103.80833357051071,1.259860152843013],[103.80826470779849,1.259786881429225],[103.80819584459668,1.2597650973218273],[103.80809156547605,1.259776977854715],[103.80797154682655,1.2597848980149389],[103.80786136504307,1.25981856192039],[103.80775470832259,1.2598390148920506],[103.80772907224953,1.2598478918854583],[103.80769717074682,1.259854021355722],[103.8076590047175,1.2598569502157517],[103.80744236519425,1.2599598159590037],[103.80740024720615,1.2599847669675999],[103.80725916354311,1.259976788146895],[103.80724806828216,1.2599065857982372],[103.80719100111749,1.2598730794040385],[103.80703406469577,1.2598635051112368],[103.80697065650581,1.2598395713512698],[103.80672653384964,1.2598284008508291],[103.80672419848642,1.2595706821269153],[103.80671364013268,1.2595428673687457],[103.80670203138855,1.2595158466321914],[103.80669948980318,1.2594805483360774],[103.80669840363265,1.2594654562819472],[103.80670337632026,1.2594439668121384],[103.80671073920456,1.2594121440925061],[103.80672049925326,1.2593917127789176],[103.80672887912925,1.2593741690885267],[103.80674110103841,1.259364942882375],[103.80675209824068,1.2593566418289937],[103.80677459131675,1.2593413058381937],[103.80679246328675,1.2593222248243854],[103.80683206441307,1.2593043974827602],[103.80684322061633,1.2592999019984834],[103.80687620222785,1.2592858539297525],[103.80692135113034,1.259243343809599],[103.80694296377968,1.259214553570255],[103.80696859992753,1.2591084238859929],[103.80698450721789,1.259048505344999],[103.80706727774172,1.258901349721809],[103.8071236342201,1.2588374659489918],[103.80711445143602,1.2588175788697578],[103.8071469157104,1.258781079026679],[103.8073177988112,1.2587250643797445],[103.80743636313316,1.258672477646788],[103.80744569174296,1.258665816187397],[103.80747887973199,1.2585882898288345],[103.80748546624959,1.258558943250164],[103.8074936079118,1.2585510898256576],[103.80755769775573,1.2585145486914757],[103.80757374291036,1.2585047979875206],[103.80758959400124,1.2584931146535185],[103.80760984343047,1.2584781874057838],[103.80763288191818,1.2584612045639054],[103.80765179162832,1.2584472657735006],[103.80765471763935,1.258406789137933],[103.80765509956643,1.2584015094588203],[103.80764435494648,1.2584007741035939],[103.8076249790482,1.258399506896136],[103.80768367494149,1.2583698153657255],[103.80773254658463,1.25831110447263],[103.80786816234446,1.258253036531226],[103.80796850202488,1.2581712196125314],[103.80797619377853,1.2581366639007472],[103.80795604004794,1.2581050471028183],[103.80803193054224,1.2580406208811614],[103.8080757161538,1.2580168636392108],[103.80807989465289,1.2579822174563164],[103.80814606291895,1.257930714512448],[103.80820602191201,1.257923769570865],[103.80826661011062,1.257892234949249],[103.80832466485138,1.2578187920269703],[103.80852586592265,1.2575883707968627],[103.8087061302779,1.2574571039321718],[103.80877682541181,1.2573950615445117],[103.80880497418234,1.2573396088608295],[103.80881879837166,1.2573070437114444],[103.80881644463359,1.2572630110606564],[103.80881270740052,1.2571931207920755],[103.80881731583078,1.257110760313033],[103.80882895703348,1.2570307033180557],[103.80885108059539,1.2569389005289329],[103.8088859587774,1.2568482418814555],[103.80891456765465,1.2567854927834936],[103.80893857958122,1.256730327647072],[103.80896558818917,1.256665961528734],[103.80899238015316,1.2566120679550423],[103.80903489109983,1.2565470336554394],[103.80909959694202,1.2564480442729644],[103.8091559148076,1.2563704168169696],[103.80921437209025,1.256290488674895],[103.80928638565102,1.256192635237654],[103.80937086724252,1.2560905729984417],[103.80940996179964,1.2560433419906243],[103.80947485427221,1.255970496888415],[103.80951906863665,1.2559244596877257],[103.80954250432059,1.25589853447001],[103.8095704219145,1.2558676506596007],[103.8096034827028,1.2558354736538528],[103.80963852116271,1.2558023163339993],[103.80968359268822,1.2557596650808545],[103.8097115991941,1.2557331620138772],[103.80976614756817,1.2556838275877527],[103.80978410661922,1.2556680511025118],[103.81025960941521,1.2552503409125924],[103.81050263648343,1.2550401324474885],[103.8105576725782,1.254904441998409],[103.81048218781602,1.2548258067948577],[103.81047911510665,1.2547957728045402],[103.81050355515137,1.2547900755194885],[103.81054465364204,1.2548174238792182],[103.81061925783386,1.2548976055375152],[103.81064880962325,1.2549949335622474],[103.81086221789424,1.2551619264225904],[103.81092718085172,1.2552460238894843],[103.81089459061506,1.2553135344591841],[103.81080092788454,1.2553163281366837],[103.81073485933295,1.255279447556281],[103.81062819580862,1.2551749291579102],[103.81037648860955,1.2554233921992053],[103.81019738743008,1.2556277337007584],[103.81017039083949,1.2556585343247852],[103.81013441954354,1.255711074899601],[103.8100877529107,1.2557792382842623],[103.81006020633372,1.2558194732382413],[103.81002134083204,1.2558762407876145],[103.8099740400752,1.2560181424721089],[103.80995753454403,1.2560676581181371],[103.8099817039426,1.2561858950205613],[103.81006208589588,1.2562440735450384],[103.81012619390881,1.2562765308756345],[103.81014568472901,1.2562863985767074],[103.81018613552287,1.2562996723032855],[103.81023503426955,1.256315718887621],[103.81027971358495,1.256324478964486],[103.81032567779603,1.2563334904654315],[103.81035598785981,1.2563381545443622],[103.81035781728508,1.256336017545958],[103.81041863063646,1.256340798556986],[103.81050895088191,1.2563369648448066],[103.81060102333822,1.2563241055817096],[103.81069009475101,1.2563058200989194],[103.8107769289017,1.2562784185939844],[103.81083402169554,1.2562534405268855],[103.8108397993707,1.2562383648116986],[103.81100414120411,1.256150615690011],[103.81102688304601,1.2561441225444498],[103.8110473713688,1.2561383980896434],[103.81106411196916,1.2561273541273372],[103.8110718798149,1.256120679075551],[103.81107293917671,1.256121233460406],[103.81109674405704,1.2561054886689305],[103.81111866743515,1.2560874675743265],[103.81113974349358,1.2560701437377328],[103.8111777506703,1.2560381042174429],[103.8112159546431,1.256003802881253],[103.81125253046754,1.2559708915397223],[103.8112765860851,1.255949196026679],[103.81130262567068,1.2559257116961422],[103.81132921961373,1.2559063928754521],[103.81136723932828,1.2558787738887291],[103.8113767727853,1.2558718483417926],[103.81139613260362,1.2558599389220624],[103.81140554205392,1.2558541501608578],[103.81140573165194,1.255853157169638],[103.81141541334318,1.2558489881284736],[103.81146854633187,1.25582040340583],[103.81148838599184,1.255805165926063],[103.81151948697847,1.2557832217695193],[103.81154249309334,1.255763487812878],[103.81156640493312,1.2557428549247485],[103.811580253146,1.2557337634589043],[103.81160190066328,1.2557164531886813],[103.81166510375967,1.2556524427583409],[103.81172227776827,1.2555825448597715],[103.8117750490187,1.2555078357012286],[103.81182171030036,1.2554288940624851],[103.81186352853888,1.2553458646527524],[103.81189848202285,1.2552612615904306],[103.81193258189678,1.255177255401449],[103.81197652939959,1.255124142403221],[103.81204161909812,1.255095501695943],[103.81213106776588,1.2550867119988451],[103.81222159465139,1.2550800294780111],[103.81231191489384,1.2550709594286016],[103.81240183085738,1.255054356011817],[103.81248870984089,1.2550314129684776],[103.81257415122451,1.2550023202283278],[103.81259763525573,1.2549935788231004],[103.81262370977849,1.254980812109427],[103.81268140630472,1.254960183097067],[103.81276225179445,1.2549198481520247],[103.81281892947905,1.25488728693586],[103.81287333213196,1.254848829240317],[103.8129645908977,1.2547791802815598],[103.81305978446932,1.2546898894453014],[103.81309621741318,1.2546535016963616],[103.81315513450296,1.2545843634449392],[103.81318630570057,1.2545423043804642],[103.81322865385931,1.2544795517205536],[103.81327282343908,1.2544030717165473],[103.81329932324036,1.2543530551063133],[103.81333524707306,1.2542688680384608],[103.81336008118059,1.2541948803141245],[103.81337563515461,1.2541373031269014],[103.8133867880341,1.254092770467592],[103.81339547546847,1.2540325289680125],[103.81339982637407,1.2540023611912747],[103.81340314771141,1.2539528843079473],[103.81340330047847,1.2539506197789811],[103.8134033130593,1.2539504316711418],[103.81340599996359,1.2539104053979613],[103.8134185976785,1.253865548986779],[103.81344684770735,1.2538285787586667],[103.8134874434219,1.2538049932275201],[103.81353387943552,1.2537997934821643],[103.81359813861984,1.2538011025866795],[103.81362493634224,1.2538016481219647],[103.81367031205548,1.2538012713450772],[103.81372213651544,1.253800265177916],[103.8137813190619,1.2537947851710194],[103.81386215620381,1.2537826998423962],[103.81390908194767,1.253773022582486],[103.81394187831975,1.2537639393843059],[103.81399644969319,1.2537477570817797],[103.8140461842944,1.2537302769783563],[103.81408085592358,1.2537173222054132],[103.8141103403393,1.2537051722785824],[103.81415251741181,1.253687792501787],[103.81419344825125,1.2536666939659071],[103.81423381660885,1.2536458848220802],[103.81424305083375,1.2536398518703913],[103.81431015598156,1.253596009647157],[103.81438261375129,1.2535399485845065],[103.81444742509176,1.2534763450595117],[103.81450740237618,1.2534082648907072],[103.8145618177951,1.2533358799025147],[103.81461106669727,1.253259759848153],[103.81465318396145,1.2531854330975487],[103.81465445092256,1.2531804048367696],[103.81465581398788,1.2531807910104436],[103.81468023547585,1.253127628988395],[103.81469915072101,1.2530826821791043],[103.81471068177503,1.2530493401296352],[103.8147235103306,1.2530122449742602],[103.81473480697427,1.2529638334875326],[103.81474424001287,1.252923409339886],[103.81475005116829,1.252870784376931],[103.81475425026035,1.252832755854956],[103.81475933272145,1.252778315826006],[103.81476274199593,1.252741803918607],[103.81477697589595,1.2526978744858956],[103.81478602876753,1.252669935999686],[103.81479077669533,1.2526552835103335],[103.81480527366043,1.2526402322653372],[103.8148321937712,1.2526122812449059],[103.81483230339248,1.2526121682000553],[103.8148348696086,1.2526095039587257],[103.81483673946008,1.2526075623001565],[103.81483824630337,1.2526059977592665],[103.81483823462278,1.2526059570627395],[103.81483857786279,1.2526056541028814],[103.8148415070871,1.2526026118395177],[103.81484330415721,1.2526007461471],[103.8148435449646,1.2526004965440476],[103.8148448469419,1.2525991445274713],[103.81485423124197,1.25258940096461],[103.81488201028435,1.2525701146716672],[103.81491267181974,1.2525488270388616],[103.81491282815767,1.252549689804264],[103.81492916888288,1.252537373371626],[103.81496948678361,1.2525332633169124],[103.8150195519282,1.2525281585285244],[103.81506532919433,1.2525375425422276],[103.8150709261218,1.252538485834271],[103.81507110582582,1.2525387273010218],[103.81508225834571,1.252541013614148],[103.81509497789709,1.2525436209878198],[103.81510661921583,1.2525460076888055],[103.81511077490578,1.2525466398690743],[103.81511445527595,1.252547009780159],[103.8151225608959,1.2525478264785248],[103.81512949663257,1.2525485246968602],[103.81513000879444,1.2525484342639333],[103.81513210416047,1.2525487869809722],[103.81513646022361,1.2525492256284794],[103.81515941671235,1.2525515373459608],[103.81518115210172,1.252553726061083],[103.81519920352684,1.252555543960676],[103.81523364501871,1.2525561510292544],[103.81526260728445,1.2525566621966733],[103.8152698404388,1.252556676716689],[103.81527270404801,1.2525568404266403],[103.81527782565988,1.2525569308986624],[103.81528359780629,1.2525570322275628],[103.81529000880639,1.2525571453176365],[103.81529356967718,1.2525568034922923],[103.81529439812101,1.252556723913903],[103.8153077835089,1.2525554398081653],[103.81530984653169,1.2525552417664885],[103.81532524192914,1.2525537641404332],[103.81533967320489,1.2525523787528592],[103.81534562775717,1.252551808139614],[103.81535981373443,1.252550446263737],[103.8153689805282,1.2525495663797481],[103.81538037387705,1.2525484730809242],[103.81538342258844,1.2525478581336766],[103.81546076623054,1.2525322448023035],[103.81549482681893,1.252522084494],[103.81555557826226,1.2525020713098944],[103.81559491686122,1.2524837328627378],[103.81561744573634,1.2524732297198802],[103.8156804157426,1.2524385441286037],[103.81568058915934,1.2524384319885125],[103.81577421085677,1.2523749470960244],[103.81583541356552,1.2523233290612812],[103.81587749550825,1.2522836693166786],[103.81588903539391,1.2522707722433266],[103.81589305364265,1.252266281193158],[103.81589614011052,1.2522628319653535],[103.81590087628872,1.252257537843771],[103.81590577689882,1.2522520610415202],[103.81591370557194,1.2522432001253365],[103.8159197086905,1.25223557455897],[103.81596107279121,1.2521830267011316],[103.81596164785682,1.2521818926311226],[103.81597642427809,1.2521633351578039],[103.81598600986996,1.2521494622610392],[103.81602835072556,1.2520881827635222],[103.8160854752238,1.2520027206404067],[103.81614724519297,1.2519044473105354],[103.81619325662304,1.2518286572962671],[103.81623307806682,1.2517563608028965],[103.81624202842823,1.251737569059145],[103.81624653910124,1.2517280985773513],[103.81626165614537,1.2516963590787817],[103.81627347564604,1.2516560434642305],[103.81628736360378,1.2516086720066064],[103.8162430285616,1.2515877338553714],[103.81618635137502,1.2515609660847382],[103.81614289867733,1.2515418348590928],[103.81611403264448,1.251529126530095],[103.81608411713405,1.2515159551589135],[103.81607620294425,1.251508892015069],[103.81607281012175,1.2515058632738605],[103.81605134800375,1.2514867077743916],[103.81602810332998,1.2514486700238967],[103.81602067278786,1.2514051247948004],[103.81602844973173,1.2513771953389197],[103.81603235392824,1.2513631713751654],[103.81604452011655,1.251345174590303],[103.81605482811034,1.251333027226563],[103.81605866305779,1.2513285072351827],[103.81607650610826,1.251316316511758],[103.81608674667854,1.25130932041107],[103.81609491882789,1.2513037369149664],[103.81613729346314,1.2512959144366775],[103.81616263191775,1.2513016356173614],[103.8161793535008,1.2513054105474077],[103.81620577821455,1.2513206140029505],[103.81621666923289,1.2513268804203055],[103.81626071389395,1.2513713239235351],[103.81629602582196,1.2514064334166952],[103.81630160384942,1.251411872304902],[103.81630638398896,1.2514165334338845],[103.81632816147825,1.2514377689730856],[103.81632845349849,1.2514379860226177],[103.8163284750626,1.2514380746505396],[103.81634545444211,1.251454631877613],[103.81634845463935,1.2514527960360038],[103.81635780925255,1.2514470705614529],[103.81636889533623,1.2514402851822484],[103.81639398952834,1.2514249265128607],[103.8164057477135,1.2514177296517321],[103.81641258554006,1.2514134267269716],[103.81642536805465,1.2514050641457724],[103.81643444951635,1.2513991234302846],[103.81645254594828,1.2513872845039358],[103.81646921281583,1.2513763806817417],[103.81647719088132,1.2513709916216664],[103.8164859848115,1.2513654081283516],[103.81651521047792,1.2513432206235569],[103.81651506851028,1.251343250466689],[103.81655855927768,1.2513101157137538],[103.81658382061669,1.2512911314438613],[103.81663113373611,1.2512555739201157],[103.81670466961137,1.2512018551027755],[103.81677944544276,1.2511496646681883],[103.81685478733696,1.251098577560437],[103.81693012024182,1.2510476803670476],[103.81694585622668,1.2510373616600758],[103.81700674702007,1.2509974343224108],[103.81703581274262,1.2509748371331957],[103.8170371093247,1.250973829678558],[103.81703783803437,1.2509732635505537],[103.81704613777706,1.2509668100529683],[103.81706526123942,1.2509519433142757],[103.81707250520842,1.2509460052981307],[103.81708228034344,1.2509379917798134],[103.81709584100713,1.2509250259816849],[103.81710445704232,1.2509167881735088],[103.81712068545093,1.2509012711778529],[103.81713997336492,1.2508828294843162],[103.81714657130014,1.2508755629516108],[103.81715682987556,1.250862182933409],[103.8171749353579,1.2508385682638286],[103.8171768914688,1.2508360179663318],[103.81718101215074,1.2508306433499892],[103.81718476982448,1.250825743523078],[103.81718849065827,1.2508208907229068],[103.81719420803698,1.2508134333635703],[103.81719924881877,1.2508068586603853],[103.8172015499746,1.2508026262458856],[103.81720162185837,1.2508023766415617],[103.81720187254975,1.2508020329843803],[103.8172201074798,1.2507684965255919],[103.81722583835504,1.2507579561855877],[103.81722851240404,1.2507530382646104],[103.81723066709812,1.2507490744456151],[103.8172321622653,1.2507463242805397],[103.81723462156371,1.2507418015657699],[103.8172362119759,1.2507388768588228],[103.8172417676361,1.2507286584716713],[103.81725122571979,1.2506992341066474],[103.81726388981136,1.250659836422843],[103.8172281913842,1.250645890892566],[103.81719533230425,1.2506321443397144],[103.8171741604212,1.250611075214558],[103.81715439655694,1.250585868627551],[103.81714174450373,1.2505667222351862],[103.81714234678283,1.2505234031498935],[103.81714883253042,1.2504950278302862],[103.81716023949961,1.2504691087968143],[103.8171782794063,1.250442281821804],[103.81720260980292,1.250432281502905],[103.81721977352377,1.2504252257523543],[103.81726078238567,1.2504163994018092],[103.81730403755316,1.2504098158899062],[103.81735006033632,1.2503783759189864],[103.81737999849979,1.2503590570546046],[103.817405519475,1.2503439425563385],[103.81739119707736,1.2503215892762223],[103.8173825730892,1.2503081304618269],[103.81745526243117,1.2502674860237204],[103.81743662085094,1.250238444937522],[103.81743910888532,1.2502365955260042],[103.8174794925104,1.250204079323858],[103.81745849318523,1.250176440893769],[103.8176894840555,1.250013861858111],[103.81774940368851,1.2500953418966037],[103.81780564640142,1.2500491309829296],[103.81783159690384,1.250027811633841],[103.817847640873,1.250051821718736],[103.81789932714118,1.2500070496208586],[103.81796156394303,1.2499581554878538],[103.81804091417735,1.2498958153529973],[103.81811667119159,1.2498342565661755],[103.81815394498551,1.2498039686908484],[103.81822029706287,1.2497500508271495],[103.81826749868908,1.2497191073428866],[103.81836370079701,1.2496560401855816],[103.81847292711625,1.2495823603740537],[103.81860583153319,1.249489367069834],[103.81864580537884,1.2494613979946845],[103.8186910212304,1.2494338666610492],[103.81879446455011,1.2493708800165821],[103.81883659929335,1.249353327428059],[103.81892883609815,1.249304021951621],[103.81903787630897,1.249245725365768],[103.81912404443501,1.2491996574762427],[103.8191767827519,1.2491714614665808],[103.81924781146884,1.2491473478587616],[103.81933275300706,1.2491185117288939],[103.81941040747368,1.2490921489960312],[103.81941235188977,1.249091594630568],[103.8197701621744,1.248989615778873],[103.8197944050948,1.248861891511947],[103.8198173267755,1.2488129202584264],[103.81987455406122,1.2487961807552164],[103.81988585928738,1.2488047641429816],[103.81991972105492,1.2488304736092612],[103.81994232971087,1.2488476394799637],[103.81996958716539,1.2489008009154994],[103.8199963019159,1.2489528942927366],[103.82001800114556,1.2489935447120355],[103.8200497853825,1.2490469612007582],[103.82007043081079,1.2490537793144707],[103.82009549069669,1.2490620543826232],[103.8201259210718,1.2490721038421042],[103.8201406928136,1.249081661247549],[103.82015219482501,1.2490891042307206],[103.82016025908196,1.2490943215538894],[103.82018721213292,1.2491091858351169],[103.82020213303728,1.2491174147285793],[103.82024365208368,1.249138758858636],[103.82028289606734,1.2491585076765788],[103.82033195109625,1.2491733205178783],[103.82037610019042,1.2491831955002508],[103.82048402048076,1.2491906018796577],[103.82048647319674,1.2492449126357197],[103.82028826364795,1.2493856842257645],[103.8202401545406,1.2494161520463707],[103.82016762248007,1.2494620861955483],[103.82011568832635,1.2494949758843468],[103.82007283660046,1.2495052908557502],[103.82006707344918,1.2495044895589567],[103.81998613686386,1.249489627714142],[103.819989991478,1.2495032538033386],[103.81999669706907,1.249526959960854],[103.82000574418122,1.249558943784396],[103.820016507544,1.2495784419516065],[103.82003035732082,1.249603534537216],[103.82005287705911,1.249614867251379],[103.82007121595959,1.2496240963908112],[103.8201026697614,1.2496346450653528],[103.82013373091702,1.2496431715770748],[103.82017803371558,1.2496431718007313],[103.82020042768231,1.2496502151091735],[103.82022805466539,1.2496589043882305],[103.82026842813694,1.249672335317223],[103.82032257869733,1.2496927742397332],[103.82036277335436,1.2497079451649091],[103.8203934777813,1.249719533852145],[103.8204143154955,1.2497273992189366],[103.82044211502117,1.2497312148728925],[103.82046246036722,1.249734007652824],[103.82048638634326,1.249737291520517],[103.82050815226054,1.2497402787455953],[103.82052261135655,1.249742263898071],[103.8206005972352,1.2497473694208685],[103.8206683866265,1.249751806566036],[103.82072553026667,1.249755548201272],[103.82077292221739,1.2497529429538123],[103.82081616207103,1.2497505655855963],[103.82085178420587,1.2497486078056794],[103.82089659289427,1.249745007741973],[103.82093642733818,1.2497405014799978],[103.82097109075309,1.2497365794128223],[103.82100658710338,1.2497325641995003],[103.82102428900428,1.2497305620186294],[103.82104714670818,1.2497174045179547],[103.82106387464047,1.2497077758210346],[103.82108170057626,1.2496975158822878],[103.82110062361694,1.2496866237973412],[103.82112799194036,1.2496708698847707],[103.82116844196055,1.2496475871931445],[103.82119154496166,1.249634289515732],[103.82122980891752,1.2495991523947487],[103.82127512005313,1.2495575445731757],[103.82132043208586,1.2495159367507929],[103.8213508797152,1.2494879775380845],[103.82139157508225,1.2494528241472296],[103.82140239429346,1.2494435354623616],[103.82142761156436,1.2494218868847573],[103.82144695154408,1.2494052837332856],[103.82146219422259,1.2493921976390574],[103.821477220355,1.2493792987473573],[103.82149721177655,1.2493604509641707],[103.82152656769796,1.2493310248641532],[103.82157697621001,1.2492804973068157],[103.82160163011874,1.2492549020754777],[103.82164331390334,1.249209720179958],[103.82168014561549,1.2491697980497551],[103.82171194195521,1.2491353337402356],[103.821718793259,1.2491279071241648],[103.82173883508423,1.249088572755714],[103.82175642390818,1.2490540514074888],[103.82177488071652,1.2490178271434207],[103.82178737125186,1.2489933134770863],[103.8218047668895,1.248959171961017],[103.8218172448448,1.2489346818079552],[103.82182548714397,1.248909794619887],[103.8218358023726,1.2488786474253684],[103.82184522714878,1.2488501916175478],[103.82185223126062,1.2488290421650579],[103.8218569431993,1.2488148138089323],[103.82186573091087,1.2487882806785386],[103.82187139350364,1.2487711818715732],[103.8218776230499,1.2487580450908078],[103.82188179764555,1.2487492420187787],[103.82189416059448,1.2487231710345224],[103.82191203875342,1.2486854690341713],[103.8219262823363,1.2486554306080697],[103.82194003172441,1.2486264367214641],[103.82195154196215,1.2486021636110893],[103.82196290573843,1.2485781997928973],[103.82197075893707,1.248561638188124],[103.8219747682016,1.2485531832957886],[103.82200673331164,1.2485517843816871],[103.82203978204561,1.2485503384449033],[103.82206520497805,1.2485492261855335],[103.82208798713862,1.2485482296733115],[103.82211795311436,1.2485258874611436],[103.82213126303917,1.2485159648238346],[103.82216135390983,1.248493531270816],[103.82217731270069,1.2484816326067476],[103.8221979923678,1.2484662150779076],[103.82221273365025,1.2484552252954086],[103.82222987221081,1.248442363487151],[103.82224821120757,1.2484285195433202],[103.822274089769,1.2484089853657583],[103.82229079793343,1.2483963722556843],[103.82230709906365,1.2483840675322972],[103.82231934692518,1.2483748222590338],[103.82232879141169,1.2483584505765188],[103.82235995704826,1.2483044284553382],[103.82238168538608,1.2482667653554347],[103.82239945388616,1.2482359663702618],[103.82240795401297,1.248221231584406],[103.82242285885539,1.2482028983563285],[103.82243897491816,1.2481830756438104],[103.82245611261108,1.248161997676603],[103.82246973165414,1.2481452461775508],[103.82248635808213,1.2481247958374364],[103.82250309772483,1.2481042053210671],[103.82251488825564,1.2480897029703264],[103.82255548915768,1.2480748652190246],[103.82259296138359,1.2480611705717795],[103.82260546080138,1.2480590417475408],[103.82261660344244,1.2480571444351691],[103.82263662173929,1.2480537350605465],[103.82268121207083,1.2480461412884698],[103.82274869598706,1.2480346488902716],[103.82279979795256,1.2480246793752787],[103.82283972133563,1.248016666860612],[103.82287302885904,1.2480099819268953],[103.82292814185233,1.247998920856693],[103.8229781080786,1.2479888934543053],[103.82302846335372,1.247982198638086],[103.8230784915614,1.2479763692970591],[103.82313001581697,1.2479703654184318],[103.82314609946616,1.2479661176780414],[103.82316491014744,1.247961149169128],[103.82320290170324,1.2479511144808886],[103.82324378382293,1.2479403156146973],[103.82328867068098,1.2479284595603826],[103.82330770510666,1.2479203917919157],[103.82335010399947,1.2478935422570732],[103.82339054319952,1.2478679325987057],[103.82343750302417,1.2478381945374593],[103.82346806469276,1.2478188403342676],[103.8235084670633,1.2477898962795733],[103.82355909469618,1.2477536269047111],[103.82385036907942,1.2473031600738815],[103.82385857447565,1.2472892003229845],[103.82389058113763,1.2472216443611597],[103.8239224161702,1.2471566748826297],[103.82395364020417,1.2470913888736688],[103.82398423526895,1.2470258134651933],[103.82401421933515,1.2469599396136366],[103.82403000659109,1.246919216106486],[103.82404340376884,1.246877615356501],[103.82405434797103,1.2468353091929223],[103.82406282122683,1.2467924151831573],[103.8240682089092,1.246758949169282],[103.82407028814481,1.2467460303202627],[103.82407445747161,1.2466992113503605],[103.82407528428017,1.24665222053925],[103.8240727865404,1.246605283978243],[103.82406831204486,1.2465576510490615],[103.82406093530764,1.2465103798556325],[103.82405065632823,1.2464636784019227],[103.82403753800308,1.24641768234292],[103.82402601901232,1.2463839766121592],[103.8240129455691,1.246350849669507],[103.82399832665843,1.2463183829078521],[103.82398222517699,1.2462866396329495],[103.82396465010986,1.2462556831503602],[103.82394566435366,1.2462255948531598],[103.82392875415688,1.2462059158063632],[103.82390983125441,1.2461881720936874],[103.82388208483188,1.2461680136940188],[103.82385111268623,1.246151744052599],[103.82381881968973,1.246140348934284],[103.82378809909198,1.2461352509159804],[103.82378633618433,1.2461349587996093],[103.82376802602523,1.2461319200657845],[103.82377642446257,1.2461564754195515],[103.82380156766148,1.2462299886427228],[103.82376243740035,1.2463229391519448],[103.82364346637573,1.246278398729646],[103.82345222762822,1.246514697780321],[103.8233637692252,1.246585937001978],[103.8233010540875,1.2465290368191793],[103.82339604496849,1.2464068863873874],[103.82350085168567,1.2461923695567871],[103.82351097826086,1.2461429758824027],[103.82355662093217,1.246081136467391],[103.82349992121569,1.245841268767919],[103.82351809033464,1.2458359792042186],[103.82353317749288,1.2458349112054625],[103.82359232188347,1.2458897593650522],[103.82365197870112,1.2458721045694592],[103.82367835680805,1.2458524989343267],[103.82401347894671,1.24542681365283],[103.82410745174732,1.245298290128611],[103.82412390744516,1.24527196773371],[103.82429892113244,1.245102249747828],[103.82457350526424,1.2448374263292254],[103.8247346501194,1.2446763847464215],[103.82482929933113,1.2445844744217742],[103.82489669168378,1.2445153377300622],[103.82496630789568,1.244442569113082],[103.82508550219816,1.2443251910291675],[103.8252136152882,1.2441973576013667],[103.82534710335332,1.2440672298090198],[103.82546357240862,1.2439448939690925],[103.82556840642548,1.2438294122731532],[103.82565723222746,1.2437397980836098],[103.82577948059726,1.2436079338544137],[103.82593424761123,1.2434324657434648],[103.82603504181584,1.2433174615216134],[103.82616847680666,1.243178744025279],[103.82635484682335,1.2429569679548265],[103.826446163366,1.2428347902665757],[103.82658314929996,1.2426892710270345],[103.82668213921315,1.2425729219836565],[103.82689579110674,1.2423324400524285],[103.82701953182807,1.2421889076471313],[103.8270950692222,1.242106946113593],[103.82714644972212,1.242044632759446],[103.82716262321722,1.2420250180205674],[103.82715547372588,1.2419940724351637],[103.82715409180838,1.2419880891517208],[103.8271512686692,1.241976796336755],[103.82715018506117,1.2419711784175573],[103.8271494339021,1.2419678214121384],[103.82714429349237,1.2419456780179734],[103.82714577966836,1.2419389106566494],[103.82714779687821,1.2419297232152684],[103.82714862981966,1.2419259285008213],[103.82715107113775,1.2419148093363692],[103.82715304161286,1.2419105344066803],[103.82716702805094,1.2419109748654023],[103.8271850416771,1.2419117101565587],[103.82719452469483,1.2419179512030196],[103.8272317316577,1.2419424405951347],[103.82725423697812,1.2419572532450136],[103.82728091773394,1.241976594965296],[103.82731803753026,1.242006060173332],[103.82733246601832,1.2420175130873023],[103.82738652837273,1.2420604280523693],[103.82743445381395,1.2420984711871688],[103.82745704807068,1.2421223844625822],[103.82750819558952,1.242176518068964],[103.82750163800829,1.2422429373481128],[103.82749562494503,1.2423038345744846],[103.82744977671948,1.2423425096500729],[103.82736892368584,1.2424107121694339],[103.82733369431023,1.2424122305183372],[103.82729362727495,1.2424139577640039],[103.8272522681604,1.2424157401723508],[103.82720602118752,1.242366171808064],[103.82714650548021,1.2424096562605424],[103.82708693135902,1.242456468775425],[103.82708860975389,1.2424777837628698],[103.82708870409664,1.2424788011739363],[103.82708899251419,1.242482640204918],[103.82709125942226,1.242512811642158],[103.82709239691958,1.242527943483415],[103.82709423524463,1.2425524074708474],[103.82714205457627,1.242628347130002],[103.8272064337595,1.24269152623398],[103.82728441665857,1.2427366813693184],[103.82736407980893,1.242778960624823],[103.82744703157682,1.242815551428172],[103.82751058961355,1.2428358970738433],[103.82762255837827,1.2428639624851365],[103.82771216827723,1.2428756651642832],[103.82780284744118,1.2428781885358384],[103.82789244839803,1.2428694525552888],[103.82798326238263,1.2428511664776323],[103.82807029358639,1.2428269748844891],[103.82815568947994,1.2427990392132657],[103.82820898464483,1.242778723657988],[103.82829734389114,1.2427404556154846],[103.82835863684724,1.242709148417806],[103.82842810549982,1.2426685163243765],[103.8285051280739,1.24261552337939],[103.82859220697034,1.242544638489092],[103.828668738979,1.2424710314378915],[103.82874104343793,1.2423886845916439],[103.82879662632268,1.2423169866148116],[103.82884753687917,1.2422423313545379],[103.8288928855692,1.242163913924572],[103.82893353496947,1.2420863285018897],[103.82896978160433,1.2420030455704127],[103.8289998733421,1.2419191476598683],[103.82902535565205,1.241831008268545],[103.82904580622144,1.2417425794718207],[103.82905656975892,1.2416754113808655],[103.82906413002578,1.2416263206408047],[103.82907146384201,1.2415910513138728],[103.82906921303567,1.2415920822865616],[103.82907380454704,1.241561154812525],[103.8290881721002,1.2414725451323698],[103.82911745509287,1.2414284392881363],[103.82916473550016,1.2414068883405736],[103.82925317730003,1.241402176736644],[103.82934374859853,1.2414006484985183],[103.82943513756098,1.2413946707816323],[103.82952561902648,1.2413792786183764],[103.82961433040421,1.2413588581789294],[103.829620690165,1.2413569852475643],[103.82962273790393,1.241356240053524],[103.82972484001901,1.241317668115007],[103.82975630276951,1.241311455169017],[103.82978556234437,1.241299875716485],[103.82985228593306,1.2412686969106161],[103.82986356153424,1.2412575822770469],[103.82992575745051,1.2412298934086776],[103.82999617219293,1.2411846137414877],[103.83007499534422,1.2411251708191833],[103.8301525740945,1.241016212993053],[103.83020224824196,1.2409213243411141],[103.83025262054102,1.2408251017502907],[103.83031958953323,1.2406846439615669],[103.83036947844016,1.2405679374955387],[103.83039938592806,1.2404767268705081],[103.83042617732085,1.2403950165982658],[103.83044255571542,1.2403108156924545],[103.83044895329124,1.2402349774407564],[103.83044139675631,1.2401842696744902],[103.83040228592282,1.240061932530127],[103.83035645949245,1.2399664713031888],[103.83032907162912,1.2399174365896388],[103.83031536913231,1.239919024639285],[103.83029412532031,1.2399214853925988],[103.83016671815605,1.2399362471958681],[103.83012265451909,1.239941854206835],[103.83007388261319,1.239948736366205],[103.83002571181555,1.239959008990648],[103.83001705273283,1.2399624464719647],[103.82998541388014,1.239975008064839],[103.82994699295624,1.239995112054556],[103.82991234403124,1.240019529870743],[103.82987820187245,1.240044598830082],[103.82984549555232,1.240071630263409],[103.82982823578162,1.2400846440560045],[103.82980953568126,1.2400938685562786],[103.82978807083721,1.2400912458682998],[103.82977780880867,1.2400779426420263],[103.82977547447166,1.24005609498384],[103.82977539270699,1.2400553235601912],[103.82977952595176,1.2400306262559355],[103.82978525765452,1.2400184218549934],[103.82979600493402,1.23999553690751],[103.82980967871357,1.2399676282150984],[103.82982173874427,1.2399389327227002],[103.82983418336013,1.239897259589794],[103.82984211741312,1.2398332929437248],[103.82984519040767,1.2398014601962901],[103.82983926917524,1.2397692647864533],[103.8298342212966,1.2397461112212733],[103.82980205240925,1.23968854109683],[103.82980178205072,1.2396151428148277],[103.8298536816837,1.2396313210734753],[103.82997482054897,1.239760647266756],[103.83014450774213,1.2397628080064125],[103.8302879302447,1.2397034004247147],[103.83029429898733,1.2397006240308375],[103.83040766675491,1.239635139073367],[103.83042642885685,1.239617910936619],[103.83050364719224,1.2395544788438377],[103.83063522629918,1.2394258872904453],[103.83090348181766,1.2391512327363299],[103.83116793563471,1.238866076661989],[103.83136420036881,1.2386542464433985],[103.83147824289388,1.2385357846286351],[103.83157298149425,1.2384629923359827],[103.83168543179053,1.23838873407495],[103.83188752782397,1.2382565449359102],[103.83204557819424,1.2381518538894203],[103.83218484940085,1.2380642137274274],[103.83233822741988,1.2379741742823942],[103.8324587823534,1.237910950151358],[103.83258267169737,1.2378648809199575],[103.83270850903178,1.2378373991019103],[103.83285619037058,1.2378052751751387],[103.83298692464966,1.237801051809898],[103.83310881026772,1.2378050500218214],[103.83323440499072,1.237826924815936],[103.83334826679507,1.2378598898350723],[103.8335389424877,1.2379298705136232],[103.83370933851204,1.237998393344546],[103.83386286925969,1.2380837373612812],[103.83395829248805,1.2381563325466867],[103.8340614430298,1.2382451312384066],[103.83415966967034,1.2383403066068308],[103.834424994852,1.238605077519955],[103.83457724978496,1.2387577352081516],[103.83470864996966,1.238861166490026],[103.83488617140654,1.2389783088197224],[103.83494752263638,1.239002518640059],[103.83494718029925,1.2390033407082655],[103.83496818779538,1.2390131548667753],[103.83496880957284,1.239011327144263],[103.83499761625605,1.2390194302386734],[103.83512820685173,1.239051464578078],[103.83527666998661,1.2390773003785567],[103.83542650605442,1.239084552368455],[103.83562509870642,1.2390642672909606],[103.83597630473062,1.2390212562558112],[103.83610037471726,1.2390221243189574],[103.83622100068472,1.2390443173121442],[103.83633014443001,1.2390787463744461],[103.83643058148347,1.2391156181329432],[103.83654224112091,1.2391661078055578],[103.83663141073922,1.2392433133548797],[103.83669362466316,1.239338262581428],[103.83671800981081,1.2394193569800802],[103.837128700015,1.2394185153601887],[103.83712941779733,1.2393212861492806],[103.8371027844578,1.2391884448836794],[103.83705164120258,1.2390689150041954],[103.8369700640587,1.2389574701909578],[103.8368726109381,1.2388726218735404],[103.83675096778903,1.238807509546364],[103.83641948421544,1.2386863322496549],[103.83638991466762,1.238663235700485],[103.83638268959149,1.2386230638052467],[103.83640527934526,1.2385937171272061],[103.83644673632372,1.2385834606724064],[103.83692728492672,1.2386552395289168],[103.83705906156682,1.2386785366984963],[103.8371807226462,1.2387146840018561],[103.83731810702379,1.238768059433447],[103.83744454830088,1.2388321606465724],[103.83756201963793,1.2389077201754604],[103.83766442543353,1.2389850866455911],[103.83780862167427,1.2391155790719062],[103.83799442684656,1.2392840619911936],[103.83820931818735,1.23946412976187],[103.83831474216485,1.2395410820013522],[103.83856127953094,1.2397011722548916],[103.83868776402402,1.2397716582259586],[103.83893501212783,1.2399133898285777],[103.83920169448562,1.2400757861096738],[103.83943034228272,1.2402134390194763],[103.83948407410276,1.2402408682914108],[103.83958789875824,1.2403110015691132],[103.83966988926572,1.2403768662915418],[103.83973362173583,1.240432385117802],[103.83981824498044,1.2405200812053918],[103.83992542129286,1.2406471713824287],[103.84004523988975,1.2407876823024373],[103.84017610135596,1.2409240511953685],[103.84029275715996,1.2410600312421856],[103.84040917035617,1.2411892195015484],[103.84052567341847,1.2413192669022532],[103.84061100655093,1.2414066012154101],[103.84065381240251,1.2414545957580354],[103.84075942534047,1.241574930295995],[103.84080510651224,1.2416355135915822],[103.84091522111224,1.2417693141081105],[103.84095724529551,1.2418302410702566],[103.84154904213307,1.242277547357862],[103.84158675327896,1.2422934821544043],[103.84170562862603,1.242446590806109],[103.84181961601695,1.2426018970753996],[103.8419090286321,1.2427185960696772],[103.84200988762531,1.2428528125767553],[103.84211439637699,1.2429684190405899],[103.84222491445914,1.2430792468140792],[103.84234461725296,1.2431830675297018],[103.8425192003639,1.243337206927324],[103.84268905814858,1.2434910397500367],[103.8428711817459,1.2436507852564305],[103.84298801741329,1.2437594623933508],[103.84303095809513,1.2437994080451467],[103.84321003488901,1.243974022206566],[103.84323794230984,1.2440044720770242],[103.8433817258305,1.244149993835792],[103.84349051074761,1.2442579737148474],[103.84365645107184,1.2444109916550612],[103.8438425005807,1.2446038558335881],[103.84403454339585,1.244824367321715],[103.84420291905589,1.2450417841557804],[103.84431048226114,1.2452013942122113],[103.8443990146555,1.2453510852671852],[103.84446602723384,1.2454709585864896],[103.84463191442313,1.2457752939380151],[103.84480992277288,1.246080083216195],[103.84494566408489,1.2462945790425426],[103.84507929457133,1.246461923080045],[103.8452125278977,1.2466229618782603],[103.84531769199313,1.2467451329923074],[103.84545322645081,1.2469009002226104],[103.84556756545834,1.2470305133044635],[103.84571990161136,1.2472109243921004],[103.84583822935443,1.2473720636118653],[103.84610836446876,1.2477925197514226],[103.84658224226456,1.2485300814293026],[103.84667581564686,1.2486816986732276],[103.84673901856925,1.248784089666351],[103.8469747311892,1.2491659747122414],[103.84753523735205,1.2500579380081325],[103.84806212011175,1.2507944409993141],[103.84824221445827,1.251218912787558],[103.848423497612,1.2521141608564772],[103.84808735027922,1.252313512887494],[103.84751843083944,1.2526502464487694],[103.8474804052142,1.2526694734578587],[103.84686077264568,1.253003277912812],[103.84646267157888,1.253213843279606],[103.84609323261309,1.2532375485264842],[103.84589231253106,1.2532236123330085],[103.84569714301256,1.2532048847703128],[103.84542983034895,1.2531262153051703],[103.84520112751467,1.2530554407440686],[103.8449974755492,1.2529569110852037],[103.84484328742346,1.252817910852987],[103.84477954547036,1.25274121192833],[103.84469338511295,1.252636577261405],[103.84459019798368,1.2526108765571777],[103.84457078974643,1.2526060464269002],[103.84454267477992,1.2526041021630674],[103.84452545896788,1.2526029084751646],[103.84446175318324,1.2525766731160428],[103.84434959961003,1.2525432482580299],[103.84421686793513,1.2525087472867467],[103.84407313915519,1.252469805921278],[103.84393503519496,1.252437629176055],[103.84380748806208,1.252408699051842],[103.84364528648825,1.2523804021143603],[103.84350339975734,1.2523545649606371],[103.8433581714151,1.25233221866142],[103.84322796468375,1.252312503999571],[103.8431061870723,1.2522989028078273],[103.84296267406164,1.2522860242785603],[103.84282232387385,1.252273536415599],[103.84268669094092,1.2522552144686798],[103.84264140511743,1.2522579268219254],[103.84246169944333,1.2522616543465717],[103.84236945649288,1.2522554688107348],[103.84231436765437,1.2522377886629905],[103.84227563197405,1.2522024462070194],[103.84227356534247,1.2521976621225708],[103.84182547607126,1.25237165262045],[103.84184130373342,1.252676027504959],[103.8419057894011,1.252973601403142],[103.84190177307565,1.2530036887396898],[103.84190073714944,1.2530275079117439],[103.84189877670643,1.2530726438771789],[103.84189724842335,1.2531078291117108],[103.84189518555554,1.2531553019569213],[103.84189535912662,1.2532030479130318],[103.84182627833229,1.2534489766689145],[103.84180614062566,1.2534868705375046],[103.84174096697629,1.2535629432297986],[103.84166898875228,1.253635388533731],[103.84163765261538,1.2536540266947098],[103.841593584347,1.2536802362405437],[103.8415287007427,1.2537020045141727],[103.84147019399059,1.2537216339427533],[103.8414370553449,1.2537216340461816],[103.8413842631656,1.2537183052420646],[103.84128720134305,1.2537079125766346],[103.84119919757774,1.2536929501232492],[103.84103832755653,1.2536595397395698],[103.84091715455602,1.2536294916600161],[103.84084277697625,1.2536110482534466],[103.8407301418076,1.2535831172592529],[103.84062321859334,1.253556603384317],[103.84058709770764,1.2535476466530815],[103.8405016808213,1.2535345806224771],[103.8403772498071,1.253519590205981],[103.84017970650127,1.2535439470947636],[103.84015932714777,1.2536134467037183],[103.840151176664,1.2536412423871675],[103.84010287631934,1.2536712176953095],[103.84004009171687,1.2537128548281977],[103.84001438841662,1.253720152216511],[103.83991315393585,1.2537518640375582],[103.83979339360515,1.2537928167035712],[103.83970431261878,1.253823278653679],[103.83962326896554,1.25385099221573],[103.83946921809093,1.2539036709476987],[103.83933958920987,1.2539479987067526],[103.83920465092038,1.2539941415321263],[103.83909960121748,1.254004197402922],[103.83835302705418,1.2540756645959736],[103.83825054882756,1.254028239884618],[103.83817882277155,1.2539867296600138],[103.8381035097671,1.2539325854591956],[103.83803536971304,1.2538730268092013],[103.83797619519689,1.2538206876881985],[103.83790805605025,1.2537629341475869],[103.83784170857331,1.2537051806020503],[103.83777715547066,1.2536528414857218],[103.83769287695664,1.253595087966882],[103.83760142640922,1.2535499684378895],[103.83747769889105,1.2534922149764136],[103.83741135146104,1.2534543140430434],[103.8373000496847,1.2533819252126526],[103.83727648019392,1.253260825331346],[103.83715262238866,1.2531885215238097],[103.83696918248486,1.2532857591254172],[103.836870296668,1.253265338697027],[103.83656194756726,1.2532016627488718],[103.83656020262394,1.2532013019093549],[103.83587109755695,1.2532075663053641],[103.83575163008652,1.2532252178177554],[103.83566914515885,1.253240937567811],[103.83560134397547,1.2532425003707306],[103.83553262988525,1.2532422671034882],[103.83546256261035,1.2532415943140902],[103.83540006453654,1.253234064620381],[103.83531159090032,1.2532340221839733],[103.8352415371046,1.2532347050319361],[103.83518719588116,1.2532347837509765],[103.83513383945171,1.2532443139881988],[103.83510179522008,1.2532448086978984],[103.83496106765412,1.2532641178896693],[103.83488065921924,1.2532776065446605],[103.83479801794196,1.2532955907974912],[103.83468187322455,1.2533225680721645],[103.83455679443587,1.2533562882922744],[103.83443618223362,1.2533967541640088],[103.83433120532816,1.2534372191198315],[103.8342485640499,1.2534776840636332],[103.83417709058453,1.2535181490012195],[103.83410561711696,1.2535586139368315],[103.8340698799356,1.2535878385063848],[103.83404587304419,1.2536016780126664],[103.83399363168272,1.2536317924809064],[103.83385386822644,1.2537371546677205],[103.83375579560096,1.2538146994734818],[103.83363405661645,1.2539109564972328],[103.8335323125886,1.2539914043069724],[103.83339003321356,1.254103901909621],[103.8333343154256,1.2541509234706438],[103.83314131765228,1.2543446945441623],[103.8331387460613,1.254352101294348],[103.83275735722574,1.2545656914798502],[103.83262089758362,1.2545934138545272],[103.83233270778477,1.2546519605489308],[103.8320908650165,1.2547010918886332],[103.8320779306862,1.2547038628571645],[103.83207034440439,1.2547019663998151],[103.83203960212299,1.2547032759053949],[103.83198989458361,1.2547053929989433],[103.83193417049196,1.2547077669279898],[103.8319245616205,1.2547065261338546],[103.83192329199859,1.2547065686383225],[103.83162772078519,1.254716521903748],[103.8315417611795,1.254723383264114],[103.83149333134679,1.2547272493911867],[103.83140615782725,1.2547342084176436],[103.83091485365895,1.2547705879027424],[103.83084222552911,1.2547772774229695],[103.83081217424282,1.2547498244863782],[103.8307761585024,1.2547402228066915],[103.83064902113482,1.254706328882493],[103.83046144870947,1.254656323621382],[103.83035081642885,1.2546268294370828],[103.83024687190178,1.254599118664064],[103.83017687110492,1.2545804570057235],[103.83014248530067,1.2545712903188777],[103.8300367984998,1.2545675732463704],[103.82994122913792,1.2545642125026464],[103.82985319484207,1.2545611158401286],[103.8297693566961,1.2545445938801294],[103.82965909550974,1.2545228645458684],[103.82958442685424,1.254508149514377],[103.82953289441303,1.2545039052540476],[103.82951769399959,1.2545003067629625],[103.8294916663037,1.2545005102067979],[103.82847074923848,1.2545503308768484],[103.82844779450816,1.2545526044077258],[103.82833032886191,1.254564237032909],[103.8281242700464,1.2545672400247894],[103.82797999499071,1.2545742802141917],[103.82782937542716,1.2545775853542287],[103.82766390676385,1.254583357561233],[103.82740134297664,1.254613078935056],[103.82723661646564,1.2546317256583774],[103.82705964925074,1.2546661345213648],[103.82703566119895,1.25467286203547],[103.82692429830448,1.254704094012651],[103.8268526495375,1.2547214124270107],[103.82681900499061,1.254728082940028],[103.82663613707831,1.2547796936881679],[103.82645275519975,1.2548314491204666],[103.82626497950227,1.254884445316742],[103.82614977986606,1.2549169578311574],[103.82601511624262,1.2549644040668353],[103.82582851936122,1.255030147260995],[103.82566085178763,1.2550965642496472],[103.82557339961546,1.2551312093130644],[103.82557333402445,1.255130654937054],[103.82557315791726,1.255129099428534],[103.82557309592038,1.2551285495743687],[103.82522423964309,1.2552695218470027],[103.82509273860582,1.2553818571453441],[103.82509264425993,1.2553819484859174],[103.82461795517227,1.2557874949990713],[103.82441850797089,1.2559578857513882],[103.82439920555667,1.2560165617972938],[103.82440331251249,1.2560824131563553],[103.8243768884118,1.2561229738401727],[103.82430887210168,1.2562113988068377],[103.8243055035094,1.2562126043138149],[103.82428089716703,1.2562428868935527],[103.82428080821248,1.2562429167372904],[103.82428026999251,1.256243098512794],[103.82414574015593,1.2562885387690959],[103.82404664388075,1.2563219791248375],[103.8240088381426,1.2563490384974825],[103.82399545831528,1.2565513006080609],[103.82406573413942,1.2565502608400376],[103.8240657339598,1.2566012299525904],[103.824070257628,1.2566017917073455],[103.82407471632365,1.256602743957255],[103.82407907683547,1.2566040796093345],[103.82408330668349,1.2566057887147695],[103.82408737436103,1.2566078585430178],[103.82409124956932,1.256610273676637],[103.8240949034433,1.2566130161261229],[103.82409830876647,1.2566160654639076],[103.82410144017378,1.256619398976517],[103.82410427434043,1.2566229918337564],[103.82410679015568,1.2566268172736608],[103.8241089688801,1.2566308468018372],[103.82411079428509,1.256635050403709],[103.82411225277386,1.2566393967680836],[103.82411333348261,1.2566438535203799],[103.82411402836152,1.2566483874637744],[103.82411433223467,1.256652964826474],[103.8241142428386,1.2566575515132699],[103.82411376083921,1.256662113359501],[103.82411288982675,1.2566666163855358],[103.82411163628908,1.2566710270498733],[103.82411000956337,1.256675312498984],[103.82410802176656,1.2566794408120237],[103.82410568770506,1.2566833812386005],[103.82410302476448,1.256687104427825],[103.8241000527802,1.2566905826469346],[103.82409679388945,1.2566937899878645],[103.82409327236665,1.2566967025602298],[103.82408951444239,1.2566992986692753],[103.82408554810816,1.2567015589774726],[103.82408140290784,1.2567034666485595],[103.82407710971759,1.2567050074729464],[103.82407270051594,1.2567061699735596],[103.82406820814552,1.25670694549133],[103.82406366606844,1.2567073282496908],[103.82400165851642,1.256707328027501],[103.82401076983133,1.2581646608568355],[103.8240111883086,1.2582316869723558],[103.82401119190078,1.2582322377306971],[103.82402322987042,1.2601577730136844],[103.82408184195407,1.2601579730885122],[103.82415545957915,1.2601377490344405],[103.82421105534874,1.260122034983441],[103.82421292519385,1.2601215059364679],[103.82422111357847,1.2601012120130608],[103.82422634127008,1.2600903903989729],[103.82422710143322,1.260088712804438],[103.82428580561361,1.2599590379109848],[103.82433621354862,1.2598592820970136],[103.82441701624127,1.25971438319527],[103.82439459077948,1.2596925336577],[103.82438341411441,1.259645127706107],[103.82439336724286,1.2596154889838023],[103.82447788977233,1.2594914329946192],[103.82457192598464,1.2593535818497599],[103.8246903897077,1.2591969046150029],[103.82484272631419,1.2590138589130566],[103.82501921000858,1.2588321924360928],[103.82512789570576,1.2587283960886309],[103.8253368441499,1.258553249259861],[103.82562631005,1.258322487818958],[103.82587707785024,1.258141213996179],[103.82618291479598,1.2579416458996384],[103.82648106196584,1.2577831585306092],[103.82663412767816,1.2577153984713754],[103.82672103179355,1.2576909401403888],[103.82681144467469,1.2576638338342845],[103.82787819903525,1.257502285942337],[103.82800041088355,1.2574747726970437],[103.82817736128719,1.2573976885911289],[103.82837531663755,1.2573114541471684],[103.82855900874017,1.2572072553534235],[103.82859596618151,1.2572081055243511],[103.82868250371995,1.2571508132473113],[103.82855209707233,1.2568089358700771],[103.828498037876,1.2568294142133747],[103.82850310375083,1.256849724454327],[103.82824415258887,1.2569553022547901],[103.8281922240738,1.256836738982936],[103.82784538044278,1.256964560332033],[103.82783163033189,1.2569194424322896],[103.82796960243381,1.2568607222949548],[103.82797195115718,1.256877434966919],[103.82801455318253,1.2568667725900093],[103.82801843757991,1.2568409828182938],[103.82812817604432,1.256792385173089],[103.82813505424589,1.2568153949482375],[103.8281821174808,1.2567997341515649],[103.82817430481919,1.2567708523320573],[103.82843640261682,1.256665707735181],[103.8284856840552,1.2567924238487957],[103.82855977239352,1.2567659921071967],[103.82869889653934,1.2571303963300788],[103.82874273591862,1.2570757510510082],[103.82874672463619,1.2569940805586428],[103.82875491738301,1.2570229397679358],[103.82877588998741,1.2570148348847994],[103.82914510879883,1.2568720190739995],[103.82921605677204,1.2568445744196644],[103.82922377784509,1.2568415873139618],[103.82925412481579,1.2568298477983983],[103.82926819220994,1.2568244116818232],[103.82927498779819,1.2568206242113944],[103.82928951883783,1.2568125247401842],[103.8293249703695,1.2567924460810926],[103.8295460670901,1.2568353051798835],[103.82971158797444,1.256852501014271],[103.83027354218471,1.2567987869721424],[103.8304061607572,1.2567646708557896],[103.8304129787831,1.256782329496558],[103.83050471154243,1.2567491430161686],[103.83060299785073,1.2570301537779067],[103.83088804312989,1.2569320973711628],[103.83106314463566,1.2574350357654662],[103.83111154038659,1.2574171058648174],[103.83114292874923,1.2574087730714543],[103.83118684801983,1.2573931312093443],[103.83109483517472,1.2571098215796888],[103.83113063981942,1.2570892572521934],[103.83123119139941,1.2573734178951284],[103.83130783963804,1.2573485316371737],[103.831218968043,1.2570647499356622],[103.83124809120925,1.2570532681398605],[103.83134320580025,1.2573297778453887],[103.83189865388493,1.2571626886196132],[103.83183349619829,1.2569462125160422],[103.83174575385759,1.2569184014280714],[103.83166928357629,1.2568931922028066],[103.83159284205061,1.256866171531989],[103.83156301715623,1.2568475940437698],[103.8315337376804,1.2568137789078961],[103.83154264575155,1.2567481192941334],[103.83162024101459,1.2567309101828708],[103.8316296576102,1.2567285923012916],[103.83169443801627,1.2567458195939478],[103.83172885447136,1.2566452524066374],[103.83128553159641,1.2564938613754748],[103.8312639687343,1.2564198607788746],[103.8350687701907,1.2552100646787252],[103.83524737264206,1.2551481761351277],[103.83634111889472,1.2548171105426185],[103.8363555501641,1.254808398776681],[103.83636903798957,1.254810076358261],[103.83664552641312,1.254945961401785],[103.83665069475721,1.2549485017568116],[103.83845573774103,1.255835618602307],[103.83919581430507,1.2561993409273875],[103.83924129587402,1.2561050526225264],[103.83927049525882,1.2560445179730286],[103.83981907981584,1.2563311497552887],[103.8398262833388,1.256334913704844],[103.84014061196203,1.256499148315827],[103.84007293772297,1.2566304161828104],[103.84048468422324,1.25683277491187],[103.84240940347873,1.2577898756558061],[103.84247731285579,1.2578623666097266],[103.84247597686701,1.2578985222263348],[103.84210095573292,1.2582514529016782],[103.84013204033523,1.2601043608873899],[103.83975861525677,1.2604557908757357],[103.83816314102327,1.261957268268608],[103.83807513268304,1.2620400901845668],[103.83619422095337,1.2638101551427212],[103.83608695869064,1.2638502258663862],[103.83588000510426,1.2638427424580287],[103.83049245890116,1.263648314515721],[103.8304213697404,1.263628070224642],[103.82891519648435,1.2627679707906048],[103.82657077621121,1.261429181657982],[103.82486469612961,1.260454914996484],[103.82481034407598,1.2604238779131132],[103.8244337380221,1.2602088186311087],[103.82440711369729,1.2601936161625449],[103.82438066521034,1.2602588289322647],[103.82435230730921,1.2603339851890238],[103.82428770232556,1.2605052047856056],[103.82421042685732,1.2607586166506035],[103.82415168086993,1.2610174818998825],[103.8241122074574,1.2612808509540359],[103.82409503934785,1.2614981662002935],[103.82409711318863,1.2619992486619558],[103.82411802096303,1.263065818900921],[103.82411838839664,1.2630845663897823],[103.82439633672864,1.263086143674902],[103.82444523663122,1.2630901121975144],[103.82448625010123,1.2630988430785641],[103.82452726356084,1.2631107482803166],[103.82457300777665,1.2631274185969297],[103.82464004985597,1.263157582111123],[103.82468796578996,1.2631850351775402],[103.82527198461788,1.2635185117322596],[103.82530520599398,1.2635374817971228],[103.82564716165305,1.263732758766204],[103.82583645335937,1.2638407830152623],[103.82652324288435,1.2642326453912014],[103.82669245698206,1.264329205793039],[103.82691089892904,1.2644538694506868],[103.82900949444894,1.2656513734259993],[103.82905116658058,1.2656716032372413],[103.82950221361627,1.2659271142029325],[103.83011629676822,1.2662865359370172],[103.83012094218972,1.2662828000108441],[103.83018582163672,1.266319838361171],[103.83020594247826,1.2663313238216873],[103.83022637780641,1.266342989251066],[103.83034062803374,1.2664082130974121],[103.83050297223265,1.2665008908014677],[103.83058684038407,1.2665487697861757],[103.83061991627521,1.2665676511545219],[103.83095033017618,1.2667562767062903],[103.8311696423103,1.2668814753870028],[103.83127813029228,1.2669434091067082],[103.83141600210952,1.2670221161022117],[103.83159345881468,1.2671234213908718],[103.83192227885849,1.267311136120655],[103.83196196348167,1.2673337904862274],[103.8320186609362,1.2673661586447544],[103.83205825121297,1.2673930553851471],[103.83208107395701,1.2674142618520428],[103.83221703916655,1.2674192259742856],[103.83243784482056,1.2674272875704824],[103.83269743298484,1.2674367653932728],[103.83296331358214,1.267446472899509],[103.83326117209558,1.2674573479146347],[103.83356126526472,1.2674683042879393],[103.83389853706396,1.2674806189746337],[103.83421566643693,1.2674921974709594],[103.83449612845008,1.2675023416220998],[103.83478923373276,1.2675126358601436],[103.8359047579356,1.267553256351449],[103.83714568872945,1.267597972949944],[103.83833302651938,1.2676419854585865],[103.83892146910354,1.2676622872428454],[103.83905629138671,1.26765959193875],[103.83928295635859,1.2676409615050712],[103.83944916437949,1.2676198496182056],[103.83944918504581,1.267619871322914],[103.83944921469735,1.2676198441918882],[103.83945091921528,1.267619627140245],[103.83945066133342,1.2676184758841629],[103.83991490024223,1.267179304228578],[103.84005730129127,1.2670453809650704],[103.84157620836567,1.265617408581678],[103.84218917485377,1.2650427087933895],[103.84337870398514,1.2639211127188212],[103.84380182849783,1.26352318499126],[103.84414038516167,1.2632047892205325],[103.8444806363677,1.2628847999068138],[103.84481106747528,1.2625740459677717],[103.84520388240595,1.2622046219222973],[103.84522998466473,1.2621846353346489],[103.84523710102847,1.2621828175281322],[103.8453209040348,1.262103990874167],[103.84537245078373,1.2620555031023466],[103.84537249211601,1.2620554660231826],[103.84576869972958,1.2616827816400842],[103.8458988307851,1.2615603761053558],[103.84591953289137,1.2615474978463193],[103.84594348772218,1.2615430030352754],[103.84596742462615,1.261547606136558],[103.84598794715208,1.2615608911588134],[103.8459902833232,1.2615586031038069],[103.84608387576417,1.261659390511559],[103.84619136048396,1.2617751369490404],[103.84629287174256,1.261884450663204],[103.84652399601941,1.2621333425120422],[103.8467333191409,1.262358745379129],[103.84673827916036,1.262382864769135],[103.84673923171968,1.2624054196284078],[103.84673383165831,1.2624279383460055],[103.84672236649226,1.262447680694357],[103.84590435431804,1.2634850801362976],[103.84590363819218,1.2634859890266383],[103.84550287719637,1.2639942332466092],[103.84474207062765,1.264959078457622],[103.84474165730484,1.2649596011824447],[103.84428335141821,1.2655408195841615],[103.84434490924967,1.2655967172200637],[103.84434035370877,1.2656017907273478],[103.84441818403855,1.2656724592859334],[103.84558946995531,1.266736121093608],[103.84570064866524,1.2668370847769523],[103.8467280798048,1.2656912491600825],[103.84675807805618,1.2656577938287705],[103.8472054226435,1.2651588930694238],[103.84788433096723,1.2644017811563406],[103.84888159756689,1.2632896414920007],[103.8501570431833,1.2618682194675261],[103.85016057079348,1.261864288169771],[103.85038727498355,1.2616116369377313],[103.85117376272981,1.2607378070039454],[103.85119563290715,1.2607268730797663],[103.85121291435516,1.2607262281481133],[103.85121311113348,1.2607262209118455],[103.8512201088934,1.260725959501971],[103.85125973416797,1.260732452568692],[103.85202142049376,1.2614251473826534],[103.85205083321604,1.2614518964787098],[103.85205828199041,1.2614446072426457],[103.85206609746713,1.2614515156304877],[103.8520661181335,1.2614515337176417],[103.85206964851126,1.2614581545484334],[103.85206986150686,1.2614642544889958],[103.85206987319025,1.2614645990519906],[103.8520699001517,1.2614653713795134],[103.85206695301638,1.2614720998766762],[103.85205117492762,1.2614896265851556],[103.85205639902742,1.26149484925537],[103.85205661108238,1.261495060875245],[103.85204320240278,1.2615100137436603],[103.85202702626783,1.261528052325485],[103.85200497827549,1.2615526376480615],[103.85200495940649,1.2615526584485912],[103.85195816694865,1.2616048370306665],[103.85076015827289,1.2629407254710765],[103.85066952311536,1.263041793394243],[103.85066861290906,1.2630428071935398],[103.85066856977984,1.263042856029542],[103.85121830410861,1.2635414920213484],[103.85134141830265,1.2635413672674631],[103.85148369459549,1.2635412233814025],[103.8517573057535,1.2635409456118671],[103.8517724837935,1.263545639157918],[103.85179705793574,1.2635716213891224],[103.85179600948778,1.2639730880173043],[103.85181427698166,1.264019770304046],[103.85184242013857,1.2640512492396152],[103.85184245428306,1.2640512872227037],[103.85184430617308,1.264053358205296],[103.85184347078042,1.2640876065142248],[103.85179057365248,1.2641408197303152],[103.85174349145079,1.2641409557214072],[103.8517446049998,1.2640513304278385],[103.85174701170246,1.2638576362256202],[103.85165519067861,1.2638574749977591],[103.85165857204542,1.2641408749330465],[103.85157062278753,1.264140650369279],[103.85156911923855,1.2653844045818714],[103.85156876456954,1.2656777272332587],[103.85156651412855,1.2675325970343165],[103.85156638816362,1.2676367247154237],[103.85156595219401,1.26799621884381],[103.85156581997525,1.2681054480474845],[103.8526131914433,1.2681059025408703],[103.85345946460872,1.2672739245944857],[103.85430573723389,1.2664419463731666],[103.85435652103197,1.26639201958607],[103.85439305330601,1.2663561060499258],[103.85443185166571,1.2663184524964792],[103.85448058683846,1.2662728603450966],[103.85453922289511,1.2662209466001175],[103.85462001845791,1.2661548097227633],[103.85467929342016,1.2661094960249946],[103.85478693167833,1.2660341732848392],[103.85487492726185,1.265978611983726],[103.85494641061565,1.2659370775190324],[103.8550386554081,1.265887876575668],[103.85513139532863,1.2658434551937536],[103.85520409716607,1.2658115549118263],[103.85526151772432,1.265788408106584],[103.85532689208604,1.2657641144974072],[103.85539910068675,1.265739616441606],[103.85547758913692,1.2657155668948734],[103.85553875213455,1.2656987849720736],[103.85561884180788,1.2656794200178558],[103.8556948090408,1.2656635658417796],[103.85578997522066,1.2656470296050835],[103.85586341313113,1.2656369561470355],[103.85595597991139,1.2656271529241925],[103.8560744846635,1.2656198762650626],[103.856295633404,1.2656214723171564],[103.85644647113669,1.2656336871309206],[103.85659781662586,1.2656553389797132],[103.85681497989336,1.265703264736197],[103.85702215702845,1.2657683355171088],[103.85719227331622,1.2658372782109406],[103.85735916310485,1.2659197158574416],[103.85747962827638,1.2659892631101652],[103.85761788914255,1.2660846488007673],[103.85782613454872,1.2662311765620615],[103.85909553105716,1.2671510055247404],[103.85909618070151,1.2671514775967463],[103.85909630648085,1.2671499238965083],[103.86085371592972,1.2646994131455274],[103.86172527613148,1.265338360137277],[103.85997058242633,1.2677850848582266],[103.8626935633002,1.2697582049072031],[103.86289406659618,1.2699034933502165],[103.8628952481786,1.2699043488658046],[103.86322393568817,1.2701425222173977],[103.86311561013657,1.2702964816506943],[103.86311457054903,1.2702979575862394],[103.86306531368727,1.270367963234544],[103.863065949855,1.2703684244532802],[103.86310882289348,1.2704000143264502],[103.86310965494349,1.2704006283805627],[103.86338397718023,1.2706027570675213],[103.86341298032768,1.27062412596576],[103.86371753227407,1.2708485287682025],[103.86374653991967,1.270869902184263],[103.86382724161297,1.2709293659307557],[103.86384813093346,1.2709451486583785],[103.86412335638053,1.2711530932224653],[103.86435947515174,1.2713036490426997],[103.8644073854512,1.2713388915620096],[103.86445851344006,1.2713770325307765],[103.86447379855349,1.2713884436212413],[103.86471630811327,1.271569384180598],[103.86474774543869,1.2715928412117647],[103.86516530653063,1.2719043906639784],[103.86523910297521,1.2719580909324262],[103.86567053044166,1.272274703664742],[103.86610095347753,1.2725934949487405],[103.8662585499618,1.2727104562436167],[103.86642853558318,1.272836635559225],[103.86642700988342,1.2728376783115907],[103.86708875784058,1.2733234564874785],[103.86742092187474,1.2735751458651232],[103.86746193233724,1.2736054686717135],[103.86766590191756,1.273756250693191],[103.86831460617306,1.2742331858319964],[103.86889642290174,1.2746558507963368],[103.86932889278216,1.2749813527731853],[103.86944562282166,1.275068757986094],[103.86990363846756,1.2754115599984515],[103.87015166662108,1.2755878596424826],[103.87026938954465,1.2756715379142007],[103.87031538788204,1.2757042336538464],[103.87036664990502,1.2757410315150457],[103.8707419905574,1.276021957926623],[103.87084996876516,1.2760969100970463],[103.87105622099175,1.2762459011583278],[103.87115933817202,1.276323376564456],[103.87125066651492,1.276397849650086],[103.87135077408932,1.276507999791838],[103.87139493790646,1.2765585983432526],[103.87155066580391,1.276729204432138],[103.87159000437597,1.2767723058681324],[103.87169014819524,1.2769009683415622],[103.8717820078115,1.2770495450473927],[103.87183013481005,1.2771415724805375],[103.87187221922711,1.2772386490722611],[103.8719351504203,1.277383814039704],[103.87201042051925,1.2776017277280085],[103.87201347927147,1.2776105823169892],[103.87205225362557,1.2777765145743412],[103.87210638939888,1.2783035332157422],[103.87210951931998,1.2785042840550398],[103.87207032902221,1.2787643338290846],[103.8719903540174,1.2790187057145268],[103.87191792615384,1.2792356548701123],[103.8717914524766,1.2795355260428751],[103.87171621211382,1.2796889255247155],[103.8716864435632,1.2797496178907561],[103.87161276915809,1.279890778578032],[103.87161352303954,1.2798913347510243],[103.87161237474089,1.279893535087694],[103.87156933869908,1.2799759920935596],[103.8717594210632,1.2801161585343905],[103.87176710707715,1.2801108733109323],[103.87177558202829,1.280106998884557],[103.87178459342918,1.2801046483046343],[103.87179387171958,1.2801038930200381],[103.87180314104869,1.2801047556440772],[103.8718121246665,1.2801072099543471],[103.87182055480768,1.280111183605703],[103.87182817987986,1.280116557225806],[103.87183380930135,1.2801220520609098],[103.87183858692038,1.2801283101927126],[103.87184241209876,1.2801352004898563],[103.87184520396586,1.2801425755420963],[103.87184690321588,1.2801502807039888],[103.87184747390488,1.280158152286054],[103.8718466446949,1.2801675658311489],[103.87184420440224,1.2801766918126234],[103.87184022849995,1.2801852534936875],[103.87183483648968,1.2801929913198689],[103.87182819280034,1.2801996692494908],[103.8718204987014,1.2802050865105024],[103.8718119869117,1.2802090776006605],[103.87180291620837,1.2802115222355086],[103.87179356244143,1.280212345348629],[103.87178420864996,1.2802115225178903],[103.87177513787377,1.2802090781568782],[103.87176662596514,1.2802050873236817],[103.87175893170473,1.2801996702949443],[103.87175228781638,1.280192992565884],[103.87174689557553,1.2801852549024748],[103.87174291941808,1.2801766933414307],[103.87174047885347,1.280167567433617],[103.87173964936298,1.2801581539135463],[103.87173992513247,1.2801526689372436],[103.87174007067648,1.2801513829283842],[103.8717413572818,1.2801446037909103],[103.87174348851595,1.2801380434969527],[103.87156583755998,1.2800072334261272],[103.87155658970813,1.2800004236983509],[103.87154801700208,1.280016844377561],[103.87144282788746,1.2802001335553541],[103.87143258028252,1.280214998751883],[103.87143333958953,1.280217880046607],[103.87144452072256,1.2802602927770843],[103.8714561038248,1.280324531440154],[103.87145894411054,1.2803858572751388],[103.87145116924962,1.2804594066627872],[103.87144334887502,1.2804932481084017],[103.87175474871523,1.2807229656392964],[103.87175742459092,1.2807249389227824],[103.87251573360311,1.2812843366406566],[103.87251635899273,1.2812847978570483],[103.8725167201998,1.281284447862346],[103.87327385064212,1.281842976265414],[103.87327527394325,1.281844026210506],[103.87368369042852,1.282145310677689],[103.87385669169565,1.2819900583524346],[103.87386865145494,1.2820035585182215],[103.87369999190273,1.2821573366609187],[103.87375042475797,1.282194540519761],[103.87399437541524,1.2819756152603337],[103.87419585991412,1.2817948023979588],[103.87421602707086,1.2818175694554033],[103.87421633885971,1.2818173180369965],[103.87434235455606,1.2817155641282458],[103.87464345446,1.2814724361837957],[103.87468966209094,1.281435124963475],[103.87521638460139,1.281009812627661],[103.87530727143536,1.2809364246492476],[103.87554987487266,1.2808237223283858],[103.87559639542708,1.2808021117624857],[103.87581753293004,1.2806993822023813],[103.87612493478512,1.2805565778721888],[103.87667304163509,1.280479697607642],[103.87673308468614,1.2804828220697482],[103.87682846919532,1.280467074844565],[103.87692482490013,1.280459371897922],[103.8770214832762,1.2804597666735433],[103.8771177736992,1.2804682564324408],[103.87721302809767,1.2804847822719185],[103.87730658558822,1.280509229534245],[103.87739779706068,1.2805414286021584],[103.87748602968186,1.280581156075688],[103.87750411079423,1.2805943714204036],[103.87752098067385,1.2806091028778528],[103.87753651327995,1.2806252403841896],[103.87755059256303,1.2806426633704862],[103.87756311333186,1.2806612416635461],[103.87757398203944,1.2806808364584736],[103.87758311748185,1.2807013013557342],[103.87759045140503,1.2807224834549558],[103.87759592901467,1.2807442244973002],[103.87759950938566,1.2807663620478713],[103.8776011657678,1.2807887307093215],[103.87760088578567,1.2808111633575936],[103.87759867153112,1.2808334923905624],[103.87759453954762,1.2808555509802488],[103.87758852070665,1.2808771743192495],[103.87758065997708,1.280898200852071],[103.87757101608915,1.2809184734821661],[103.8775596610957,1.280937840745659],[103.87754709876303,1.2809519751161456],[103.87753336238242,1.2809649559768093],[103.87751855610581,1.2809766849041946],[103.87750279219733,1.280987072967254],[103.87748619018205,1.2809960414016388],[103.87746887593973,1.281003522206906],[103.87745098075038,1.2810094586621104],[103.87743264029886,1.2810138057558744],[103.87741399364612,1.2810165305276733],[103.87739518217475,1.2810176123177484],[103.87737634851705,1.2810170429237533],[103.87735763547354,1.281014826662946],[103.87733918493021,1.2810109803394545],[103.87732113678274,1.281005533116864],[103.87730362787576,1.2809985262970933],[103.87728679096524,1.2809900130072363],[103.877270753712,1.28098005779674],[103.87725563771363,1.2809687361479798],[103.87724155758264,1.2809561339039355],[103.87722862007736,1.280942346617314],[103.87721692329252,1.2809274788260494],[103.87720655591545,1.2809116432606755],[103.87719759655367,1.2808949599895814],[103.87719011313881,1.280877555508628],[103.87718416241161,1.280859561782032],[103.87717978949168,1.2808411152417876],[103.87717702753532,1.280822355753211],[103.87717589748428,1.2808034255544554],[103.87717640790679,1.2807844681780314],[103.87717855493275,1.2807656273625176],[103.87697461644169,1.2807250329267124],[103.87676799616283,1.2807019558514505],[103.87656017670442,1.280696561726779],[103.8763526492794,1.2807088892583534],[103.8761469030052,1.2807388499897092],[103.87594441421862,1.2807862289369818],[103.87594432885791,1.2807862524518858],[103.87617432486049,1.2809438260005184],[103.87645899403091,1.2811426276831812],[103.8768668857255,1.2814269728911802],[103.8768926336418,1.2814449222807294],[103.87708329657069,1.2815686903595997],[103.87734695775829,1.28175030032603],[103.87763186959945,1.2819425994840052],[103.87784161694921,1.282083255276322],[103.87785983053462,1.2820954693066648],[103.87841603325991,1.2824684556670578],[103.8786131660104,1.2826034285883217],[103.87879716204124,1.2827324690962723],[103.87892064971882,1.2828177303835753],[103.87897761779085,1.2828582991592086],[103.87902935622749,1.2828908734441042],[103.879077491674,1.2829318312528912],[103.87912305741715,1.2829793095759814],[103.87918778016845,1.2830357769371714],[103.8792599339685,1.2830995423849438],[103.8794953099382,1.2833078766011223],[103.87967842605802,1.2834682261604045],[103.8798710222596,1.2836547388003188],[103.88005724743321,1.283818443465896],[103.88009841650559,1.2838575040249665],[103.88010552029127,1.2838539822983772],[103.88011597291563,1.2838495660935247],[103.88012319981863,1.2838470084173133],[103.88012961535189,1.2838450575846792],[103.88013436410783,1.2838438004304091],[103.88013956033728,1.2838426020515714],[103.88014393261246,1.2838417337809833],[103.88014991686455,1.2838407506263894],[103.88015525686963,1.2838400686370643],[103.8801600299007,1.2838396136537147],[103.88016598630931,1.2838392481806233],[103.88017151052475,1.283839108806642],[103.88017670587823,1.2838391521203572],[103.88018196143699,1.2838393690709657],[103.88018616930073,1.2838396683380586],[103.88019079139387,1.283840126765676],[103.88019562734237,1.2838407534011766],[103.88020100331731,1.2838416269182304],[103.88020593990845,1.2838425972103802],[103.88021230338907,1.2838440892945984],[103.8802157906361,1.283845024343259],[103.88022116932012,1.2838466358217544],[103.88022578154919,1.283848184008851],[103.88023072534445,1.2838500206821286],[103.88023595038806,1.2838521675472792],[103.88024027778754,1.2838541127556713],[103.8802449250727,1.2838563771988545],[103.88024911679753,1.2838585828667568],[103.88025329864128,1.2838609449898994],[103.88025718845964,1.2838632944573283],[103.88026117262854,1.2838658618748802],[103.88026482972816,1.2838683687060402],[103.88026852097555,1.283871055505102],[103.88027170274694,1.2838735035613313],[103.88027531942025,1.2838764453926026],[103.88027828284845,1.2838789902198746],[103.88028453049624,1.2838847897946901],[103.88099439698887,1.2846114054986468],[103.88103247511128,1.2846503828977964],[103.88104790332412,1.2846661746225092],[103.88106446830824,1.284688372844568],[103.88107001606727,1.2846979246391366],[103.88107335965373,1.2847044776021401],[103.88107705190392,1.284712671980316],[103.8810803622813,1.2847212100242182],[103.88108288642015,1.284728851857593],[103.8810852119962,1.2847372678307918],[103.88108674413095,1.2847440107444037],[103.88108833830594,1.2847529630195411],[103.88108938795557,1.2847613464596108],[103.88108979508208,1.2847660961748102],[103.88109012855651,1.2847723607020796],[103.8810902283877,1.284777387158626],[103.88109017098047,1.2847827346675724],[103.88109004255416,1.2847862255173266],[103.88108974073575,1.2847911154223701],[103.8810893310867,1.2847956878974687],[103.88108833115858,1.284803560410083],[103.88108767619791,1.2848075739924814],[103.8810870508769,1.284810933718702],[103.88108603112431,1.2848157585230067],[103.88108527191801,1.2848189617966828],[103.88108438692034,1.284822386642045],[103.88108343992253,1.2848257635572633],[103.88108217216045,1.2848299082840482],[103.88108088103132,1.2848337844149886],[103.88107876597662,1.2848395461616025],[103.88107769856171,1.2848422321445268],[103.88107676133959,1.2848444854252499],[103.88107579178937,1.2848467248068234],[103.88107479011447,1.2848489498194287],[103.8810687344662,1.2848608840608522],[103.88106175620557,1.2848722965296557],[103.8810538994206,1.2848831151228899],[103.88104521374977,1.2848932714896588],[103.88103575406834,1.2849027014629526],[103.88103542071592,1.2849030089531788],[103.8810344503097,1.2849038889181519],[103.88360775229462,1.2876240972905488],[103.88366142415083,1.2876824738602768],[103.88385661832808,1.2878532646436676],[103.8839301218437,1.2879097959078503],[103.88399358932581,1.2879542396341628],[103.88409316130509,1.28801090060024],[103.88419437377209,1.2880548787210706],[103.88430122785316,1.2880825049091282],[103.8844016112599,1.2880957382616434],[103.88455182943444,1.2881047372723258],[103.88468797624307,1.2881026029278302],[103.88484403869612,1.2880753476377178],[103.88502250361032,1.2880062062382993],[103.88517519362453,1.2879242667877304],[103.88517941451842,1.287902052795703],[103.8851799782533,1.2878749100919153],[103.88518506888822,1.2878504234140427],[103.88519859125,1.2878172401943044],[103.88521395029147,1.2877872005079603],[103.88524114785474,1.287769677888236],[103.88527774948345,1.2877493253188366],[103.88531090635621,1.287741227863162],[103.88534325468929,1.2877403752878052],[103.88537075375736,1.287747272311201],[103.88540322989424,1.2877568208287378],[103.8854781046483,1.2878151444690582],[103.8860533084485,1.2883204697417596],[103.8860738028112,1.288342378449336],[103.88609035274978,1.2883724771638576],[103.88610551077531,1.2883989738234447],[103.88611397925219,1.2884296234641794],[103.8861158130843,1.2884689497161952],[103.88610377804847,1.2885134220913488],[103.88609056545909,1.2885352944221544],[103.88604882369523,1.2885760631389989],[103.88708811860491,1.289505319196644],[103.88818665392431,1.2904641444127873],[103.88837292592095,1.2906269250604951],[103.88846136985009,1.290692317726172],[103.88856959698258,1.290758370142268],[103.88868796921578,1.2908089197159323],[103.88879307587924,1.2908406379942092],[103.8889017209019,1.2908677891497877],[103.88898632865934,1.2908771456510166],[103.88908257334474,1.2908827406410006],[103.88919752266503,1.2908745373256445],[103.88931281233363,1.2908572831182898],[103.88941544502156,1.2908343063685437],[103.88954069434921,1.290786626397329],[103.88968356613078,1.2907102351696844],[103.88977623304139,1.2906444143630675],[103.8898598290259,1.29057192225971],[103.88985548314241,1.2905475524486718],[103.88985340701353,1.290524964184777],[103.88985444157368,1.2904996247747347],[103.88986313352991,1.290475545877443],[103.88986963404447,1.2904560177909612],[103.88988419352287,1.2904341291330266],[103.88990101915124,1.2904135680312703],[103.88992102118158,1.290395682872669],[103.88993750195965,1.2903837195710226],[103.88995491998575,1.2903749106714202],[103.88997687211932,1.2903692117793646],[103.89000157568523,1.2903680029948457],[103.89002808173421,1.290367222838379],[103.89005963147375,1.2903745221602458],[103.8900903267812,1.2903854498109715],[103.89015748940787,1.2904379891620779],[103.89074874314211,1.2910055286803914],[103.8907822961151,1.2910295378884342],[103.89080554917231,1.2910563870345688],[103.89082062894718,1.2910765531134636],[103.89083123672353,1.2910985840934253],[103.89083696373613,1.2911256497811072],[103.89083815213601,1.2911491532806596],[103.89083484422561,1.2911722607709377],[103.89082931427356,1.291197656353739],[103.8908193249223,1.2912258212018375],[103.89078349752542,1.2912723958795063],[103.89147354776432,1.291906556580198],[103.8922099901926,1.29258537260017],[103.89258770655387,1.292929412000564],[103.89291989637474,1.2932260727659182],[103.89308951523701,1.2933867969084112],[103.89317166238538,1.2934518142359284],[103.89324318552461,1.2934934449508022],[103.89332821109888,1.2935367176679893],[103.89340500846103,1.2935687855039042],[103.89351153602253,1.2936063638243784],[103.89360935819188,1.293630482693765],[103.89367648500209,1.2936436739552888],[103.89375668118139,1.293659870104549],[103.89384614729808,1.2936623820919284],[103.89392926690535,1.293660451991015],[103.89402764731751,1.2936569750570386],[103.89413306661659,1.293641198594553],[103.8942307843922,1.293620544172523],[103.89429350405304,1.2936043907100176],[103.89437801291282,1.2935694268448428],[103.89447850826048,1.2935188858181303],[103.8945842733139,1.2934583315377162],[103.89466451545317,1.2934053284116944],[103.8946637474795,1.2933795576644453],[103.89466658087261,1.2933541946979232],[103.89466849231827,1.2933270347818975],[103.89467587423881,1.2933061383601758],[103.89468727258708,1.2932829320942385],[103.89469740684966,1.2932665239656647],[103.89471074182684,1.2932546005018914],[103.89473168289543,1.2932398688016598],[103.89474505748423,1.2932311106119005],[103.89477012031602,1.293222658716919],[103.89479386324412,1.2932164858519506],[103.89481904941528,1.2932179837698188],[103.89485239088282,1.293224809098806],[103.89488634367493,1.2932447422689581],[103.89497489408912,1.2933187261518537],[103.89552363901325,1.2937556291678804],[103.89554685163287,1.2937793138965166],[103.89556544369633,1.2937926519068965],[103.89558452824922,1.2938096028403998],[103.89559739503484,1.2938325100706434],[103.89560639034492,1.293869486592005],[103.89560148976847,1.2939093465699798],[103.89559236658985,1.2939347874676994],[103.89556908012214,1.2939780410745263],[103.89562361114821,1.2940266655877812],[103.8956861417201,1.2940679546029885],[103.89581270196115,1.2941269937971436],[103.89605052560054,1.2942421017094332],[103.8962924035164,1.2943585144945084],[103.89636612266506,1.2943960473873455],[103.89647976210442,1.2944272071271101],[103.89668358707223,1.2945192147469895],[103.89677566781829,1.2945515434534824],[103.89681683238757,1.2945731983238398],[103.89688195237603,1.2946058614158227],[103.89694339896745,1.2946322392670193],[103.89698217762755,1.2946426140591059],[103.8970759852329,1.2946690444467326],[103.8971215749916,1.2946852151349326],[103.89715001321696,1.2946952655193544],[103.89718398225335,1.2947165561068588],[103.89723945058384,1.2947683340770397],[103.8972734592371,1.2947927899372065],[103.89729803229781,1.294817360890722],[103.89732336884784,1.2948310686009252],[103.89734498787884,1.2948348727121892],[103.89736253555773,1.2948364639473604],[103.89753595780282,1.2949048764992612],[103.89798526404996,1.2950775217104995],[103.89809863254384,1.2951231584445495],[103.89818208623753,1.2951483582158967],[103.8982430502678,1.2951720283797985],[103.89832808678153,1.295216205284818],[103.89840403613037,1.295252353475813],[103.89849772855173,1.295305921069477],[103.89863788228476,1.2953733884377863],[103.89879285296794,1.2954397656538235],[103.89880351515664,1.2954428691547004],[103.89888295232701,1.2954659943947555],[103.89892996983069,1.2954796816274434],[103.89902744909173,1.295512398079812],[103.89914704708877,1.2955529810146738],[103.89921734768222,1.295568394968795],[103.89929198431535,1.2955710898287722],[103.89940418057834,1.2955945786522718],[103.8995380904298,1.2956295595603733],[103.89966296893887,1.2956610317659192],[103.89979950868941,1.2956905520392819],[103.90037891210015,1.295812047050958],[103.90052905399158,1.2958409456233233],[103.90057074925873,1.2958477670335316],[103.90059312675756,1.2958548114328667],[103.90062084620331,1.2958659895380074],[103.900657047118,1.295881786908342],[103.9006904815857,1.2959038796313862],[103.90077342298095,1.2959563929353897],[103.90080917910691,1.2959717327070424],[103.90084533968547,1.2959911457236755],[103.90101805838029,1.2960876629712623],[103.90107523251159,1.2961154615883654],[103.90113235464875,1.2961477793133618],[103.90121192780262,1.2961808154010581],[103.90130987177317,1.296217685494107],[103.9014230667707,1.296256542963061],[103.90150497234433,1.2962819208220335],[103.90160219079847,1.2963038652964318],[103.90168143481696,1.2963265002851123],[103.90173827533371,1.2963443499851433],[103.90178885384177,1.2963598656902389],[103.90184160429978,1.296381734493526],[103.90197793282242,1.2964398515505133],[103.90201809830906,1.2964624767416781],[103.90205565153563,1.2964778372460972],[103.90210934805458,1.2964956499443254],[103.90215596201088,1.2965043378006431],[103.9022639701628,1.296525505104655],[103.90233928549196,1.296538148764228],[103.90238411491785,1.2965459115006226],[103.90244490744607,1.2965714933892654],[103.90260234009344,1.2966303107134],[103.90280614198593,1.296719059392042],[103.90293078859455,1.2967774896276973],[103.90298268265916,1.2967957337381506],[103.90305648972763,1.2968223715482325],[103.90314464300542,1.2968514416974997],[103.90323192911607,1.2968777870184776],[103.90336888445451,1.2969205433542788],[103.9035330382853,1.2969807965607743],[103.90367967591484,1.2970408440510748],[103.90385126658212,1.297118362243566],[103.90400854242283,1.297190740420382],[103.90407508587364,1.2972240734110632],[103.90413845394825,1.2972600806940433],[103.90421611982748,1.2973025863328844],[103.90433434940996,1.2973722416437663],[103.904354852758,1.2973860461830187],[103.90444910804928,1.2974141502512735],[103.90450683185705,1.297431361380144],[103.9052710693734,1.2976644810776057],[103.9053256554618,1.2976811324754376],[103.90543934378299,1.2977166553517026],[103.9056375890184,1.297765337002388],[103.9058304429212,1.2978112704300364],[103.90607142928737,1.2978633638824515],[103.90621307556569,1.2978904346309694],[103.90638034309033,1.2979235394482778],[103.90655167734934,1.2979539491307726],[103.90672437375176,1.297982552746519],[103.90689168509333,1.2980079550589971],[103.9070302043226,1.2980304778051328],[103.90717412470025,1.2980530320375254],[103.90735091464217,1.298073504351872],[103.9074804492465,1.2980928050882383],[103.90761178541939,1.2981116626261673],[103.90776110068805,1.2981351535860324],[103.90789555946316,1.298159465235943],[103.90802774414587,1.2981878420624808],[103.90813925497653,1.2982106676066398],[103.90830379739039,1.2982482869595746],[103.90842695811287,1.2982802380804577],[103.90858490255987,1.2983189184306543],[103.90858789203618,1.2983196499716179],[103.90881758940309,1.2983789277603799],[103.9089479000924,1.2984190739868808],[103.90921889872463,1.2984980656299145],[103.91033373462376,1.2987711613876454],[103.9104425623467,1.2987907990259133],[103.91058916417923,1.2988178974049085],[103.91071909805197,1.2988458084076622],[103.91086431537161,1.2988774313458558],[103.91102031444768,1.2989131895983885],[103.91111187133549,1.2989349747012289],[103.911170464905,1.298948916369491],[103.91131519635842,1.2989882372420547],[103.91144507572668,1.2990256621167924],[103.91160908946168,1.2990786825816143],[103.91174701918713,1.2991256663162145],[103.91188944975231,1.2991735823013466],[103.91203409097908,1.2992292124332383],[103.91216527263944,1.2992757070944614],[103.91229011973725,1.2993276010005061],[103.9124199080606,1.29938360055662],[103.91253262470994,1.2994318023141023],[103.91266956476805,1.2994946377179404],[103.9127795679506,1.2995469019522288],[103.9129003170539,1.2996064767187627],[103.91300130786162,1.2996591427659605],[103.9131148695057,1.2997182239669234],[103.91323923971471,1.2997764592379961],[103.91336085171204,1.2998446444022889],[103.91351747605002,1.2999306959595327],[103.91365567373566,1.3000098487039644],[103.91381992689209,1.3001009273556665],[103.9139680078574,1.3001855719665052],[103.9140251051649,1.3002206712067492],[103.91405279883767,1.300237694061892],[103.91411921588188,1.3002738592449836],[103.91428874240752,1.300386258072628],[103.91448434406955,1.3005069608178403],[103.91457319639007,1.3005559355764393],[103.91464956010469,1.3005849062075203],[103.9147236774452,1.300613410257281],[103.91481359182187,1.3006333964925734],[103.9148774758717,1.3006410010208358],[103.91494857600169,1.300644571849738],[103.91503588585972,1.3006477804030514],[103.91509800042829,1.3006476743769124],[103.91515204683454,1.3006434465219334],[103.9152168847889,1.3006401841740929],[103.91527492905284,1.3006432281758153],[103.91534010734404,1.3006612626783773],[103.91541153885602,1.3006870347117567],[103.91548646361241,1.3007313985408624],[103.91555198058157,1.300774824850698],[103.91561020328457,1.3008217983130483],[103.91566217116288,1.300866940642445],[103.91571326816236,1.3009061901643768],[103.91577511925368,1.3009550129273242],[103.91582978365523,1.300999718356447],[103.91592621836321,1.3010618748221354],[103.91596380333584,1.3010820182884462],[103.91618902359654,1.3012225824581727],[103.91639172865915,1.301323707140744],[103.91659579039167,1.3014203262201254],[103.91683923503179,1.3015346414656475],[103.9171104626654,1.3016481309775545],[103.91732886874199,1.3017425338225808],[103.91749494957855,1.301800715017513],[103.91761897768802,1.3018335265936918],[103.91768616840972,1.3018409256459935],[103.91772608311554,1.301827506256204],[103.91776342655785,1.301771237291126],[103.91780701876364,1.3017235523361337],[103.91788330561073,1.301681821513221],[103.91796579151855,1.3016671653221923],[103.91804547446687,1.3016944427637882],[103.91812874617422,1.3017208283785935],[103.91830732634003,1.3017957298776932],[103.91851460398095,1.3018630436800935],[103.91867892597091,1.301908592700717],[103.91888404520449,1.30194568451614],[103.91909096591873,1.3019796263536645],[103.91925534469817,1.3020035266734877],[103.91950863060718,1.3019927876980983],[103.91950883367147,1.301992586922363],[103.91950752830492,1.3019990332721407],[103.91948357501441,1.3021347383999],[103.91946856247836,1.3022244508967002],[103.91946508401918,1.3022452559045852],[103.91943651429685,1.3024161382277955],[103.91934362921974,1.3029255179759314],[103.91917678202472,1.3037493032233376],[103.91914124610373,1.3039276766275811],[103.91912689607715,1.303999715118998],[103.91907763719941,1.3042469770933618],[103.9187810804126,1.3056603522423542],[103.91859389491368,1.3065552157174616],[103.91856194810877,1.3066918345179641],[103.91852024252029,1.3068116442422155],[103.91832481726664,1.3073078535895333],[103.91825976348727,1.3074711775673347],[103.91694977707759,1.3072360827109686],[103.9166024991406,1.3071678437973149],[103.91652608893868,1.3071528149152356],[103.91598492174103,1.3070296133291885],[103.9147657656569,1.3067227521132672],[103.91355447316639,1.3064207120979978],[103.9133828009557,1.3063788202383653],[103.91320010619346,1.3063341378522169],[103.91211892925385,1.3060714300688712],[103.91187628487589,1.306012478610971],[103.91163981805998,1.3059550263704627],[103.91054835798978,1.305736352593426],[103.91015804800816,1.3056057961779945],[103.90998325114901,1.30554733713054],[103.90990923160719,1.3056956939756537],[103.90952514297337,1.3063933347870955],[103.90906232595695,1.307233967827917],[103.90901789363232,1.3073211742792314],[103.90868826213001,1.307967356828035],[103.9085351565506,1.308257457894672],[103.90842927365348,1.3085026938438051],[103.90821543108551,1.309108517416322],[103.90805750626299,1.3098161345036647],[103.90802237672273,1.3100313271526487],[103.90801732240958,1.3100622909174233],[103.90797713917803,1.3101778852103776],[103.90783738373338,1.3105799054027345],[103.90766298830256,1.311072822436237],[103.90721535968072,1.3121224469147372],[103.9071922648679,1.3121728939269945],[103.90680110969679,1.313100055835947],[103.90677113523711,1.3131696493377474],[103.9067062069821,1.313323499844792],[103.90666952894559,1.313410332529388],[103.90647814309395,1.3138636171483378],[103.90636625445929,1.31412867595422],[103.90631662919586,1.314246209458729],[103.90624004422098,1.3144074426211805],[103.90618308124859,1.3145200294680917],[103.90608509015397,1.3147137308254058],[103.90589002015295,1.3152326497284734],[103.9058718753513,1.3152814714434338],[103.90585337924662,1.315331353083121],[103.90561005102714,1.3159228702910688],[103.90551904321097,1.3161423213808578],[103.90546127400624,1.3162804519972606],[103.90523247507787,1.3168687193710216],[103.90521657799202,1.3169337580712852],[103.90508759853216,1.317602214296155],[103.9050861673533,1.3176096310264898],[103.90506946488824,1.3178222637564696],[103.90504318689275,1.3182033698211977],[103.90498657799158,1.3188248621293426],[103.90494236219294,1.3192998453067037],[103.90498286786472,1.3198296250569452],[103.90506386876261,1.3205224152284116],[103.90531585916919,1.3224469694019814],[103.9054706401934,1.3236290924147858],[103.90549055183891,1.3237747324045916],[103.90559205967385,1.3245858362327196],[103.90561037462882,1.3247321889052253],[103.90572131531562,1.3255963451393027],[103.9057843928661,1.3260908358914696],[103.90579364738248,1.326163390020343],[103.90584924819217,1.3265992691641812],[103.90585311308814,1.3267609955385795],[103.90584108598665,1.3271944529784758],[103.90575321058266,1.327643424302984],[103.90565901251517,1.328016546812515],[103.90563524569563,1.3280763883654363],[103.90547064705297,1.3284908125253185],[103.90539529056697,1.328610962192047],[103.9052132022411,1.3289271765509176],[103.9048230469718,1.3294532735984574],[103.90475281336649,1.329520571168952],[103.90468960266874,1.3295811237875426],[103.90426764384354,1.3299853098112495],[103.90396063592388,1.3302867974183568],[103.90379075705665,1.3304513187588787],[103.90329235273478,1.3309297623351217],[103.90322794604575,1.330992362433185],[103.9030837246506,1.3311325791214903],[103.90259883401471,1.3315996479988388],[103.9025265300848,1.3316694190046954],[103.90231811298912,1.3318705409473057],[103.90216652080554,1.3320167971358308],[103.90205957395663,1.332119990775318],[103.90147135070261,1.332682089288355],[103.90128613454192,1.332864521823799],[103.90096645377766,1.3331738511779587],[103.90057590733367,1.333547476387712],[103.90025910527773,1.3338534874663448],[103.90015089494209,1.3339582664135898],[103.89997782219928,1.3341265000122071],[103.89981180203735,1.3342885113838434],[103.89979748391107,1.3343024661087663],[103.89966445865048,1.3344279845845641],[103.89938928271695,1.3346929426369778],[103.89913691960334,1.3349359619858825],[103.89875609660582,1.3353026646638884],[103.8981934595325,1.335844697545719],[103.89759667156854,1.3364187004731356],[103.89755455273821,1.3364592216091637],[103.89716905958318,1.336830444192171],[103.89675776877938,1.3372040702846864],[103.89620899603281,1.337763767323889],[103.89617617795152,1.3377972386807973],[103.89617530183187,1.3377962339550007],[103.89604900848545,1.3376500558124071],[103.8953772106743,1.3369016385353454],[103.89516281705227,1.3367041688621222],[103.8948250780758,1.336418771870232],[103.89471237053682,1.3363235334194206],[103.89440660698621,1.3360808830385087],[103.8941029888182,1.3358572368683581],[103.89390548073337,1.3357191815622351],[103.89373801374907,1.335602116689859],[103.89323702526495,1.3352815744792692],[103.89282396265727,1.3350418222875644],[103.89239595025727,1.3348155291293478],[103.89193325811252,1.3345885665901496],[103.89149668156762,1.3343939623892391],[103.89105519128898,1.3342168441027666],[103.89060689030444,1.3340524421566946],[103.89014946679526,1.3339083207027203],[103.88984823799713,1.3338190588053969],[103.8888719988695,1.3335601707632472],[103.88855486039542,1.3346435075977285],[103.88838961950867,1.3350543612362522],[103.88836599919894,1.335137980179979],[103.88817723164986,1.3355635383914743],[103.88812038276481,1.3356916962034568],[103.88810472891608,1.3357286488728146],[103.88807665029255,1.3357871844705167],[103.88776971608215,1.3364189394160542],[103.88772047286062,1.3365203640462795],[103.88755912504084,1.3368843036574187],[103.88733967438256,1.3374018218530581],[103.88707877441166,1.33797752501934],[103.88671752549976,1.3386542288414987],[103.88659711017024,1.338926931626572],[103.88642651864573,1.3391693338759585],[103.8861756470523,1.339532937120397],[103.88525244121669,1.3406641510147128],[103.88506195706921,1.340860550404748],[103.88479436968292,1.3408598145011692],[103.88439310697967,1.3408908878643429],[103.88395657052213,1.3409707812814802],[103.88368759262663,1.341037356205024],[103.8833965686534,1.3411527500346614],[103.88320696245587,1.3412281987010535],[103.88300853715324,1.3413169633910744],[103.88273515192571,1.3414367935939313],[103.8821462882124,1.3417142879261554],[103.88186078873323,1.3418452491909392],[103.88155331334364,1.3419862818586554],[103.88146071399454,1.342028749922389],[103.88146013083447,1.3420290176257315],[103.88140264149368,1.3420553845965046],[103.88124535000377,1.3421275225019589],[103.88073737260096,1.3423627765781698],[103.87943587325421,1.3429873492019102],[103.87858707620103,1.3434736273264087],[103.8774492936842,1.344162301717673],[103.87724942845817,1.344252620579134],[103.87700061623546,1.3443100983194474],[103.87656417370191,1.3443142119478049],[103.87638877947138,1.3442813730795289],[103.87607370208387,1.3441906419779717],[103.87601755603787,1.3441686216972282],[103.87572357376096,1.3440533213150336],[103.87493260757235,1.3437271932201247],[103.8746938836463,1.3436343055255775],[103.87465423800128,1.3436188994513505],[103.87450120229214,1.343560415006446],[103.87441620070764,1.343532712151798],[103.87431405820598,1.343506184352652],[103.87431239766097,1.3435058633313584],[103.87419869525823,1.343483938936405],[103.87408646390953,1.34346858019586],[103.8739796491496,1.3434571779530358],[103.87386812059744,1.3434491020359272],[103.87373227264193,1.3434491449963617],[103.8735363005073,1.3434672391517217],[103.87281817916318,1.3435266360155842],[103.87262314867304,1.3435427413852814],[103.87243135021511,1.3435533897533078],[103.872267312693,1.3435585038562357],[103.87203057522058,1.3435561354935082],[103.8718713339739,1.343546027233724],[103.87177932572556,1.3435364388135858],[103.87171651884937,1.343523893561629],[103.87166331575875,1.343509477931128],[103.87157530760265,1.343480543279314],[103.87151055702421,1.3434603715485665],[103.87144934404215,1.3434378104301061],[103.871364673077,1.343404521204076],[103.87125195968315,1.3433609913918947],[103.87113874836537,1.3433093069293234],[103.87100854055717,1.343242881587126],[103.87098234373461,1.343230216371517],[103.8709101339926,1.3431953036020758],[103.87064437914644,1.3430614473140712],[103.87038790562785,1.342932266417878],[103.87018099356601,1.3428327090039065],[103.87005261632612,1.3427764151742987],[103.86996688332164,1.3427443522322224],[103.86984697457535,1.3427186104030853],[103.86971333236978,1.3427018011799132],[103.86963356263381,1.3426979769120913],[103.86954034598493,1.342696865030655],[103.86947077502144,1.342700819947262],[103.86938942404126,1.3427121139531033],[103.86930021703934,1.3427296210554025],[103.86922307052293,1.3427479437129037],[103.86912926581122,1.342780946255031],[103.86870933541013,1.342970711553412],[103.86843244761938,1.3430943448855852],[103.86806478510721,1.3432585094780565],[103.86746388179166,1.343514977632858],[103.86630217342227,1.3439889448052544],[103.86556385763281,1.3442686167317142],[103.86547842531995,1.3442801693105886],[103.86513379551006,1.3443267332406692],[103.86474276325934,1.3443149761711357],[103.86460978579153,1.344287317905331],[103.86435066066572,1.3442193871904269],[103.86426524313798,1.3441923631609205],[103.8640049398375,1.344109983394392],[103.86366388977636,1.3440021006307705],[103.86328615939597,1.3438775436013402],[103.86318005156697,1.3438450447664196],[103.86310817632476,1.3438224021742768],[103.86276386734656,1.3437216683224074],[103.86252284755909,1.3436650706842104],[103.8622657606206,1.3436084723089783],[103.861968503638,1.3435599612065527],[103.86165517869982,1.343519535272436],[103.8614543303721,1.3434952798413489],[103.86085716079637,1.3434400906130168],[103.86043696024463,1.3434034315033432],[103.86042442121341,1.3434379973543866],[103.8601755283357,1.3441240880183898],[103.86006115765719,1.344448603255506],[103.85993078225911,1.3448173438893058],[103.8597936326916,1.3451973556828714],[103.85969828745576,1.3454663363912267],[103.85960314976903,1.345735489826974],[103.85948253308774,1.3460642420502937],[103.859361212972,1.3464091037174155],[103.85901134487703,1.347386916153674],[103.85888309318995,1.3477380433054815],[103.85833201954043,1.349246767566381],[103.85799829861155,1.3502133890771826],[103.85799828962617,1.3502134134951043],[103.85755415434221,1.351499844621865],[103.85716923906023,1.3526635826804936],[103.85700687384545,1.3533944219002332],[103.85695610522532,1.3536995748201701],[103.85694352066552,1.353775245820192],[103.85686455423357,1.3545518685554219],[103.85685752441195,1.3554470138565295],[103.85686288228683,1.355512347795635],[103.85632760121052,1.3556472135861204],[103.85574911755276,1.3559329430045324],[103.85542472065009,1.356174168005605],[103.85521698363965,1.356328643470252],[103.85511558234177,1.3564289383941737],[103.85489178402548,1.3566502953356099],[103.85479545266202,1.3567795208154003],[103.8547757258442,1.3568122662147761],[103.8544419288497,1.3573663388226362],[103.85393345850906,1.3584422537078336],[103.85369392037146,1.3588490053578581],[103.85358144292252,1.3590264534396959],[103.8534798998751,1.3591753913395885],[103.8533918171206,1.3592977290552322],[103.85324207962084,1.359468923753133],[103.85310378598557,1.3596084303264138],[103.8528923781862,1.3597996562751808],[103.85275073176815,1.3599151736879542],[103.8522672818684,1.360326981650386],[103.85194295836557,1.360652909851558],[103.8513709151445,1.3611029412784226],[103.8499238616697,1.362263929416187],[103.84965186214016,1.362464574454706],[103.84949748539299,1.3625784503422789],[103.84935645049903,1.3626824839339509],[103.84918541151431,1.3627858747132329],[103.84890368010109,1.3629437885183064],[103.84865774024412,1.3630762984681433],[103.84841485005957,1.3632024018569222],[103.84816003316504,1.3633297279956684],[103.84789142862577,1.3634585644797592],[103.84761651520054,1.3635855162763268],[103.8465466253701,1.363926355628228],[103.84617709953046,1.3640066335390548],[103.84598984712093,1.3640473173658068],[103.84578324847887,1.364077760257281],[103.84554223020154,1.3641132749819962],[103.8453099558127,1.3641342890613324],[103.84505430697438,1.3641574185409429],[103.84479382203874,1.3641809848244215],[103.84455208481796,1.3642028544042126],[103.84434875238435,1.3642212501196653],[103.84412422445621,1.3642255043688292],[103.84390970029686,1.3642318801913706],[103.84370191810234,1.3642402102967313],[103.84349311424326,1.364250720810737],[103.84326720704708,1.3642645115070327],[103.84326718098859,1.3642645124115038],[103.84296663155297,1.3642867664296248],[103.84296628829959,1.3642866922731418],[103.84296606545445,1.364286637107809],[103.8429658587836,1.3642866027428053],[103.84296612296349,1.3642868071280663]],[[103.84294782062581,1.2520772435044705],[103.84294796079622,1.2520772389821184],[103.84294796438999,1.2520771440237763],[103.84294782511806,1.2520771376937283],[103.84294782062581,1.2520772435044705]],[[103.81083384917397,1.2562538918035544],[103.8108337880726,1.2562540500669082],[103.81083678468256,1.256252497298089],[103.81083384917397,1.2562538918035544]],[[103.83107510885502,1.2391902869972127],[103.83107875596716,1.239186565537426],[103.831104471747,1.2391597140513024],[103.83107510885502,1.2391902869972127]],[[103.8235166058595,1.2565018843324844],[103.82351542968183,1.2565024368951156],[103.82350819560517,1.2565058047233741],[103.82353337310676,1.2565606147695934],[103.8235333730553,1.2565744189984254],[103.82356551616488,1.2565746216973652],[103.82357438466155,1.256572868166796],[103.82359361411906,1.256567735062722],[103.823599134985,1.2564871715275001],[103.82362197203292,1.256483764869701],[103.82362712248076,1.2564635496159495],[103.8235166058595,1.2565018843324844]],[[103.82363794829683,1.2607543369218834],[103.8236383157085,1.2607780294792967],[103.82355908769817,1.260780446549022],[103.82354934582021,1.2607807431439433],[103.82354934576519,1.2607954833901656],[103.82354934571892,1.2608078786177759],[103.8235413155442,1.2608078785873948],[103.82351699319896,1.2608078784952237],[103.82351705878084,1.2608107905509935],[103.82354815721459,1.2621834287253726],[103.82355318995985,1.2624055914467973],[103.82356025215525,1.2627172808896772],[103.8235603339081,1.262720911011311],[103.82356364535146,1.2628670546077165],[103.82356366870944,1.2628680855839653],[103.82356709334937,1.263019262876499],[103.82356709784129,1.2630194600280993],[103.82356821004082,1.2630685498716758],[103.82356821093214,1.263070483404159],[103.82356825406168,1.263070482499959],[103.82364186630886,1.2630698569566405],[103.82364199051251,1.2630141860532371],[103.82359048215919,1.263014185859438],[103.82358877842441,1.2630136839948727],[103.8235871083681,1.263013078212622],[103.82358547824063,1.263012370779898],[103.82358391381669,1.263011575026148],[103.82358240004456,1.263010685548163],[103.82358094246047,1.2630097055989793],[103.82358093796782,1.2630097019814912],[103.82357981889966,1.2630088581600065],[103.82357874162362,1.2630079609308504],[103.82357770865343,1.2630070123876347],[103.82357675524156,1.263006049611452],[103.82357584737183,1.2630050432273927],[103.82357498701094,1.2630039954155439],[103.82357413997526,1.2630028577392398],[103.8235733489462,1.2630016799256776],[103.82357261579787,1.2630004647654216],[103.82357261310229,1.263000460243577],[103.82357194278677,1.2629992165126476],[103.82357133310973,1.2629979415638655],[103.82357078550226,1.2629966383899671],[103.82357078280667,1.2629966320593955],[103.82357078011111,1.2629966248244773],[103.82357034944268,1.2629954508372712],[103.8235699691353,1.2629942593593864],[103.8235696398872,1.2629930525781994],[103.82356935006308,1.2629917747925339],[103.82356911749146,1.2629904852056872],[103.82356894264072,1.2629891864149643],[103.82356883016553,1.2629879437456168],[103.82356877053127,1.262986697374888],[103.82356876384677,1.262985449577908],[103.8235687638468,1.2629854441517103],[103.8235687638468,1.2629854387255122],[103.82356881221249,1.2629841681745508],[103.82356891561406,1.2629829009577933],[103.82356907385456,1.2629816394891034],[103.82356907565165,1.2629816340629292],[103.82356930353322,1.262980297569798],[103.82356959307539,1.2629789732232926],[103.82356994364847,1.2629776639036217],[103.82356994544554,1.2629776584774475],[103.82357036114499,1.2629763525058044],[103.82357083742382,1.2629750676623819],[103.82357137322744,1.2629738067920782],[103.82357137502451,1.2629738013659038],[103.82357137861867,1.2629737959397196],[103.82357192317974,1.2629726596603672],[103.82357251598471,1.2629715481096047],[103.82357315592758,1.262970463361221],[103.82357396533784,1.2629692281481357],[103.82357483586618,1.2629680357810027],[103.82357576527812,1.262966889320402],[103.8235757697708,1.2629668847985844],[103.82357685884516,1.2629656782987884],[103.82357801316668,1.2629645349003715],[103.82357922913214,1.2629634581724785],[103.82358033395865,1.2629625786509224],[103.82358147989126,1.2629617541310105],[103.82358266422955,1.2629609865557663],[103.82358396005955,1.2629602361992325],[103.82358529256611,1.2629595540108778],[103.82358665821234,1.2629589418014455],[103.82358666360352,1.2629589399927388],[103.82358817627141,1.262958357743344],[103.82358971885749,1.2629578613402326],[103.82359128655669,1.2629574523296703],[103.82359279962103,1.262957145221105],[103.82359432676971,1.2629569195256365],[103.82359586368167,1.2629567758818754],[103.82359706298085,1.2629567210805384],[103.82359826350579,1.262956716259032],[103.82359946320129,1.2629567614256108],[103.82360059545381,1.2629568502191733],[103.82360172338741,1.2629569835345968],[103.8236028452746,1.2629571611677026],[103.82360181547193,1.2627383880225873],[103.82360076598967,1.2627385920002425],[103.82359971008648,1.2627387590698984],[103.82359864904325,1.2627388890288873],[103.82359861669609,1.262738891741873],[103.8235974386898,1.2627389914956697],[103.82359625772534,1.2627390451771536],[103.8235950755808,1.2627390527055014],[103.82359506659549,1.2627390527054674],[103.82359409267009,1.2627390244700152],[103.8235931201304,1.2627389650596577],[103.82359214996121,1.2627388745345542],[103.8235921409759,1.2627388745345205],[103.82359213378766,1.26273887363013],[103.82359098211026,1.2627387248793733],[103.82358983683642,1.2627385324552278],[103.82358869960042,1.2627382966322762],[103.8235886933107,1.2627382957278892],[103.82358868791952,1.2627382939191247],[103.82358744403943,1.2627379833805743],[103.8235862141333,1.2627376208160337],[103.82358500034816,1.2627372068584273],[103.82358499315993,1.262737204145293],[103.82358397982333,1.2627368144994364],[103.82358298083822,1.2627363889645482],[103.82358199745893,1.2627359280749066],[103.8235810130303,1.2627354226251881],[103.82358004729319,1.26273488187963],[103.82357910149629,1.262734306537424],[103.82357813734282,1.2627336703084056],[103.82357719763694,1.26273299804476],[103.82357628370741,1.2627322906970824],[103.82357558071286,1.2627317083886567],[103.82357489523261,1.2627311052982464],[103.8235742278729,1.2627304819592158],[103.8235735622752,1.2627298217308078],[103.82357291693279,1.2627291414361073],[103.82357229244255,1.2627284417043376],[103.82357228794991,1.2627284371824863],[103.82357152219137,1.2627275163395617],[103.82357079251989,1.2627265662762497],[103.82357010003508,1.2627255884243034],[103.82357009554244,1.2627255829981052],[103.82357009104982,1.262725576667527],[103.82356953177145,1.2627247226820677],[103.82356900084832,1.2627238505543523],[103.82356849886084,1.2627229612377693],[103.82356804148085,1.2627220859109305],[103.82356761213907,1.262721196313833],[103.82356721127442,1.2627202933559936],[103.82356720768031,1.2627202870254184],[103.82356720498476,1.2627202806948639],[103.82356683850577,1.262719378492177],[103.82356650054852,1.2627184650792678],[103.82356619145087,1.2627175413692882],[103.82356618875531,1.2627175296125184],[103.82356586413825,1.262716439223594],[103.82356557977724,1.2627153375056672],[103.82356533606075,1.2627142259637552],[103.82356514467727,1.262713174968769],[103.82356498947296,1.2627121179479288],[103.82356487063302,1.2627110561624928],[103.82356486793755,1.2627110199878742],[103.82356479112127,1.2627100307435712],[103.82356474618265,1.2627090395139764],[103.82356473316885,1.262708047339429],[103.82356473316891,1.2627080310608687],[103.82356474857802,1.2627071222496031],[103.82356479082486,1.2627062143011416],[103.82356485987209,1.262705308018164],[103.8235648616692,1.262705297165792],[103.82356495558899,1.2627044053711476],[103.82356507543088,1.2627035167292833],[103.82356522109194,1.2627026320033332],[103.82356539184566,1.2627017500380318],[103.82356558808408,1.262700873460432],[103.82356580964021,1.2627000030163489],[103.82356581143732,1.2626999957814307],[103.82356581413292,1.2626999894508966],[103.82356608462456,1.2626990491638668],[103.82356638453831,1.2626981179611123],[103.82356671357388,1.2626971967750042],[103.82356703890736,1.2626963658868697],[103.82356738793732,1.2626955447980273],[103.82356776037285,1.2626947341929253],[103.82356776845971,1.2626947170100153],[103.82356819279573,1.2626938633039202],[103.82356864310638,1.2626930231851587],[103.82356911896271,1.2626921974540815],[103.8235695352272,1.2626915191677326],[103.82356996871758,1.2626908519017257],[103.823570419146,1.262690196099128],[103.823571051961,1.2626893326972806],[103.82357171414831,1.2626884919059405],[103.8235724049111,1.2626876747368658],[103.82357315054651,1.2626868533737161],[103.82357392512029,1.2626860596029659],[103.8235747276252,1.2626852944568197],[103.82357541402284,1.262684680936429],[103.82357611838569,1.2626840884024304],[103.82357684008056,1.2626835173874542],[103.82357685625418,1.2626835056307726],[103.82357767019833,1.2626829032014963],[103.8235785034419,1.2626823281213149],[103.8235793550781,1.2626817810160493],[103.82357936675903,1.2626817746855488],[103.8235802037522,1.2626812744607778],[103.8235810561501,1.2626808013210442],[103.82358192308784,1.2626803557464314],[103.82358193027613,1.262680351224624],[103.8235819374644,1.262680347607197],[103.823582839231,1.262679921113921],[103.82358375425856,1.262679524263555],[103.82358468158554,1.2626791574731433],[103.82358572458293,1.2626787852878407],[103.82358678021643,1.2626784511352633],[103.82358784711751,1.262678155448608],[103.82358909147891,1.2626778627419173],[103.82359034685331,1.2626776223484857],[103.82359161107073,1.2626774346838512],[103.82359258308115,1.262677326775801],[103.82359355802105,1.2626772501838277],[103.8235945348947,1.2626772049861543],[103.82359524504008,1.2626771913510975],[103.82359595530833,1.2626771943688708],[103.82359666531403,1.2626772140378368],[103.82359666611673,1.262461448814304],[103.82359548191363,1.262461594112246],[103.8235942932249,1.2624616957433952],[103.82359310163946,1.2624617535718974],[103.82359191836447,1.2624617673209513],[103.82359073537516,1.2624617377608718],[103.82358955423577,1.2624616649307456],[103.8235883071206,1.2624615418243545],[103.82358706563566,1.262461370508635],[103.82358583161992,1.2624611512373494],[103.82358456127807,1.2624608732614855],[103.82358330296623,1.2624605444962715],[103.82358205868806,1.262460165465209],[103.82358082662145,1.2624597358568477],[103.82357961265514,1.262459256885048],[103.82357841874058,1.2624587293197578],[103.82357841155235,1.2624587257022597],[103.8235772985156,1.2624581810090652],[103.82357620687365,1.262457594090211],[103.82357513820712,1.262456965795509],[103.82357391753428,1.2624561788754278],[103.82357273279239,1.2624553381627024],[103.82357158631984,1.262454445316685],[103.82357158092867,1.26245444079483],[103.82357157553749,1.2624544353686284],[103.82357061694213,1.2624536219107985],[103.82356969010279,1.2624527719887952],[103.82356879638778,1.2624518868574004],[103.82356799544928,1.262451032400685],[103.82356722538188,1.2624501496625282],[103.82356648717062,1.2624492397721534],[103.8235664835765,1.2624492352503056],[103.82356579166394,1.2624483172836252],[103.8235651321739,1.2624473754506047],[103.8235645059183,1.262446410910774],[103.8235645023242,1.2624464054845626],[103.82356390879151,1.2624454168519508],[103.82356335027573,1.26244440776271],[103.82356282747199,1.2624433794727559],[103.82356237375853,1.2624424090159099],[103.82356195190005,1.2624414241092543],[103.82356156235008,1.2624404258116972],[103.82356155606044,1.2624404077243694],[103.82356118630133,1.2624393564144198],[103.8235608522225,1.2624382930739881],[103.82356055420925,1.2624372189294035],[103.8235602644154,1.2624360073415741],[103.82356002050123,1.262434785559932],[103.82355982281796,1.2624335553437869],[103.82355968273627,1.262432423819805],[103.82355958176485,1.2624312880834903],[103.8235595200254,1.2624301495038492],[103.82355951912692,1.262430142268921],[103.82355951912693,1.2624301359383594],[103.82355949712465,1.2624288833216506],[103.82355952260008,1.2624276307716196],[103.82355959551617,1.2624263801105844],[103.82355971327175,1.2624251560487896],[103.8235598765863,1.262423937297289],[103.8235600852297,1.2624227255732385],[103.82356008792534,1.2624227129121426],[103.82356031439974,1.2624216270075843],[103.82356057747579,1.2624205494933336],[103.82356087684843,1.2624194816187795],[103.82356088044261,1.2624194680533236],[103.82356123068566,1.2624183655234105],[103.82356161961816,1.2624172762110593],[103.82356204674922,1.2624162014911426],[103.82356204944483,1.2624161960649716],[103.8235625215696,1.262415119415228],[103.82356303186025,1.2624140605519096],[103.82356357965652,1.2624130208450333],[103.82356404234105,1.2624122071998654],[103.82356452798352,1.2624114072228554],[103.8235650361857,1.262410621570046],[103.82356504157691,1.262410614335158],[103.8235656539522,1.2624097279581084],[103.82356629514243,1.2624088624684457],[103.82356696444486,1.2624080188147122],[103.82356697253168,1.2624080097710906],[103.82356776492331,1.262407079889855],[103.8235685913636,1.2624061805333855],[103.82356945069273,1.2624053129638588],[103.82356945518542,1.2624053084420581],[103.82357041960474,1.2624044077608243],[103.82357141931726,1.2624035469454078],[103.82357245269748,1.2624027273955014],[103.82357336961134,1.2624020545876227],[103.82357430925943,1.2624014143430085],[103.82357527050067,1.2624008074391408],[103.82357527948602,1.2624008029173401],[103.82357632278597,1.262400195391489],[103.82357738773648,1.2623996271940938],[103.82357847287473,1.2623990991056295],[103.82357985628889,1.2623984962736858],[103.82358126589247,1.2623979584019598],[103.82358269867628,1.2623974866386949],[103.82358393882772,1.2623971367075901],[103.82358519173346,1.2623968363071125],[103.8235864554415,1.26239658590527],[103.82358646173124,1.262396584096567],[103.82358647251363,1.262396583192244],[103.82358729082169,1.2623964488523642],[103.82358811225708,1.2623963354839678],[103.82358893628935,1.2623962431602636],[103.82358945171663,1.2623961963390344],[103.82358996781686,1.2623961577515064],[103.82359048446024,1.2623961274073858],[103.82359048527486,1.262177251167586],[103.82358958412377,1.2621774344346568],[103.8235886781588,1.2621775918332068],[103.82358776811287,1.2621777232359075],[103.8235868256456,1.2621778314842031],[103.82358588041487,1.262177911690963],[103.82358493324406,1.2621779637863166],[103.82358491078077,1.2621779646905953],[103.82358388246793,1.2621779893916982],[103.82358285389653,1.2621779809441949],[103.82358182612111,1.2621779393567458],[103.8235818171358,1.2621779384523484],[103.82358064577815,1.2621778511268178],[103.82357947836692,1.2621777208359866],[103.82357831645726,1.2621775477534216],[103.82357732734319,1.2621773657298199],[103.82357634433261,1.262177152830199],[103.82357536837672,1.262176909260568],[103.82357432256953,1.2621766117823399],[103.82357328736613,1.2621762788448954],[103.82357226395298,1.2621759108298156],[103.82357222621471,1.2621758972642032],[103.82357137174937,1.262175558858739],[103.82357052720211,1.2621751961071421],[103.82356969325755,1.262174809303466],[103.8235696860693,1.262174806590348],[103.8235687503138,1.2621743372372616],[103.82356783019506,1.2621738375471276],[103.82356692668365,1.2621733080470232],[103.82356616594677,1.2621728314752514],[103.82356541877367,1.2621723336399207],[103.82356468575087,1.2621718149318364],[103.82356467766411,1.2621718086012612],[103.82356386974743,1.262171200856923],[103.8235630811789,1.2621705678919939],[103.82356231273543,1.2621699103300552],[103.82356230824278,1.2621699067125844],[103.82356230464868,1.2621699030951],[103.82356151303517,1.262169179745492],[103.8235607457095,1.2621684303516565],[103.82356000351707,1.2621676557392412],[103.8235593437162,1.262166922705607],[103.82355870646184,1.262166169735938],[103.8235580923483,1.2621653975324594],[103.8235575098057,1.2621646177755077],[103.8235569507543,1.262163820788886],[103.82355641569686,1.2621630072892702],[103.82355591710008,1.262162198117542],[103.82355544224328,1.2621613746069675],[103.82355499153316,1.262160537462911],[103.82355497625824,1.2621605058100793],[103.82355455565322,1.262159665958262],[103.8235541595908,1.262158814104216],[103.82355378840872,1.2621579509742906],[103.8235534443022,1.2621570843531158],[103.82355312523772,1.2621562080793334],[103.82355283148213,1.2621553228858122],[103.82355282878659,1.262155312033423],[103.82355258195855,1.2621544951517751],[103.82355235667714,1.2621536719868458],[103.82355215309988,1.262152843114258],[103.82355197228634,1.262152012990354],[103.82355181321269,1.2621511783700436],[103.82355167598885,1.2621503398299798],[103.82355154755503,1.2621493990902088],[103.82355144659451,1.2621484549632913],[103.8235513731942,1.2621475082618303],[103.82355132792618,1.2621465741158164],[103.8235513093549,1.2621456390461512],[103.8235513174957,1.2621447038255724],[103.82355134813284,1.2621438533356886],[103.8235514008619,1.2621430039433565],[103.82355147564682,1.2621421562298016],[103.82355156527136,1.2621413683407674],[103.82355167401833,1.262140582894162],[103.82355180182267,1.2621398003600703],[103.82355180272123,1.2621397940295125],[103.82355197677082,1.2621388785723455],[103.82355217690247,1.262137968530984],[103.82355240295067,1.2621370646580434],[103.82355241732738,1.2621370140136565],[103.82355267576041,1.262136097980937],[103.82355296098098,1.2621351900364968],[103.82355327273984,1.2621342909736981],[103.82355327453692,1.262134285547524],[103.82355356583857,1.2621335138104055],[103.8235538765006,1.262132749760582],[103.82355420632297,1.2621319938899778],[103.82355460559167,1.2621311426930495],[103.82355502922161,1.2621303035099658],[103.82355547685633,1.2621294770468428],[103.82355551279784,1.2621294155501415],[103.82355583300065,1.2621288584042878],[103.8235561643064,1.2621283078739745],[103.82355650658019,1.2621277641833144],[103.82355698270906,1.2621270456415925],[103.82355747761946,1.262126340072993],[103.82355799096264,1.2621256479747005],[103.82355799545532,1.2621256425485197],[103.82355855865863,1.262124925273541],[103.82355914166233,1.2621242242083166],[103.82355974400606,1.2621235399063737],[103.82355974939728,1.2621235335758325],[103.82355975568703,1.2621235272453117],[103.82356037157909,1.2621228665615252],[103.82356100550979,1.2621222233941172],[103.82356165698752,1.2621215982418246],[103.8235624153823,1.2621209127103377],[103.82356319497218,1.2621202517027297],[103.82356399497469,1.262119615882455],[103.82356400036588,1.2621196122650211],[103.82356507512823,1.26211881941245],[103.82356618155548,1.2621180719846103],[103.82356731775366,1.262117371260945],[103.82356736627449,1.2621173441301723],[103.82356813521899,1.2621169066423228],[103.8235689159462,1.2621164908317308],[103.82356970785301,1.2621160970196004],[103.82356971593981,1.2621160943065406],[103.82357063570272,1.262115669672502],[103.82357156839403,1.262115274637243],[103.82357251307373,1.262114909598888],[103.82357255979746,1.2621148915117604],[103.82357359132439,1.2621145326165755],[103.82357463431968,1.262114209035895],[103.82357568759028,1.2621139211398613],[103.82357569477854,1.2621139193311617],[103.82357669296367,1.2621136815739562],[103.82357769816207,1.2621134759159547],[103.82357870935503,1.262113302565575],[103.82357872103594,1.2621133016612387],[103.82357981199965,1.2621131514329682],[103.8235809074404,1.2621130389502673],[103.82358200606947,1.262112964345469],[103.8235831158777,1.2621129270731124],[103.82358422630293,1.262112928283602],[103.82358533602832,1.262112967975502],[103.8235853368293,1.2618978240498384],[103.82358428755859,1.261898021593342],[103.8235832322843,1.2618981835316982],[103.82358217219874,1.2618983096819396],[103.82358216590902,1.2618983105862795],[103.82358089749633,1.261898413797333],[103.82357962598932,1.2618984656706846],[103.82357835343831,1.2618984661226902],[103.82357700304956,1.2618984109749407],[103.82357565623093,1.2618982978554751],[103.82357431543798,1.2618981269705376],[103.82357291043805,1.261897884691624],[103.82357151767545,1.2618975791066094],[103.82357013996446,1.2618972108329713],[103.82357012558796,1.2618972063110994],[103.82356863935142,1.2618967326266783],[103.82356717806042,1.2618961859435949],[103.8235657452519,1.2618955675850507],[103.82356465467474,1.2618950390062487],[103.82356358490593,1.261894468976108],[103.82356253750001,1.2618938583229715],[103.82356165788534,1.2618933028448358],[103.82356079678715,1.261892718714969],[103.82355995512636,1.261892106558083],[103.82355902193095,1.2618913761673125],[103.82355811639447,1.2618906113205879],[103.82355723977204,1.2618898130780287],[103.82355723348235,1.2618898085561705],[103.82355722809118,1.261889803129969],[103.82355636838987,1.2618889585074962],[103.82355554104963,1.2618880817562415],[103.82355474725489,1.261887174131359],[103.82355391823191,1.2618861469687794],[103.82355313217035,1.2618850861421582],[103.82355239041806,1.2618839934705237],[103.82355238682395,1.2618839889486924],[103.82355238412836,1.2618839844268477],[103.82355166788281,1.2618828265781015],[103.82355100137111,1.2618816390262522],[103.82355038580712,1.2618804239340469],[103.82355038221301,1.2618804185078523],[103.82355037951744,1.2618804121772804],[103.82354983870256,1.2618792236321317],[103.82354934663624,1.2618780138193588],[103.8235489041419,1.2618767847634391],[103.82354849238716,1.2618754711592037],[103.8235481372522,1.2618741409175551],[103.82354783939672,1.2618727965094991],[103.82354760798168,1.2618714962785278],[103.82354743027513,1.2618701875157092],[103.82354730658207,1.2618688724674834],[103.82354730658211,1.2618688643281948],[103.82354724292952,1.2618677256028428],[103.8235472198616,1.261866585313055],[103.82354723740795,1.2618654449236562],[103.82354729372425,1.2618643312460673],[103.823547388712,1.2618632202328315],[103.82354752225494,1.2618621132438543],[103.82354752405205,1.2618621060089361],[103.82354768127333,1.2618610867999145],[103.82354787123334,1.2618600732552967],[103.8235480937325,1.2618590664401188],[103.82354809552959,1.261859060109581],[103.82354846813794,1.2618576404454567],[103.82354890513703,1.2618562395043682],[103.82354940560451,1.2618548602431943],[103.82355002193319,1.2618533858042078],[103.82355071078909,1.2618519442509446],[103.82355147044655,1.261850539194749],[103.82355217372891,1.2618493710086824],[103.8235529259627,1.2618482341353479],[103.82355372577388,1.2618471306513843],[103.82355467740575,1.2618459354787968],[103.82355568483631,1.2618447875674523],[103.8235567457518,1.261843689553755],[103.82355768283887,1.2618428020313588],[103.82355865498981,1.2618419535747112],[103.82355966059816,1.2618411455858565],[103.82356055935759,1.2618404768642988],[103.82356148103838,1.2618398405326392],[103.82356242448881,1.2618392373860357],[103.82356242988003,1.261839233768585],[103.82356348506393,1.2618386132693813],[103.82356456323991,1.2618380341925828],[103.82356566280357,1.2618374973998896],[103.82356683573421,1.2618369808819085],[103.82356802843698,1.2618365124719066],[103.82356923896502,1.2618360929344723],[103.82356924435621,1.261836091125749],[103.82357078134883,1.2618356358511504],[103.82357233923321,1.2618352593205493],[103.8235739140297,1.2618349624958018],[103.8235739221165,1.261834961591452],[103.82357507109914,1.2618347965227423],[103.8235762253345,1.2618346740811763],[103.82357738326199,1.2618345944323024],[103.82357741201501,1.2618345935280475],[103.82357833631352,1.261834560806909],[103.82357926116786,1.2618345553826558],[103.82358018578246,1.261834577259954],[103.82358224691014,1.261621195949095],[103.82358119773505,1.2616213440070767],[103.82358014427201,1.2616214570899122],[103.82357908767166,1.2616215350740896],[103.82357764955847,1.2616215854982507],[103.82357621064489,1.2616215710132803],[103.82357477382143,1.2616214916482775],[103.82357476753171,1.2616214916482538],[103.82357316003875,1.2616213250817798],[103.82357156290061,1.2616210773722858],[103.82356998015794,1.2616207491464626],[103.82356997207117,1.2616207464333413],[103.82356861415856,1.2616203977331852],[103.82356727269537,1.2616199895991935],[103.82356595024814,1.2616195228122296],[103.82356594395843,1.2616195200990983],[103.82356462226808,1.261618986852189],[103.82356332543367,1.2616183950025726],[103.82356205601867,1.2616177457201727],[103.82356072998283,1.2616169891478162],[103.82355944112203,1.2616161700770723],[103.8235581923418,1.2616152903544195],[103.82355692840748,1.2616143048355772],[103.82355571469348,1.2616132573163366],[103.82355455419895,1.2616121503851627],[103.82355454970632,1.2616121467676915],[103.8235545461122,1.2616121422458435],[103.82355351772989,1.2616110618679712],[103.82355254003478,1.2616099348261012],[103.82355161511464,1.2616087635268989],[103.82355064985083,1.2616074102098922],[103.82354975502739,1.2616060087110708],[103.82354893301343,1.261604562741033],[103.823548386904,1.2616034951430943],[103.82354788050306,1.2616024078973198],[103.82354741450715,1.2616013024992359],[103.82354689542417,1.2615999131849698],[103.82354644015396,1.2615985013846163],[103.82354604965343,1.2615970700655952],[103.82354571195177,1.2615955595700432],[103.82354544638865,1.261594034551234],[103.8235452535715,1.2615924984971787],[103.82354525267299,1.2615924921666308],[103.82354512930972,1.2615908701446372],[103.82354508704924,1.2615892439334309],[103.82354512599825,1.261587617638462],[103.82354521636802,1.2615863129228486],[103.82354535901749,1.2615850129451662],[103.82354555371386,1.2615837198266666],[103.82354555461241,1.2615837153048524],[103.82354581948786,1.2615823442385408],[103.82354614286538,1.2615809859453004],[103.82354652414324,1.261579642952644],[103.82354704440141,1.2615780904758065],[103.82354764214293,1.2615765665238627],[103.82354831583235,1.261575075011493],[103.82354831942651,1.2615750695853252],[103.8235490671625,1.2615736132915674],[103.82354988733258,1.261572197049254],[103.82355077782486,1.2615708245050297],[103.82355158239363,1.2615697029948747],[103.82355243382521,1.261568617099259],[103.82355333056533,1.2615675688004528],[103.82355453649097,1.2615662902096618],[103.82355580977516,1.2615650795804494],[103.82355714664266,1.2615639405022716],[103.82355826329716,1.2615630800339561],[103.8235594162518,1.261562269512273],[103.82356060330285,1.2615615104864184],[103.82356061138964,1.2615615059646148],[103.8235621097061,1.2615606480885415],[103.82356365157048,1.2615598723094616],[103.8235652325464,1.2615591808595108],[103.82356523883614,1.2615591790507907],[103.82356681239153,1.2615585888871568],[103.82356841443686,1.261558082288815],[103.82357004059473,1.2615576606399899],[103.82357005407272,1.2615576570225868],[103.82357118510451,1.2615574166086416],[103.82357232404257,1.2615572175656364],[103.82357346939358,1.2615570601545432],[103.82357348287157,1.2615570592502303],[103.82357400019738,1.2615570015264526],[103.82357451839766,1.261556952386795],[103.82357503733182,1.2615569118445904],[103.82357400754077,1.2613355476912025],[103.82357305063508,1.261335683160128],[103.82357209011433,1.2613357896022297],[103.82357112684748,1.2613358669212107],[103.82357111786216,1.2613358678255402],[103.82357111157243,1.2613358678255167],[103.82356982542362,1.2613359248515776],[103.82356853803749,1.2613359299741933],[103.8235672514809,1.261335883185139],[103.82356724429266,1.2613358831851116],[103.82356723890146,1.261335882280728],[103.82356570342928,1.2613357576923414],[103.82356417565444,1.2613355591770805],[103.82356265908844,1.2613352871912171],[103.82356265369727,1.2613352862868328],[103.82356264830608,1.2613352844780856],[103.82356127788556,1.2613349722401666],[103.82355992233695,1.2613346000023071],[103.82355858425211,1.2613341684762316],[103.82355731242207,1.26133369699566],[103.8235560615223,1.2613331718450447],[103.82355483378734,1.2613325939624904],[103.8235548257006,1.2613325894406255],[103.82355385429204,1.2613320861273158],[103.82355290057912,1.261331549625421],[103.8235519656807,1.2613309805643658],[103.82355196028955,1.2613309769468914],[103.82355087953437,1.2613302628851344],[103.82354982828365,1.2613295055164648],[103.8235488082494,1.261328706074293],[103.82354776351514,1.2613278149882567],[103.82354675745273,1.261326879907749],[103.82354579188952,1.2613259025311774],[103.82354493945695,1.2613249659411512],[103.82354412436962,1.2613239962576939],[103.82354334789463,1.2613229949882512],[103.82354333261965,1.261322975092162],[103.82354260102736,1.2613219504242097],[103.82354190970968,1.2613208978093273],[103.8235412597192,1.2613198188502304],[103.82354125702362,1.2613198143284026],[103.82354055349688,1.2613185265930509],[103.8235399088111,1.2613172080234187],[103.82353932429709,1.2613158613413848],[103.82353882390974,1.261314552596741],[103.82353838036117,1.261313223249671],[103.82353799448532,1.261311875799512],[103.82353769946185,1.2613106606482962],[103.823537451348,1.2613094349228993],[103.82353725051496,1.2613082004570868],[103.82353707927811,1.261306781684845],[103.82353697049031,1.2613053566831764],[103.823536924364,1.2613039282352883],[103.82353693604408,1.2613026603352553],[103.82353699718038,1.2613013938746902],[103.82353710767863,1.2613001308070797],[103.82353710947572,1.2613001217634343],[103.82353727733332,1.2612988061589172],[103.82353749880136,1.2612974986148706],[103.82353777350518,1.2612962013434046],[103.82353777530226,1.2612961941084864],[103.82353815471019,1.2612947247123274],[103.82353860221352,1.2612932748562213],[103.82353911682608,1.2612918477350767],[103.82353911862317,1.2612918423088855],[103.82353912131877,1.2612918368827144],[103.82353963286309,1.2612905948675637],[103.82354019537446,1.2612893753811665],[103.82354080787611,1.261288180541144],[103.82354143521133,1.261287068223548],[103.82354210587148,1.2612859818155677],[103.82354281880183,1.2612849230257897],[103.8235428232945,1.2612849157908985],[103.82354349770468,1.2612839915279674],[103.82354420424997,1.2612830919132196],[103.8235449420419,1.2612822180779344],[103.8235458903542,1.2612811809789441],[103.82354688266554,1.2612801864557388],[103.82354791709089,1.2612792363975724],[103.82354895850183,1.2612783590207137],[103.82355003588937,1.2612775268128096],[103.82355114732101,1.2612767412665753],[103.82355115271221,1.2612767385535049],[103.8235523810054,1.2612759484941354],[103.82355364371635,1.2612752154578777],[103.82355493823368,1.2612745409607093],[103.82355611667879,1.2612739903702304],[103.82355731627496,1.261273488178474],[103.82355853506097,1.2612730352064725],[103.82355982964579,1.2612726145830249],[103.82356114079232,1.261272249608406],[103.82356246614042,1.261271940939606],[103.82356357428809,1.2612717272070895],[103.82356468922868,1.2612715528981677],[103.82356580957813,1.2612714182292242],[103.8235671661805,1.2612713087373892],[103.82356852617262,1.2612712571628757],[103.82356988711472,1.2612712635982049],[103.82357091673994,1.261054772171088],[103.82356928356238,1.2610549563834863],[103.82356764326877,1.2610550580526743],[103.82356599997476,1.2610550769235582],[103.82356440801139,1.2610550161580614],[103.82356282085624,1.261054877675353],[103.82356124225234,1.2610546618020209],[103.82356123596263,1.2610546608976336],[103.82356122877438,1.2610546590888625],[103.82355993631977,1.2610544227374532],[103.8235586543269,1.261054134386841],[103.82355738486011,1.2610537945013385],[103.82355737946892,1.2610537926925909],[103.82355591156973,1.2610533303182365],[103.82355446686819,1.2610527990595923],[103.82355304855334,1.261052200089349],[103.82355189750568,1.2610516544278207],[103.82355076838435,1.2610510641791288],[103.82354966289347,1.2610504302341035],[103.82354842501988,1.2610496505928597],[103.82354722289051,1.261048816211266],[103.82354605889323,1.261047928746703],[103.8235451968198,1.2610472160180184],[103.8235443593668,1.2610464741485032],[103.82354354750618,1.2610457039991274],[103.82354252388676,1.2610446541343785],[103.82354154773948,1.261043559426245],[103.82354062100156,1.261042422047227],[103.82354061650892,1.2610424157166653],[103.82353986508473,1.2610414110999384],[103.82353915220855,1.2610403784160598],[103.82353847891422,1.2610393191625924],[103.82353847442157,1.2610393128320136],[103.82353847082747,1.2610393065014385],[103.82353777342011,1.2610381040540781],[103.82353712699751,1.2610368730841282],[103.82353653270897,1.26103561578027],[103.82353596743512,1.2610342740033096],[103.82353546153803,1.261032908427748],[103.82353501600322,1.2610315217138715],[103.82353501420617,1.2610315153833198],[103.82353465582509,1.261030212169072],[103.82353435075781,1.2610288952791322],[103.82353409951594,1.261027566921965],[103.82353390916528,1.2610262813645503],[103.82353376922644,1.2610249892634395],[103.82353367991627,1.2610236926204466],[103.82353364029987,1.2610222496026138],[103.82353366338228,1.2610208062209454],[103.82353374911936,1.2610193652338602],[103.82353387736141,1.2610180928383508],[103.82353405446541,1.2610168263960195],[103.82353428016563,1.2610155678069606],[103.8235342810642,1.2610155587633118],[103.82353428286129,1.2610155515284105],[103.82353457904541,1.2610142129193012],[103.8235349302792,1.2610128878646074],[103.82353533595499,1.2610115786566602],[103.82353533954914,1.261011571421749],[103.8235357616388,1.2610103782057855],[103.82353622911113,1.26100920225182],[103.82353674127133,1.2610080453076769],[103.82353730634914,1.261006889659357],[103.8235379158681,1.2610057571212412],[103.82353856889694,1.2610046494237672],[103.82353931895288,1.2610034883449175],[103.82354011672177,1.2610023599430467],[103.82354096080023,1.2610012662031154],[103.82354182261491,1.2610002392260022],[103.82354272524273,1.2609992484023806],[103.82354366718796,1.2609982953741283],[103.8235445550425,1.260997464592068],[103.82354547286607,1.2609966674851376],[103.82354641939864,1.2609959051476578],[103.82354756995841,1.2609950516470454],[103.82354875647914,1.2609942495717354],[103.8235499766935,1.2609935004544128],[103.82355108724634,1.260992879985143],[103.82355222086483,1.260992303318383],[103.82355337584431,1.260991771321267],[103.82355469599997,1.2609912283234384],[103.82355603835472,1.260990743584957],[103.82355740037195,1.2609903180218114],[103.82355893517081,1.2609899146535042],[103.82356048754633,1.2609895864205538],[103.82356205386984,1.2609893340902056],[103.82356363351266,1.2609891582398707],[103.82356521976328,1.2609890595928976],[103.8235668088992,1.2609890383807836],[103.82356681698597,1.260989039285178],[103.8235682651299,1.2609890879289363],[103.82356970971422,1.2609892010539636],[103.82357114790614,1.2609893784384223],[103.82357116587676,1.260989380247217],[103.82357195491795,1.2609895053215747],[103.82357274068957,1.2609896497502044],[103.82357352272305,1.2609898134469824],[103.82357352901276,1.260989815255733],[103.8235743812759,1.2609900167761503],[103.82357522789266,1.2609902411151401],[103.82357606826005,1.260990488112924],[103.82359873192183,1.2609894517959546],[103.82359667173183,1.2609510886220932],[103.82366981260716,1.2608374518082455],[103.82366878315403,1.2607659092926558],[103.82366714974505,1.2607660272089205],[103.82366551279034,1.2607660736560635],[103.82366387537533,1.260766048546538],[103.82366386908562,1.2607660485465142],[103.82366144463226,1.2607658802469042],[103.82365903594348,1.260765555424377],[103.82365665298401,1.2607650754227246],[103.82365457136682,1.2607645222922532],[103.8236525243997,1.2607638508216494],[103.82365051871798,1.2607630631874973],[103.82364866708294,1.2607622144154629],[103.82364686349075,1.2607612666236785],[103.82364511316395,1.2607602225565746],[103.8236451086713,1.260760219843467],[103.82364358275925,1.2607591996834808],[103.82364210771877,1.2607581063498772],[103.8236406870107,1.2607569424078924],[103.82363974559216,1.2607561046138442],[103.82363883235135,1.2607552357986835],[103.82363794829683,1.2607543369218834],[103.82363712273796,1.2607025882452338],[103.82363784874778,1.2607017967204979],[103.82363859682994,1.260701026297956],[103.82363936637921,1.2607002776008926],[103.82363937177043,1.260700273079095],[103.82364036982352,1.2606993624740641],[103.82364139968593,1.2606984884863257],[103.82364246003225,1.2606976522406848],[103.82364247800292,1.2606976377709187],[103.82364353705944,1.2606968613359761],[103.82364462232748,1.260696122476705],[103.82364573249156,1.26069542208868],[103.82364573967982,1.2606954184712524],[103.82364699065876,1.260694691391668],[103.82364826839935,1.2606940130920095],[103.82364957102486,1.2606933845685586],[103.82365101481247,1.2606927582522711],[103.8236524832652,1.2606921930040533],[103.82365397383457,1.2606916898048939],[103.82365531487837,1.2606912943791981],[103.82365666958955,1.2606909493609955],[103.82365803609846,1.2606906552264552],[103.82365804508377,1.2606906543221252],[103.82365946715204,1.2606904038278637],[103.82366089771683,1.260690208394558],[103.82366233467444,1.2606900683095998],[103.82366234186269,1.2606900683096267],[103.82366392843615,1.2606899779853853],[103.82366551738247,1.2606899550671515],[103.82366710587597,1.2606899995956824],[103.82366823383263,1.2606900717086125],[103.82366935913132,1.2606901778568511],[103.82367048075842,1.2606903179447908],[103.82367048794667,1.260690318849181],[103.82367049783049,1.2606903206579452],[103.82367130284284,1.2606904428417354],[103.82367210505522,1.2606905824399728],[103.82367290409582,1.2606907393879534],[103.82367599484405,1.2605009981818525],[103.82367416933387,1.2605007859576158],[103.82367235792104,1.2605004745446338],[103.82367056592167,1.2605000648568365],[103.8236684697453,1.260499452151028],[103.82366641706506,1.260498705010771],[103.82366441638206,1.260497826530315],[103.8236626553643,1.260496920288317],[103.82366094981981,1.2604959122797534],[103.82365930554748,1.260494805931875],[103.82365761263944,1.2604935110624351],[103.82365600366374,1.2604921119798498],[103.82365448494281,1.2604906141817642],[103.82365308465988,1.2604890500502655],[103.8236517828406,1.260487402011347],[103.8236505844369,1.260485676333892],[103.8236505808428,1.2604856709076806],[103.82364945388805,1.2604838084864336],[103.8236484473693,1.2604818774485613],[103.82364756539332,1.2604798856730526],[103.8236468352114,1.2604779118588776],[103.82364622734012,1.2604758964848224],[103.8236457440928,1.2604738472206642],[103.82364574229577,1.2604738408900957],[103.8236455017565,1.2604725283032068],[103.82364531237431,1.260471207256502],[103.82364517443865,1.2604698797689726],[103.82364517354014,1.2604698743427707],[103.82364507293346,1.2604681795944654],[103.82364505615331,1.2604664819077585],[103.8236451232412,1.2604647854803384],[103.82364220018225,1.2602587231750033],[103.82361596127467,1.2602588451659047],[103.8236146443288,1.2601776829176263],[103.82367782274879,1.2601776777278872],[103.82364470128985,1.258421165488036],[103.82364463301462,1.2584176167591892],[103.82364460157213,1.258415971718982],[103.82364406525241,1.2583880521581101],[103.82361170282431,1.256702645602498],[103.82351559966358,1.2567003517708928],[103.82352264412705,1.2567033868467883],[103.82352810359502,1.2567033886761452],[103.82353948078124,1.256703393240917],[103.82354732674476,1.2567033959836176],[103.82358852434409,1.2567030886544832],[103.82359528920445,1.2569920152403398],[103.82357982546111,1.2570031207856154],[103.82358017583167,1.2570182598586046],[103.82359615165703,1.2570288048155853],[103.82360272695924,1.2573095396610199],[103.82360272785758,1.2573095966360281],[103.82360274582537,1.2573103517809443],[103.8233064819215,1.2574520058787433],[103.82330395614851,1.2574532141007417],[103.8232464357333,1.2574807165244406],[103.82324349304145,1.2574821237050768],[103.82324187658263,1.2574828960265771],[103.8232335750467,1.2574868661570042],[103.82305833796505,1.2575706530855233],[103.82305823014086,1.2575707977835002],[103.82330395614851,1.2574532141007417],[103.8234522993759,1.2578291981251675],[103.82346706601453,1.258495878939321],[103.82346729420254,1.2585061950327021],[103.82346731845877,1.2585072902189023],[103.82347706137111,1.2589471987537688],[103.82347753212143,1.258968441386915],[103.82347925521131,1.2590462321645104],[103.82353632463519,1.25948959193413],[103.82353684576799,1.2594936398741956],[103.82358170272943,1.2598421208466017],[103.8235843907777,1.2599380414338868],[103.82358444917448,1.2599401250912334],[103.82358709409912,1.2600345127794939],[103.82357091686458,1.2600562210977344],[103.82356013258311,1.2600860705306145],[103.82356282899407,1.26010777891998],[103.82358439723409,1.260134914475292],[103.8236116721232,1.2601411546968626],[103.8236140541272,1.2601416991335825],[103.82361462276796,1.2601766257147873],[103.8236146443288,1.2601776829176263],[103.82361211047098,1.2601776829081113],[103.8236092136002,1.2601794075214232],[103.82360920551339,1.2601794120432275],[103.82360920191925,1.260179415660668],[103.82360411172617,1.2601832374883428],[103.82359982122422,1.2601874825618569],[103.82359664130757,1.260191506974468],[103.82359375071547,1.2601961951921103],[103.82359374712132,1.2601962006182947],[103.82359157984695,1.2602008436204117],[103.82359157535426,1.2602008526640474],[103.82358989867657,1.2602058501791213],[103.82358989687948,1.2602058556053126],[103.82358989508239,1.260205862840214],[103.82358895430457,1.2602100898390283],[103.82358895160894,1.260210101595761],[103.82358832171732,1.2602158253199227],[103.82358837920346,1.2602211683089835],[103.82358837920344,1.2602211737351647],[103.82358838010195,1.26022118006573],[103.82358891111718,1.2602256675272032],[103.8235889120157,1.2602256738577684],[103.8235889129142,1.2602256792839697],[103.82359004684193,1.2602306840445308],[103.82359004774045,1.2602306885663688],[103.82359004953749,1.2602306939925567],[103.8235915905017,1.2602351895971367],[103.82359159229875,1.2602351950233246],[103.82359159499434,1.260235200449533],[103.82359343606976,1.260239214933015],[103.82359343876533,1.2602392203592065],[103.82359575696098,1.2602431923393291],[103.82359846062742,1.2602469120030348],[103.82360245637938,1.260251260205314],[103.82360246087201,1.2602512647271655],[103.82360246716172,1.2602512701533704],[103.8236059983779,1.2602543151638368],[103.8236096239417,1.2602568591564125],[103.82360962843435,1.2602568618695202],[103.82361312461173,1.26025885872074],[103.82361596127467,1.2602588451659047],[103.82361596666456,1.2602591906333849],[103.82361668352935,1.260303200657885],[103.82361671586908,1.2603051947829857],[103.82361674910719,1.2603072259870625],[103.8236194455088,1.2603316483759197],[103.8236329252135,1.2603479297108446],[103.82363959886573,1.260520340605881],[103.82363967074137,1.2605221936501627],[103.82364101301884,1.260556874246875],[103.8236248367001,1.2605731554705732],[103.82362483660965,1.2605975778492424],[103.82363562074195,1.2606084320792434],[103.82363712273796,1.2607025882452338],[103.82363513068505,1.2607050164579776],[103.8236333174391,1.2607076463447946],[103.82363330845375,1.2607076590058672],[103.82363171624594,1.2607104453486724],[103.82363169108687,1.2607104959930369],[103.82363040617687,1.2607132515885655],[103.82362932702999,1.260716160022589],[103.8236284186027,1.260719435629452],[103.82362786150235,1.2607223865705859],[103.82362785521245,1.260722435406277],[103.82362753083139,1.2607254713585905],[103.82362752813567,1.2607255066288086],[103.82362744546151,1.2607280144328334],[103.82362758382328,1.2607312674345006],[103.82362798455658,1.2607344182439042],[103.82362872942636,1.2607378485034018],[103.82362967377155,1.2607408862692007],[103.8236296755686,1.2607408916954055],[103.82363094248626,1.2607439990985236],[103.82363094877593,1.2607440135683972],[103.82363246997852,1.2607469717522326],[103.82363247986231,1.260746989839574],[103.82363420682938,1.2607497318809255],[103.82363421042349,1.2607497382115003],[103.82363598950674,1.2607521112721016],[103.82363794829683,1.2607543369218834]]]]},"properties":{"OBJECTID":5,"REGION_N":"CENTRAL REGION","REGION_C":"CR","INC_CRC":"B207FC18F01AABE9","FMEL_UPD_D":"20191223152214","SHAPE.AREA":136392829.830512,"SHAPE.LEN":130848.843834805,"fill":"#2F6BFF","fill-opacity":0.65,"stroke":"#000000","stroke-width":1.5,"stroke-opacity":1.0}}]}