{"type":"FeatureCollection","name":"MWS AAC Planning Areas and Subzones","features":[{"type":"Feature","geometry":{"type":"Polygon","coordinates":[[[103.93477911792677,1.4009881549763397],[103.93467580783194,1.401065442687595],[103.9345586952573,1.4011363796561096],[103.93444084243295,1.401169789219606],[103.9343221853055,1.4011805924595018],[103.93419102898285,1.4011719036026398],[103.93407933260673,1.4011487567551448],[103.93013739574091,1.399696115872978],[103.9300395771288,1.4002649261273552],[103.93028911759576,1.4002906738152472],[103.93027952289961,1.4003647297672084],[103.93021873738618,1.4003615127647113],[103.93017864497544,1.4005915662290471],[103.93017854795147,1.4005921206074503],[103.93009644241415,1.4005598455045292],[103.92903499824203,1.400132586987122],[103.92845928543389,1.3999008467953329],[103.9270404140037,1.399304605409052],[103.9249466383199,1.3983297872296006],[103.92457932024246,1.3981393563606432],[103.92443694172137,1.398060672402242],[103.92441410741486,1.3980478521405515],[103.92423598323059,1.397941416474534],[103.9240256854495,1.3978125077210743],[103.92378471713012,1.3976539044743022],[103.92342085141547,1.397388242938522],[103.92283199804544,1.3969195170787763],[103.9221410585488,1.3963161407134546],[103.92123368993727,1.3955321709725306],[103.92063639379444,1.3949981434698515],[103.91989997192242,1.3943172894652476],[103.9192996266051,1.393708854313314],[103.9192912299549,1.393699631022628],[103.91922876549336,1.3936310210973681],[103.91921334514953,1.393610581248746],[103.91900422945987,1.3933771049708823],[103.91888691003514,1.3932482320939585],[103.91846422333577,1.3927968228994874],[103.91794751495486,1.39221799225034],[103.91789618879746,1.3921593316847245],[103.91718188053946,1.3912678813826158],[103.91674318743131,1.390693218553802],[103.91665629097929,1.3905782056389404],[103.91648670254325,1.3903224993520389],[103.91641276359248,1.390181594953647],[103.91620643175887,1.3897528083948767],[103.91596188274825,1.3891720584879048],[103.9156788660878,1.3884696287291913],[103.91561566786872,1.3883009355523839],[103.91537936278853,1.387670410928575],[103.9151403107199,1.3871394386699316],[103.91493697365604,1.3867688611945461],[103.9147666133396,1.3865254911935612],[103.91432583081242,1.3859263603270122],[103.9143502558041,1.3858973475131755],[103.91606377761754,1.3838619443157116],[103.91632180048862,1.3835990648910104],[103.91696662525143,1.3828938061041678],[103.91704833773613,1.3828092470535855],[103.91749836581802,1.3823650548592148],[103.91749852126586,1.3823648993032098],[103.9181123879989,1.3817444941227455],[103.91853590200671,1.3812901539390936],[103.91886429084397,1.3810054729549917],[103.91886790593536,1.3810091110771991],[103.91966317239371,1.3803651131661405],[103.9197803842779,1.3802708163596005],[103.91993624976737,1.380167987273984],[103.92016526363761,1.3800168995787372],[103.92064889191685,1.37969783510374],[103.92114219838767,1.3794467339726846],[103.92221590501471,1.37896479402287],[103.92322566920336,1.3785903350745798],[103.92394963469678,1.3783762781803353],[103.92423891210399,1.378304854055996],[103.92426836251933,1.3782970817327063],[103.9244171521237,1.3782601590062313],[103.92464365316394,1.3782051116468403],[103.92479124858242,1.3781689666958854],[103.92505362130659,1.3781086536147416],[103.92523099247548,1.3780666246015865],[103.92557401661837,1.377985343387764],[103.92583474120414,1.3779221345163968],[103.9260989405925,1.3778599474112938],[103.92649195627848,1.377767059322784],[103.92668988657633,1.3777213386891498],[103.92692723414402,1.3776657950994091],[103.9269784810201,1.3776533219072598],[103.92720466563142,1.3775982761316847],[103.92745198182159,1.377539975597334],[103.92763386986998,1.3774942220633397],[103.92781102081011,1.3774528114559355],[103.92796553228686,1.3774130277850853],[103.92816089772703,1.377360524412416],[103.92834422669732,1.3773057605996282],[103.92850930130925,1.3772544955827921],[103.92869431391723,1.3771929833198249],[103.92885763427795,1.3771361366221135],[103.92901789939168,1.3770769224148427],[103.92916686328655,1.377020888394619],[103.92930245287002,1.3769658090102341],[103.9294140374706,1.376919914397951],[103.92955987852504,1.376856816501898],[103.92967935681196,1.3768045629812908],[103.92978599017752,1.376756443820951],[103.92991884340564,1.3766970534164769],[103.9300844794771,1.3766218714897687],[103.93066408243442,1.376356226415044],[103.9310566394822,1.37617759858588],[103.93123265558059,1.3760976637286795],[103.93188765443534,1.3757820691034395],[103.93188857006183,1.375781640397372],[103.93289681298393,1.3753088000791134],[103.93311797595986,1.3752098055563344],[103.93337055423206,1.3750982697941958],[103.93351783350792,1.3750312837526135],[103.93379806998861,1.3749039186208531],[103.93408297545757,1.374777649347587],[103.93441824811829,1.3746213837994183],[103.93476938525126,1.374449824753533],[103.93510627194482,1.374279322565997],[103.9353484240617,1.3741504052002658],[103.93540770591387,1.3741188548596588],[103.93559882478948,1.374015870458963],[103.93588839603986,1.3738619037669049],[103.93617807406642,1.3737052537930958],[103.93647708539682,1.3735461290446858],[103.93677332731201,1.3733874647026958],[103.9368986677775,1.37332030306991],[103.93755987290767,1.372975731834483],[103.93783175576081,1.3728267487378045],[103.93811248230206,1.372677728143638],[103.93835877539739,1.3725444295781608],[103.9384196233519,1.372512379890543],[103.93843444851487,1.3725045718715043],[103.9385856240175,1.3724249450865995],[103.93886866572309,1.3722679053230633],[103.93916315182322,1.3721165525562065],[103.93937838357921,1.371995443372076],[103.93956419982837,1.3718967329311964],[103.93984081878922,1.3717478886827732],[103.94074480797731,1.3712129482483857],[103.94107542080427,1.3709613377946834],[103.94147808277853,1.370612957222311],[103.94286797569112,1.3693427823743287],[103.94288806068108,1.3693270916634808],[103.94326838349649,1.3689741303525345],[103.94361791896654,1.3686891594903876],[103.94399042584696,1.368395452278447],[103.94463928514494,1.3679590255233753],[103.94561603555861,1.3674921721980875],[103.94625109504126,1.3672490604230052],[103.94635752704302,1.36721615829179],[103.9467042666821,1.3671089703598354],[103.94703778561602,1.3670198946781198],[103.94703997901043,1.3670197046574784],[103.94853756500599,1.366664177679355],[103.95025732316314,1.366255907363984],[103.95195888778201,1.3658563511982806],[103.95287303514361,1.3656416932002262],[103.95311353016686,1.3655852200035912],[103.95311435144735,1.3655850264288625],[103.95321274696234,1.3655619213660006],[103.95321317916795,1.3655618200557338],[103.9532168973941,1.365560947159472],[103.95322736287982,1.3655584894818016],[103.95322742308294,1.3655584722958913],[103.95355997459733,1.3654686994307836],[103.95374779140343,1.3654181731970112],[103.95390897226936,1.3653732996536376],[103.95406825435305,1.3653263416407402],[103.95412637906828,1.365308958668119],[103.95428534559547,1.3652589990789863],[103.95444761241073,1.3652062475461653],[103.95457270782111,1.3651636014246886],[103.95475803302098,1.3650985557054056],[103.95490945304917,1.365042485684602],[103.9550592591766,1.3649850727590487],[103.95523229898208,1.3649167773530078],[103.95538459566939,1.3648544174197959],[103.95552352004478,1.3647952740733977],[103.95569013657924,1.364721256160532],[103.95586156113639,1.3646433863116658],[103.95600838330247,1.364572761655664],[103.95613572408575,1.3645108623746725],[103.95627808477055,1.3644386118893506],[103.95642234396776,1.3643634302605494],[103.95643178585044,1.3643584838174052],[103.95669376752943,1.3642212622872163],[103.95695202771508,1.3640742539153978],[103.95714675809562,1.3639574545058126],[103.95734766570715,1.363833022849093],[103.9575092970091,1.3637267157305617],[103.95778514035479,1.363547242475311],[103.95799882337596,1.3633989313259922],[103.95829439000626,1.3631815479370732],[103.95854404915977,1.3629873122592668],[103.9588166265637,1.362765621635404],[103.95906298165937,1.3625550976171208],[103.95931425287982,1.3623295247323717],[103.95954572822959,1.3621129603154505],[103.95967934703276,1.3619815720606758],[103.96004752857657,1.3615997074078803],[103.9603718359057,1.361237522145375],[103.96063682587972,1.360921014806396],[103.96088587974837,1.3606046511809389],[103.96115023544442,1.360241516729204],[103.96200607594393,1.3588838806034287],[103.96209915820792,1.3587145066830904],[103.96217219407791,1.358573018936027],[103.96224236609288,1.358429189043369],[103.96235429431317,1.3581997707932698],[103.96239280885793,1.3581208260546886],[103.96253207161354,1.3578285269397434],[103.96261275719701,1.3576417501284206],[103.96332090913327,1.3555597004707634],[103.96356457673254,1.3547661240684987],[103.96405322437023,1.353347720585288],[103.9642870250297,1.3526987268432384],[103.96513640240606,1.3529540588353155],[103.9651414784636,1.3529555851208919],[103.96741061959278,1.3536377070193466],[103.96741712624828,1.353640780583487],[103.96775572960729,1.3537564558339696],[103.96786429747904,1.353805838787161],[103.96795534949159,1.35385168484997],[103.96808841860941,1.3539363211626985],[103.9681759620147,1.3540032951148668],[103.96828449630243,1.3540949976632743],[103.96835828207617,1.3541825683157507],[103.96845958782896,1.3543136245668217],[103.96852263204167,1.3543982638742498],[103.96857167166075,1.3544899688409011],[103.96860319553005,1.3545640116984268],[103.96878013105666,1.3551562882306556],[103.96895595450626,1.3558821345236578],[103.96919878987502,1.3567308779673255],[103.96977479917962,1.358924700463123],[103.96982121263706,1.3590997777450033],[103.96991259635982,1.3594317700877419],[103.96995763785999,1.3595771373491905],[103.97002465388655,1.3597409080236196],[103.97010262045332,1.359899873196594],[103.97018662237325,1.3600373250637223],[103.97020421010657,1.3600716608676853],[103.97027705034508,1.3602139173369288],[103.97060086963924,1.3605657877891784],[103.97061504875667,1.36057765582091],[103.97075640590229,1.3606958152452633],[103.97118588393509,1.3611584638536844],[103.9713428951895,1.3613267511057654],[103.9715506123333,1.3615084443914984],[103.97186884451162,1.3617151847992226],[103.97190896511711,1.36174124889564],[103.97221288348473,1.3619055782295917],[103.97296993331217,1.3622653173122998],[103.97344840850893,1.3624397352941586],[103.97374722509558,1.3625901737167916],[103.97387172939479,1.3626528359573378],[103.97421411251612,1.3629348988740466],[103.97451879137266,1.3633926515678834],[103.97471230149029,1.363786299687193],[103.97488965690602,1.3642353029013625],[103.97494252683781,1.3643912677727217],[103.97509267553234,1.36480881797345],[103.97513873452667,1.3649368728352116],[103.97519929438111,1.3651534936728429],[103.97558234059377,1.3663179421621368],[103.97559712229541,1.3663686361701968],[103.97560817958234,1.3664064694750353],[103.97566635340185,1.366600479585729],[103.97583681549165,1.3668673627717773],[103.97601597984898,1.3670667701057293],[103.97618573343543,1.3672186646428237],[103.97731274085794,1.368079523660719],[103.97830180855226,1.3689009982767693],[103.97851775953113,1.3690825890328138],[103.97875701732981,1.3692749556172827],[103.97911208041609,1.3695812194003891],[103.9792778477165,1.3697528018647582],[103.97959517455925,1.3700864347506558],[103.97977515239508,1.3702961477895217],[103.9798840907217,1.370496332313524],[103.97994566918618,1.3706822208917455],[103.97998357089469,1.370920541272724],[103.97998832116771,1.3711493308232037],[103.9799599190969,1.3713685895444891],[103.97989836496316,1.3715830843247798],[103.97981312969473,1.371778514818186],[103.97968527143972,1.371969181045245],[103.97953846868053,1.3721455486714504],[103.97933483356964,1.3723123878137757],[103.97912646037649,1.3724363279483633],[103.9788666960278,1.3725122812802195],[103.97598557124718,1.373185195962791],[103.97566288539826,1.3732780073252862],[103.9754784987471,1.3734094727308865],[103.97534021137321,1.3735564008535714],[103.97485776967876,1.3740449847165241],[103.97797375284199,1.377219436238966],[103.97819071233967,1.3774676755897937],[103.97823384541674,1.3775255918674605],[103.9782771911578,1.3775934244529138],[103.97836365458826,1.377746884752121],[103.97845638687198,1.3779220312466904],[103.97852772072737,1.3780842584386117],[103.97859195960493,1.3782782101526379],[103.97863952304465,1.378505522062642],[103.97865824484127,1.3786549801824735],[103.97866499787024,1.3787631558482756],[103.97828081061957,1.379421496568437],[103.97827756078439,1.3794263938840927],[103.97759173301351,1.3806395822790467],[103.97666636096388,1.3823090914633012],[103.97561087194066,1.3841793629144161],[103.97484065020294,1.3855423452217648],[103.97455835205805,1.3860497667982385],[103.97323357598603,1.3872920523865873],[103.97287356150152,1.387632448299579],[103.97276831309573,1.3873222884077259],[103.97276683809554,1.3873147750601684],[103.97275254339498,1.387311673947962],[103.97257419015375,1.3872393989039689],[103.9724012371129,1.3871630086812257],[103.97231223010742,1.387107630846071],[103.97223855423587,1.3870617913065824],[103.97182231782713,1.3868028184769097],[103.97179122693835,1.3867834760146531],[103.9717880009407,1.3867814676176313],[103.97171958954789,1.3867616498478204],[103.97168946164959,1.3867529227227813],[103.97154106068825,1.3867278715890068],[103.97139850432637,1.386614454938525],[103.97125282125795,1.3865065279357023],[103.9710955298066,1.3864190130418783],[103.97084529510641,1.3862663804950768],[103.97069672744034,1.3861546363112827],[103.97059149597625,1.3860076665158265],[103.97048417993268,1.3858624051746427],[103.9704825713795,1.385860560370786],[103.97047934618493,1.3858568526763055],[103.97042780867483,1.3857976290398364],[103.97036566819574,1.3857262242689121],[103.97024367017016,1.3855928922974048],[103.97012097130305,1.3854601210629447],[103.97009089407116,1.3854257299392894],[103.96998039821788,1.3852993699105072],[103.96985547102297,1.38516842559861],[103.96975508504754,1.3850578279930676],[103.96974577523964,1.385047573071833],[103.96973403014408,1.3850346323376526],[103.9697076640447,1.385000467083384],[103.96968810065071,1.384975110821219],[103.96962376701298,1.3848917405445107],[103.96950442872627,1.38475624694723],[103.96941024035337,1.3846002680994558],[103.9694070321691,1.384595402819283],[103.96931045324247,1.3844488394128769],[103.96926404852778,1.3844068779026508],[103.9692508753214,1.3843889542152796],[103.96839110090248,1.3837425297678354],[103.96736543227122,1.3832216605945202],[103.96781427086027,1.382001485631573],[103.96770522061576,1.38197850387212],[103.96765647197518,1.3819591623500151],[103.96763512122762,1.3819472892958076],[103.96760920406105,1.3819056539576557],[103.96759962367663,1.381877112847393],[103.96759164253398,1.3818447009780257],[103.967588451061,1.3818172537819537],[103.96758114893925,1.3817154682878743],[103.96756121400685,1.381473435098987],[103.96753293430136,1.3812840904962016],[103.96751409954955,1.3811117744867634],[103.96750640639233,1.3810871672417306],[103.96748101262328,1.3810849982159923],[103.96744037901732,1.3810818623882632],[103.96741723992682,1.3810665347709092],[103.96737439420845,1.381034387143828],[103.96737306364288,1.381022268772374],[103.96734489212886,1.3809994261939156],[103.96725719812348,1.3809573150422503],[103.96701252066019,1.3808628592753591],[103.96622424511237,1.3806106546466472],[103.96605074979479,1.3808223619218838],[103.96604446018418,1.3808294615150647],[103.96598761222333,1.380897907710673],[103.96569292123544,1.3813079501126075],[103.9654351128137,1.3816666724135145],[103.96504286682747,1.3819555113101198],[103.96477183380287,1.3820337718005866],[103.96475923895714,1.3820909191241573],[103.9645000474827,1.3821234652454626],[103.96429589860232,1.3821002236309663],[103.964237961207,1.3820978465647016],[103.964151679137,1.3820936297875113],[103.96405024663495,1.3820803033051985],[103.96394116767141,1.3820741262218421],[103.9638419520974,1.3820635163106627],[103.96373560622482,1.3820506051883077],[103.96361362144204,1.3820348778371367],[103.96351579119974,1.3820193273067194],[103.9634147803774,1.3820105044952244],[103.96331287897182,1.3819998757177547],[103.96320526727601,1.3819752468240356],[103.96310250571786,1.3819605611172614],[103.96301944347701,1.3819442112022218],[103.96295695311674,1.3819271077254909],[103.96285023021267,1.3819042874898768],[103.96277202694854,1.3818951785246885],[103.9626523242099,1.3818731665866442],[103.96257827317743,1.3818460759601214],[103.96250106929728,1.3818234639036657],[103.96247973232435,1.381816657034745],[103.9624463632579,1.3818060127118736],[103.96240290125095,1.3817921466989036],[103.96232251676588,1.3817758183165938],[103.96226045520255,1.3817618692113853],[103.96213905795985,1.3817267884049516],[103.96202839504731,1.3816913326009945],[103.96193287541998,1.3816658890617701],[103.96184544171273,1.3816341995550427],[103.96178463608986,1.3816319672812807],[103.9617090901328,1.3816269268593333],[103.96162429677439,1.3816015604989527],[103.96146974890888,1.3815738999382385],[103.96135545710875,1.3815465220587704],[103.96123077583556,1.3815325790327846],[103.96115748423193,1.3815244021434838],[103.96106717207873,1.3815201610514614],[103.9609818072511,1.3815118997996678],[103.96085308611673,1.3815001807977878],[103.96075208178273,1.3814946804947659],[103.96073709804297,1.3814938646644304],[103.9607104732628,1.3814924145999017],[103.96059638809552,1.3814979093240454],[103.96056376333974,1.381492569016077],[103.9604784548204,1.3814786111668218],[103.96035959535712,1.3814638077323231],[103.96023179682064,1.3814475912543376],[103.96012096989287,1.3814364491374873],[103.95997120610312,1.3814268311449753],[103.95985583911656,1.381423760689635],[103.95974452362807,1.381417566345434],[103.95961492005273,1.3814049420559038],[103.95948261271965,1.3813931942303193],[103.95934623343487,1.3813886254400642],[103.95921883961755,1.3813791662775312],[103.95906193574628,1.3813690457820234],[103.95893727413512,1.381352852579076],[103.95878578823418,1.3813346648675517],[103.95865786215538,1.3813364604879508],[103.95864333042984,1.3813362505427378],[103.95863190597035,1.3813360856506645],[103.95862106738052,1.3813359279623716],[103.95853533541137,1.3813346908200803],[103.9584405474458,1.3813299651257365],[103.9583533597035,1.3813270938717483],[103.9582571418919,1.3813354163811662],[103.95811085184101,1.3813402335125686],[103.95795689215704,1.3813562497549576],[103.95779663898291,1.3813744747713441],[103.95766913456097,1.3813807731349235],[103.957547057027,1.3813776540840697],[103.95744905107104,1.3813864161750156],[103.95733668977,1.3814000282052372],[103.95722884082029,1.3814082644653247],[103.9571070680497,1.381425412129947],[103.95701212309358,1.3814432013849285],[103.9568768997894,1.381464301804749],[103.95677126063306,1.3814766003232284],[103.956746639866,1.3814789800824485],[103.95673478236064,1.3814801238158247],[103.95672475972354,1.381480937361103],[103.95665326059921,1.3814867480052297],[103.95658478950244,1.3814894212570892],[103.9565118676111,1.3814889104802024],[103.95643350004838,1.3814996213099011],[103.9563376848932,1.3815102082440416],[103.95624678495427,1.3815212814653266],[103.95616214272266,1.3815332976073513],[103.95603275344446,1.38154680465217],[103.95595252901063,1.3815669571032227],[103.95586434701907,1.3815735454372429],[103.95575333415265,1.3815813241880475],[103.95566289065837,1.381591949704418],[103.95558136388728,1.3816062392310895],[103.95549223963387,1.3816195741417068],[103.95541705978279,1.3816222024891385],[103.9553140919042,1.381631387991108],[103.95523005983239,1.3816441971945503],[103.95515601695531,1.3816523475102862],[103.95501689882042,1.3816660006047887],[103.95500273106829,1.3816668749487726],[103.95479929523634,1.381687355661048],[103.954217931526,1.3817821092976694],[103.95421552337598,1.3817826068201695],[103.95350385220614,1.3819318710548816],[103.9532163552991,1.3820154487409653],[103.95275627997552,1.3821657191846146],[103.95264774860381,1.3822032195315],[103.95247921362082,1.3822488495027185],[103.9523326135934,1.382292382044812],[103.95224655299262,1.3823151853547648],[103.95213088587613,1.3823494836920043],[103.95205026476464,1.3823628686929386],[103.95192030655141,1.3823934625671],[103.95182438960104,1.382418444061901],[103.95172936585284,1.3824438858285337],[103.95163829186754,1.3824801589401918],[103.95151947356838,1.38251713793658],[103.95141375112875,1.38253709888733],[103.95129898163894,1.3825709503858141],[103.95122238255043,1.3825848153747484],[103.95110950384232,1.382604275653164],[103.95106064012245,1.3826183364033353],[103.95097134358556,1.3826564235526733],[103.95086516025358,1.3826781832792694],[103.95072659619485,1.3827235755991112],[103.95058223979201,1.3827662234596019],[103.9503451951863,1.3828199190789268],[103.95024634078594,1.3828454107184094],[103.95014572341108,1.3828714929898136],[103.9500260863123,1.3828869843068026],[103.94924069142544,1.382989645543731],[103.94904693941555,1.3831420482488628],[103.94904649560881,1.383143876891264],[103.94892327137391,1.3832521097831028],[103.94885637529012,1.3833082893362691],[103.94878640308536,1.3833396641881865],[103.94870158058072,1.383398503440313],[103.94863020062617,1.3834551227272536],[103.94857366320771,1.3834910440503279],[103.94852827784904,1.383542771272401],[103.94822675667706,1.3837236711163985],[103.94804877517105,1.3838337180736675],[103.94768252640232,1.3840969659098437],[103.94746214788505,1.3842541900425356],[103.94737867135579,1.3843125842406072],[103.94721660971867,1.3844397571855755],[103.9470738664854,1.3845475912073424],[103.94696128391705,1.384599590241951],[103.94684551326863,1.3846718724648235],[103.94672430816573,1.384765788196951],[103.94664040877677,1.3848138057378117],[103.9465300724071,1.3848613009207333],[103.94638322481156,1.3849961827728787],[103.94629390875608,1.385062227218347],[103.9461956249437,1.3851286953321695],[103.9460767004827,1.3852059308650446],[103.94596358208709,1.3852913008547145],[103.94585404009496,1.3853784830109228],[103.945755738689,1.385453521751775],[103.94559108457342,1.3855441566704674],[103.9454856292171,1.3856110555760985],[103.94533892899211,1.3856909186668387],[103.94519757561491,1.3857780118727518],[103.94507821174713,1.3858565975940886],[103.94498513809893,1.3859102234684209],[103.9448589962405,1.3859882207612289],[103.94481929840218,1.3860137148104859],[103.94470173934577,1.3860837361166913],[103.94454826655216,1.386183877097685],[103.9445171293194,1.3862070184910025],[103.94435301031326,1.386328993986181],[103.94419638376243,1.3864349845116752],[103.94398728589108,1.3865620256282067],[103.94388675695254,1.3866208347149531],[103.94386257426041,1.3866349809845973],[103.94375507188064,1.3867025473356072],[103.94371479352091,1.3867470637554509],[103.94306634379896,1.387463695554988],[103.94298318545914,1.387548555766897],[103.94290687401516,1.3876281423194605],[103.94286850019134,1.3876832215920851],[103.94283714510287,1.3877375273073354],[103.94278017186447,1.3878360946198667],[103.94271525226985,1.3879488101479838],[103.94268590379292,1.3880248340334949],[103.94265430105202,1.3881457342992116],[103.94263941106053,1.3882306365426316],[103.94262428813319,1.388291529781382],[103.94261369573813,1.3884484046093017],[103.94262649793615,1.3886090622014409],[103.94262984456547,1.3886554422759987],[103.94264675663875,1.388889671373382],[103.94271079654214,1.3894216017432857],[103.94282000049458,1.3901631576039077],[103.94290301679156,1.3905231578184247],[103.94312321088292,1.3914309664533693],[103.94321225707758,1.3918954238434602],[103.94323437563715,1.3922466364834762],[103.94322375452309,1.3924421483850413],[103.9431787377021,1.3926189904325932],[103.94312942168108,1.3927483491310708],[103.94306694302094,1.3928718065762613],[103.94299198457625,1.3929880098090537],[103.94290536848536,1.3930956881606569],[103.94276262141415,1.3932329797689216],[103.94095601530968,1.3950382180777468],[103.9409421526304,1.3950511140204913],[103.94084171199782,1.3951445591820313],[103.94080016104549,1.395188712973444],[103.94074320257762,1.395241874922554],[103.94065828610113,1.3953029965440296],[103.9405652782311,1.3953511047575042],[103.94046629956254,1.395385074437823],[103.94036346082481,1.3954041810931217],[103.94025895363393,1.395408015850664],[103.94015500646285,1.3953965008330844],[103.9400538343203,1.3953698792126572],[103.93995759292315,1.3953287161178993],[103.93986833376724,1.3952738950179557],[103.93986620136052,1.3952721108078676],[103.93980641946864,1.3952238703123554],[103.93966245738862,1.3950850192325759],[103.93798385849642,1.3935438323151712],[103.93795857418965,1.393520621170784],[103.93777497602206,1.3933809641318287],[103.93756894066213,1.3932474667849775],[103.93740037503258,1.393194059914501],[103.9373885864272,1.3931902946725094],[103.93723183817687,1.3931614524657796],[103.93718723520796,1.3931552758390975],[103.93706651176001,1.3931452111126505],[103.93698677079097,1.3931385630568327],[103.93693077563738,1.3931319727313634],[103.93666940682164,1.3931013589442915],[103.93658448784355,1.3930647350992407],[103.93653450357094,1.3930442281668023],[103.93648830058127,1.3930252747616962],[103.93644407507061,1.3929996271762917],[103.936198697076,1.3933354296257776],[103.93615185430218,1.3933995347162746],[103.93622995434527,1.3935481035969162],[103.93626890726892,1.393641811036553],[103.93628598849098,1.3937074760563954],[103.93630699416794,1.3938435862308258],[103.93632031194562,1.3939873132851746],[103.93633905546338,1.3941132087822963],[103.93634734251594,1.3942249975867196],[103.93636179811145,1.394270249447516],[103.93637804046294,1.3943242889211527],[103.9365112844586,1.3945957437689924],[103.93653690725566,1.394653946512665],[103.93656962408393,1.394706517476767],[103.93661110540029,1.394753449352356],[103.93662430339738,1.3947667094386236],[103.93849626957906,1.396494475798479],[103.93858575269115,1.3965939588835048],[103.93863459516305,1.3966997453953316],[103.93866061204773,1.3967878535518519],[103.93868307030729,1.3969106016669028],[103.9386862075051,1.3970172756090455],[103.93868408896194,1.3970443251882594],[103.9386627462994,1.397133736858165],[103.93862776480287,1.39721869334885],[103.93858000791224,1.3972970964997424],[103.93856196269255,1.3973183516416592],[103.93848275366595,1.3974155606187681],[103.93641386110652,1.3994112546679651],[103.93631475818769,1.3995068510784667],[103.93625289714481,1.3995665227502165],[103.93477911792677,1.4009881549763397]]]},"properties":{"OBJECTID":18,"PLN_AREA_N":"PASIR RIS","PLN_AREA_C":"PR","CA_IND":"N","REGION_N":"EAST REGION","REGION_C":"ER","INC_CRC":"B375AD2AA1E8E3DB","FMEL_UPD_D":"20191223152014","SHAPE.AREA":15803181.4706102,"SHAPE.LEN":22407.4002790611,"fill":"#FDE5CC","fill-opacity":0.35,"stroke":"#555555","stroke-width":1.2,"stroke-opacity":1.0,"layer_type":"Planning Area","display_name":"PASIR RIS"}},{"type":"Feature","geometry":{"type":"Polygon","coordinates":[[[103.8884770166801,1.4010533519609925],[103.88791459050044,1.4011183980023343],[103.88682090259044,1.4012063935503243],[103.88680747870157,1.401207473668898],[103.88601192882446,1.4012714809612936],[103.88223691734032,1.4014051297043373],[103.88129280051459,1.4013978954461825],[103.8782332677719,1.401374451152774],[103.87668987514456,1.4012822036518817],[103.8722203691918,1.401087411186889],[103.8721136328577,1.4010827591108346],[103.86892029110498,1.401031940545934],[103.86827680833379,1.401021699327408],[103.86609581880762,1.400962415617676],[103.86609646849092,1.4009630305759866],[103.866000483729,1.4009604481568882],[103.86583233921597,1.4009559232640705],[103.8658320741342,1.4009559160328549],[103.86557644544848,1.4009490373772844],[103.86369291546951,1.4008970970414798],[103.86225392443754,1.4008883864372292],[103.8621320506574,1.4008876481779757],[103.8616137844937,1.400884511865147],[103.86109882253095,1.4008912311557955],[103.86097157975068,1.4008928912729766],[103.86074069159429,1.4008741908511808],[103.860011790896,1.4008151570110985],[103.85963473838527,1.4007846191206834],[103.8592843554235,1.4007203553313026],[103.85886886649874,1.4006441509818002],[103.85880681570265,1.400632770240859],[103.85829753804312,1.4005393640013204],[103.85807442064035,1.4004984421037354],[103.85783177711315,1.4004624383213369],[103.85761899835133,1.4004645278215277],[103.85734957130646,1.4004777144330034],[103.85709599194799,1.4005207557152453],[103.85687588300726,1.4005688294174832],[103.85671041331501,1.4006257499440296],[103.85646965099744,1.4007295498192283],[103.85629445620016,1.4008140969238796],[103.85607760702892,1.4009303568499554],[103.8559521639092,1.4010060433887794],[103.85578516081134,1.401118407707551],[103.8556352136945,1.4012318001130142],[103.85564206423548,1.4012054658727202],[103.85564814381019,1.4011809602637322],[103.85565406882341,1.4011559011854657],[103.85565929924977,1.4011326589810706],[103.85566278557803,1.4011146810961097],[103.85566362121857,1.401110370889385],[103.85566781649334,1.4010887294191274],[103.85568123795778,1.4010195056539598],[103.85568125862383,1.401019364572968],[103.85569973759667,1.4008859155423654],[103.85569974927698,1.4008857835051005],[103.85570996945877,1.4007605118127064],[103.8557132100723,1.4006055472046137],[103.85571320647698,1.4006054432027986],[103.85570672091869,1.4004587201569036],[103.85570671103335,1.400458620676961],[103.85568971199334,1.4003038850668834],[103.85568969761519,1.40030379643935],[103.85566600522168,1.4001680073185854],[103.85566597826312,1.4001678906558854],[103.85562626480112,1.4000047057897471],[103.85557574241021,1.3998524991002494],[103.85555987570478,1.3998046990930024],[103.85549913389467,1.3996673738083538],[103.85546546872267,1.3995912637591557],[103.85540593670896,1.3994854573540494],[103.85536223706924,1.399407790083349],[103.85528160533818,1.3992872427409129],[103.85522404868925,1.3992102330703977],[103.85513788815432,1.3991062654796493],[103.8550646000291,1.3990267788989967],[103.85498190823886,1.398945431222114],[103.85488584103989,1.3988604861058274],[103.85477121540669,1.3987707236090419],[103.85470614693915,1.3987258397164426],[103.85459527571082,1.398649362283517],[103.85405581284788,1.3982772457672346],[103.85357477532867,1.3979454297900318],[103.85330498105932,1.3977503924488475],[103.85238819145138,1.3970876333203022],[103.85249097332063,1.3971403252493433],[103.8536349620584,1.397606142636653],[103.85365535721411,1.3976140827752472],[103.85405068590529,1.397703295714199],[103.85447744743634,1.3977427728022815],[103.85481148583173,1.397739181235708],[103.85518171693599,1.3977002304588109],[103.85576248408324,1.3975118558756408],[103.85625158654138,1.3972838591507175],[103.85675085622921,1.396953654620301],[103.85700632033071,1.3967206417547693],[103.85720733900327,1.396537288950593],[103.85731432077127,1.3963982789680671],[103.85739329684695,1.3962956599724445],[103.85739545698814,1.396291165261099],[103.8574926335483,1.396164025149024],[103.85766379743411,1.3956040936335241],[103.85771842437029,1.395299982578976],[103.85781975588186,1.394735867284708],[103.85795604264011,1.3937924586340924],[103.85798492359528,1.3935925350978364],[103.8579933004461,1.3935345444754428],[103.85800579428974,1.393448051873087],[103.85802441779731,1.3933191128805436],[103.85804619329089,1.3931683488374826],[103.85805796081232,1.392797629098755],[103.85811147784997,1.3911116977282552],[103.85811246086364,1.3911087295950784],[103.85918978167426,1.3908662046089402],[103.85926561070225,1.3908491339006201],[103.85952250457467,1.3907913042012447],[103.86059626518133,1.3904932578973082],[103.86178706309437,1.3901627222215596],[103.86209295774621,1.3900778140853711],[103.86280581409267,1.389873721935828],[103.86398091068318,1.3895558744866305],[103.86401241380251,1.3895470429606207],[103.86427558018865,1.3894745836714482],[103.86453562401269,1.389403008862602],[103.86479503162988,1.3893316094803954],[103.86505632264279,1.3892597162616518],[103.86531262655276,1.3891892004284458],[103.86556126110945,1.3891202401789173],[103.86569664389387,1.3890842753784385],[103.86605438864626,1.3889831652398352],[103.86613896332034,1.3889592834244158],[103.86625544457657,1.3889280513927815],[103.866360448299,1.3888966811491839],[103.86647087496829,1.388867852991616],[103.86677766964797,1.3887829234385642],[103.8669681600794,1.3887283758134812],[103.8670991918376,1.3886875002989265],[103.86723839978491,1.3886493811605918],[103.86740969039403,1.3886017937624215],[103.86758763316115,1.3885540651741344],[103.86774114546358,1.3885104698738484],[103.86793834014142,1.3884564520301657],[103.86808530544793,1.3884163187094012],[103.86823657041656,1.3883745239990535],[103.86841902395223,1.3883231570252679],[103.86868573487898,1.3882462820898396],[103.86882284999601,1.3882087742403109],[103.86886511529497,1.3881972094994999],[103.87085998567557,1.3877182915489983],[103.8718925215627,1.3875009778874137],[103.87276491311226,1.3873500657729099],[103.87298796298754,1.3873363410121806],[103.87310966260192,1.387335101786749],[103.87332165837648,1.3873329421873912],[103.87412855341329,1.3874447357426456],[103.87475487492249,1.3876024241538827],[103.87529105563304,1.3878031056576186],[103.8759439884387,1.3880990261971398],[103.87630500151771,1.3882428342827597],[103.87697599126676,1.3884786637383275],[103.87749892124417,1.3885939956303859],[103.87773290507818,1.3886282575668984],[103.87793227579579,1.3886662289334846],[103.87809005450684,1.3886792279719906],[103.87842909333982,1.388694058481374],[103.87880989837322,1.388679214146608],[103.87899498340595,1.3886639132415906],[103.87899629173059,1.3886637214910276],[103.87951496425414,1.3885877040919397],[103.87983360637276,1.3885155946857703],[103.88007780049125,1.388444865874242],[103.88031823892649,1.388348067920834],[103.88059440785138,1.3882258647404846],[103.88072718109349,1.3881562034418806],[103.88073722168714,1.3881509353200026],[103.88087296468618,1.3880797139258747],[103.88112052626445,1.387947905111326],[103.88151645745393,1.3877388687030714],[103.88269375240421,1.3869757882110438],[103.88323798070581,1.3866365335816482],[103.88368164580287,1.3863071376460385],[103.88454440372671,1.3855906937812317],[103.88575879327098,1.3845758008594131],[103.8867069474171,1.3837605100897585],[103.8886721317553,1.382111151260267],[103.88868061593121,1.3821040301010095],[103.88896787193079,1.381820526107084],[103.88963719158029,1.3812615718347616],[103.889922905386,1.381014982992462],[103.89034733035466,1.380661531152963],[103.8906493662999,1.3804395649455972],[103.89089422342275,1.380299842934169],[103.89111402161295,1.3802189738862678],[103.89146853515005,1.3801129140743378],[103.89185625390941,1.3800543324847492],[103.89230634855431,1.3800531926522888],[103.89283612108649,1.380034525969607],[103.89346322564374,1.3799934248572183],[103.89455857312772,1.3800159000225463],[103.89484916976103,1.380004658472228],[103.89537448047496,1.3799033279761976],[103.89616802680644,1.3795881570802586],[103.89666558028219,1.3794133465895044],[103.8968711587154,1.3793838832377021],[103.89689962720891,1.3793798037925706],[103.89710241545076,1.379379798333129],[103.89963361211484,1.3797694298549015],[103.89986401258923,1.3797998407478202],[103.90102714351536,1.3799712813945277],[103.90262334772855,1.3802127047338808],[103.9031435738052,1.380291387139812],[103.9035024719386,1.3803441795843203],[103.9035277516192,1.3803478984807627],[103.90419558756152,1.3804342407435013],[103.90473077480142,1.3804168264892231],[103.90474446628758,1.3804141419246465],[103.90506137426677,1.380351998937289],[103.90566935006537,1.3801145433909614],[103.90630499224599,1.379799570229577],[103.90742310633243,1.379086292033296],[103.90793568512254,1.37869399832931],[103.90852094281415,1.3781524487852992],[103.90873953675015,1.3778366815286307],[103.90881725525102,1.3777244122792547],[103.90926992697858,1.3770318950727714],[103.9093566907078,1.3768991597733173],[103.90943451406842,1.3767801023508042],[103.91001537338535,1.375902095054652],[103.91002183737658,1.375891622317098],[103.9100421953343,1.375860818135859],[103.91004529076459,1.3758561352418908],[103.91008338483972,1.3759130627823033],[103.91010702362865,1.3759430470906509],[103.91076639116021,1.3767793872561842],[103.91132145919946,1.3772300033804346],[103.91204782604608,1.3777397065838421],[103.91281044866982,1.3781911564752014],[103.91284496098493,1.3782163825316864],[103.91353517027942,1.378630914873832],[103.91410282718864,1.378996526940343],[103.91434396629536,1.3791525448786845],[103.9145796779327,1.3793050522385102],[103.91458723872816,1.379311016254721],[103.91487621543891,1.379473174925912],[103.91500161909887,1.3795435436277268],[103.91509504858443,1.379606445196215],[103.91529118232677,1.3797492988649778],[103.9153657190901,1.379805292645517],[103.91539763992654,1.3798292761562232],[103.91553203354975,1.3799434175067744],[103.9156663565879,1.3800688869055817],[103.91579671900035,1.3802283225095349],[103.91597550578359,1.3804465960945502],[103.91606437538076,1.380544513821047],[103.9162126743611,1.3807584285167998],[103.91633131131782,1.3809424939259223],[103.91653398857576,1.381315600843377],[103.91667734248179,1.381494690457854],[103.91681575245637,1.3816737811412267],[103.91749852126586,1.3823648993032098],[103.91749836581802,1.3823650548592148],[103.91704833773613,1.3828092470535855],[103.91696662525143,1.3828938061041678],[103.91632180048862,1.3835990648910104],[103.91606377761754,1.3838619443157116],[103.9143502558041,1.3858973475131755],[103.91432583081242,1.3859263603270122],[103.91320863141648,1.3871454946709691],[103.91236917840298,1.388128114648276],[103.91167065474362,1.3889457710831796],[103.9091804600939,1.3918316545147302],[103.90869247357875,1.392415232399442],[103.90821596393366,1.392985101486374],[103.90769052488955,1.3935334952201919],[103.9074109170417,1.3938253023444642],[103.90738705247003,1.3938502083618354],[103.90639934615595,1.3947423450260847],[103.90510928302861,1.3958028441830814],[103.90447665794625,1.3962809742218498],[103.9035834172905,1.396873019237176],[103.90201992992978,1.3977489191126886],[103.90197037942812,1.3977766781969567],[103.90128479005075,1.3981651901808458],[103.90083946432871,1.3983832460374752],[103.90041600596857,1.3985552283882514],[103.89961834895713,1.3988568003349933],[103.89857339062081,1.3992238684318936],[103.89778406718249,1.3994823131565939],[103.89657630644453,1.399831694625122],[103.89595816025701,1.399980064918207],[103.89537805274395,1.4000949355087438],[103.8944238161033,1.4002347536222461],[103.89287574239364,1.4004634918728045],[103.88996063294343,1.4008817685231685],[103.8884770166801,1.4010533519609925]]]},"properties":{"OBJECTID":24,"PLN_AREA_N":"SENGKANG","PLN_AREA_C":"SE","CA_IND":"N","REGION_N":"NORTH-EAST REGION","REGION_C":"NER","INC_CRC":"3909BE3D6566DC6B","FMEL_UPD_D":"20191223152014","SHAPE.AREA":10603043.387243,"SHAPE.LEN":17026.953573552,"fill":"#D5F0E0","fill-opacity":0.35,"stroke":"#555555","stroke-width":1.2,"stroke-opacity":1.0,"layer_type":"Planning Area","display_name":"SENGKANG"}},{"type":"Feature","geometry":{"type":"Polygon","coordinates":[[[103.85616562400877,1.3090836803917658],[103.85571540715884,1.309467524876166],[103.85489441561526,1.3102458699508355],[103.85475163284084,1.3103740522134368],[103.85447264991123,1.3106178803555382],[103.854541762496,1.3107022705561429],[103.85465407156863,1.31085142103405],[103.8547696980818,1.3109987835489856],[103.8548577343308,1.3111070931179551],[103.85492256710583,1.3111859233103413],[103.85506656023365,1.3113670228876804],[103.85518829699888,1.3115225300364188],[103.85527737203577,1.3116341387026016],[103.85541356751385,1.311804787489243],[103.85540804149696,1.3118116688489283],[103.85522156761176,1.3120438995827859],[103.85518506182537,1.3120982413669688],[103.85511401445129,1.3122039992968872],[103.85498111269514,1.3124098510348237],[103.85486849358394,1.3125818250902888],[103.85478272286423,1.3127242596466049],[103.85465722088881,1.3129630844383722],[103.8545711440246,1.3131393630281156],[103.85451518425212,1.3132580731223387],[103.8544785681987,1.3133465881239186],[103.85436843878284,1.3136128114011676],[103.85436533166047,1.3136203230802195],[103.85433580330034,1.313594351786315],[103.85430424420343,1.313566594389007],[103.85416461214572,1.3134437801323504],[103.85412541261603,1.313407759617],[103.85402886002329,1.3133190368253767],[103.8538845365118,1.3131774615467333],[103.85378149981928,1.3130661993185233],[103.85368532536665,1.312955901082308],[103.8536427867383,1.3129071181923306],[103.85351686631253,1.3127466152928082],[103.85350311746643,1.3127290906261786],[103.85338530365621,1.3125541223410107],[103.85336754179272,1.3125243209557182],[103.85332904742317,1.312459737872466],[103.85330532360659,1.3124199351659027],[103.8532160109177,1.3122459089906608],[103.85308587298886,1.31199971845391],[103.85286510980241,1.3113654169088573],[103.85269393175392,1.3109012150966355],[103.85248471706163,1.3105231533939443],[103.852090061679,1.3100110960737912],[103.85112957801503,1.3087381320452576],[103.85065043339323,1.309108789291319],[103.85055059658512,1.3089747495696744],[103.84990535874316,1.3081084593774925],[103.84889616098248,1.3067904736833391],[103.84876772971633,1.3066283472084337],[103.84876387042581,1.3066234754195214],[103.84865152651584,1.3067165759377137],[103.84858844875198,1.3067598311842703],[103.84831135610094,1.3069943699049558],[103.84815942054254,1.3071189389132474],[103.84799310106692,1.307251608391688],[103.84789630099634,1.307331015798445],[103.84740046582674,1.3077364616261575],[103.84738027736785,1.3077565205494137],[103.8471797693129,1.307952757057932],[103.84712188259502,1.3080310835025835],[103.84707642629321,1.308092590502361],[103.84704046487491,1.3081412491395912],[103.84703042436982,1.3081170664822106],[103.84683243937933,1.3076402222711663],[103.84676773772539,1.3074843897262765],[103.84673014559418,1.3073915623156465],[103.84670747224608,1.3073355732171694],[103.8466371590821,1.3071614309301576],[103.84656035978966,1.3069065008696463],[103.84661492568907,1.3068701722487233],[103.8466388593144,1.3068542363103695],[103.84671129723573,1.3068020893485472],[103.84674848617725,1.3067760280705667],[103.8467534057044,1.3067722975396194],[103.8467583692602,1.3067685326425569],[103.84684913565664,1.3066996991445081],[103.84698068339407,1.3066079714274428],[103.8471153841044,1.3065125801045483],[103.84738990895366,1.3063115211118266],[103.84775641682994,1.3060574124288515],[103.84802722971715,1.3058626513838425],[103.84827385650776,1.3056906894892826],[103.84851719096868,1.3055153823453858],[103.84866958207365,1.3054067545493928],[103.84863191288392,1.3053560018315653],[103.84848205921574,1.3051541141701988],[103.84842609457554,1.30507873118635],[103.84842067988919,1.3050714384218107],[103.8484128175418,1.3050608474538492],[103.8483529918195,1.3049802607768561],[103.84827469632795,1.3048750510701324],[103.848328625962,1.3048343724213467],[103.84838553991648,1.3048355215268914],[103.84847918244017,1.3047655231307045],[103.84847871966669,1.3047618514126815],[103.84846981374815,1.3046911590838544],[103.8484469680162,1.3045098178135288],[103.84844084053681,1.304461146749044],[103.84839550517538,1.3041432067456595],[103.84839187498987,1.3039822732529316],[103.8483876514751,1.3037726415308175],[103.84822457234483,1.3035921502951966],[103.84825345056419,1.3035651837751794],[103.8481753501942,1.30347509775409],[103.84815599447985,1.303452803469062],[103.84807813302672,1.3034994329754088],[103.84794808685143,1.3035722007346053],[103.84786453759382,1.3036189930532258],[103.84769297332207,1.3037175010694588],[103.84755058204799,1.303799461746601],[103.84738492209972,1.3038979525253438],[103.84723780808584,1.3039872566530668],[103.84710863442415,1.304073723681241],[103.84687874848663,1.3042377405272803],[103.84667697435519,1.3043844114865937],[103.84642288865352,1.3045386034013426],[103.84618279683322,1.3046823235791034],[103.84604055997234,1.3047576732636348],[103.84599303682546,1.3047753366526045],[103.84594275324869,1.304774162136912],[103.84593561429446,1.3047739948654287],[103.84589600985441,1.3047545457965204],[103.84588403399518,1.3047486656770861],[103.84585225222095,1.304712579874299],[103.84542119261225,1.3039973208182272],[103.8454095913037,1.303960422792299],[103.84540941585746,1.303912219247381],[103.84543535390013,1.3038503090240405],[103.84547640286328,1.303802599966847],[103.84552289515405,1.3037414863880903],[103.84552991185787,1.3037322645464857],[103.84581230497798,1.303322862655194],[103.84582255551946,1.3033080002736386],[103.84579917866827,1.3032522318330344],[103.84563346687088,1.3028568895981076],[103.8453730823888,1.3022411188437366],[103.84541531483902,1.3022200550806156],[103.84586654551693,1.3020092825156018],[103.84569488535102,1.3015996775731007],[103.84556301506102,1.3016528557729394],[103.84542500606888,1.3013637662953608],[103.84563195769674,1.3010817029594277],[103.8457368531949,1.3009406296771664],[103.84574916408349,1.300924080645222],[103.84640509784991,1.3000852156766851],[103.8467732064486,1.3003992082777616],[103.84692786208483,1.30020238239909],[103.84695695686918,1.3001828570057579],[103.8469746180311,1.3002310921094549],[103.84700018145202,1.3001964484688837],[103.84701438015585,1.3001769113992367],[103.84702110481766,1.3001677474342888],[103.84702105090456,1.3001676732766791],[103.84703069761413,1.3001546756934708],[103.84704743124398,1.3001594054298347],[103.84714271226106,1.300030687573048],[103.84717674899485,1.300003013823338],[103.84727492987201,1.2999231452089106],[103.84727802264997,1.2999206310576394],[103.84727805320036,1.2999206048308853],[103.84727865073025,1.299920146314627],[103.84728309402078,1.2999175444324749],[103.84728842327381,1.2999144270574654],[103.84729198599311,1.2999123406681006],[103.84729454773758,1.299911027516201],[103.84729827758717,1.2999091138595793],[103.84730252679427,1.2999069334124504],[103.84730776979085,1.2999045259642197],[103.84731430219617,1.299901528862968],[103.84731888476485,1.2998996088710055],[103.84734442585409,1.2998903561725021],[103.84735785190277,1.2998885582203328],[103.84737043601662,1.2998870813222907],[103.84737777173336,1.2998863234235536],[103.84739522236646,1.2998848211759422],[103.84741457882183,1.2998848481983487],[103.84741826914593,1.2998848526994544],[103.84742122446029,1.299884857204698],[103.84742347172161,1.2998849304456213],[103.84744291533919,1.2998855624873547],[103.84747635918156,1.2998854709582501],[103.84748271189423,1.29988545283514],[103.84748628451321,1.2998862224294074],[103.84749170633992,1.2998873908381159],[103.84749871769455,1.299888901992098],[103.84750479276423,1.2998902105736285],[103.84751116974539,1.2998915833633298],[103.847516843165,1.2998928069368039],[103.84752882347922,1.2998953888305063],[103.84753616639738,1.299896970522941],[103.84755206886506,1.2999003979753898],[103.84756910889206,1.2999040695997635],[103.84758274971945,1.2999070096122352],[103.84759138834107,1.2999088707458621],[103.847607995269,1.2999124492228655],[103.84762059737724,1.2999151649585678],[103.84767853742352,1.2999276502880925],[103.84768697656806,1.2999294689174063],[103.84769497362794,1.2999311925908963],[103.84770759730148,1.299933912847869],[103.84773113471546,1.2999389843905764],[103.8477437080705,1.2999416937952628],[103.84776246791522,1.2999457361980065],[103.84777602697532,1.2999486563138667],[103.84778861021448,1.2999513684313593],[103.84784558252824,1.299963645758681],[103.84786654560826,1.299968162939407],[103.84788321094243,1.299971754979706],[103.8478945487969,1.299974197603186],[103.84790850052198,1.2999772036307067],[103.8479143949843,1.2999784742289655],[103.84791550468873,1.299978712974816],[103.847919263307,1.2999795232637954],[103.84792157077337,1.2999800206510208],[103.84792162109143,1.2999799419709919],[103.8479461718089,1.2999404644970465],[103.84796266714427,1.2999138706503954],[103.8479644785941,1.2999109522546977],[103.84799672797108,1.299858960135611],[103.84803284015534,1.2998007414420083],[103.84810165547161,1.299689799898032],[103.84810864526752,1.2996924387933029],[103.84815731236239,1.2997108531818629],[103.84820360459864,1.2997283794973251],[103.84824972700999,1.2997458153764745],[103.84829380073512,1.2997624916005461],[103.84838346583282,1.2997964137870734],[103.8484099379238,1.299806424946221],[103.84841958831785,1.299810077617537],[103.84846071481124,1.2998256432964352],[103.84854423475065,1.2998572403923478],[103.84859183976917,1.299875246005948],[103.84863297525007,1.299890808968846],[103.84867853158266,1.299908036839559],[103.84872114247882,1.2999241623068472],[103.84876374169438,1.2999402778254623],[103.84880930431859,1.2999575147374007],[103.8488498764131,1.299972860652612],[103.84885691563069,1.299975528485143],[103.84888425392471,1.2999858670139153],[103.84890182231676,1.299992511272933],[103.84891265879432,1.2999966115955295],[103.84892648536834,1.2999581235537985],[103.84894120058775,1.299917163877529],[103.84896479877962,1.2998693273561477],[103.84899781107448,1.2998294039675296],[103.84905715059023,1.299766231908526],[103.84908446887484,1.2997378419183514],[103.84910754695288,1.2997138571153277],[103.84911076462134,1.2997105127541855],[103.84915362690006,1.2996929967475044],[103.84921233679306,1.2996721353945866],[103.84924093202525,1.299662622200498],[103.84927513147215,1.2996516185773435],[103.84928672088265,1.299648263310414],[103.84946027087065,1.299592083061797],[103.8494200441024,1.2994793632949713],[103.8494082316233,1.2994462645243925],[103.84915174550983,1.2991413604748172],[103.84931718201629,1.2990071245637007],[103.84955727457177,1.2988088491865357],[103.84956259482617,1.2988044711222781],[103.84958235191948,1.2987881309317753],[103.84961529238853,1.2987609265216566],[103.84957839876103,1.298715934612989],[103.8495219517564,1.298647148992578],[103.84952366796742,1.29864573817247],[103.84965041509105,1.2985420618787462],[103.84970268405063,1.298500043846816],[103.84977367856526,1.2984411240180138],[103.84978970761317,1.2984278107591831],[103.84979824014519,1.2984207313358038],[103.84987619653985,1.2983560398025027],[103.84989440454515,1.2983409295558526],[103.84995326412137,1.2984061609984812],[103.8499545472521,1.2984075853645205],[103.85001843605968,1.2984842642215844],[103.8500741480686,1.2985536666124726],[103.85009308864278,1.2985772622675065],[103.85009764160425,1.2985828249848506],[103.8502180782523,1.2984834977950672],[103.85023490160766,1.298469622013211],[103.8503793283493,1.2983505089617156],[103.85044497114579,1.2982963714313753],[103.8504519069713,1.2982906512769274],[103.8504684580667,1.2982770015865717],[103.85045197861453,1.2982549189198365],[103.8504511537434,1.2982538156004186],[103.85042761795928,1.2982222814653173],[103.85036906924711,1.2981533783107166],[103.85037189048487,1.2981247822773683],[103.85045493439942,1.2980579970872972],[103.85048759630727,1.2980317323027317],[103.85056400809671,1.2979702801934208],[103.85056410603747,1.2979701978955598],[103.85061034306582,1.2979315974807524],[103.85061516732253,1.2979275721199628],[103.85064362136147,1.2979038178789177],[103.85074913231534,1.2978157347338923],[103.85079650666106,1.297874029758633],[103.85086308131079,1.297962604589994],[103.85093439384691,1.2979006406346483],[103.85093834921484,1.2978972040207923],[103.8509391785662,1.2978964832362685],[103.85093969253039,1.2978960373808333],[103.85096560369436,1.297873522133738],[103.85098532931681,1.2978563879002456],[103.8510389837633,1.2978097801798014],[103.85105171785469,1.2977987179001456],[103.8511126387814,1.2977457940433177],[103.85110176630437,1.2977325352282296],[103.85119540394507,1.2976547420109683],[103.85119584333081,1.297654408297238],[103.85119811756606,1.2976572642650372],[103.85130596021128,1.2975690345732016],[103.85137535165016,1.29750874731148],[103.85146979523792,1.2974266945202242],[103.85156696678227,1.2973422722699415],[103.85163934405189,1.2972793903568154],[103.85161590981956,1.2972508813321115],[103.85154192126522,1.2971607130832614],[103.85147266627091,1.297074103473362],[103.85147315956861,1.297073694696928],[103.85156608014128,1.2969966665637263],[103.85158021684865,1.2969849477024005],[103.85161253638206,1.296958155661151],[103.85162400802369,1.296948646182106],[103.8517530462398,1.2968416742613462],[103.85181343071953,1.2967916597330802],[103.85191563492747,1.2967010976999713],[103.8519674042143,1.2966581200940195],[103.85199979652363,1.296631612922214],[103.85200987003826,1.2966234735644375],[103.85202460157612,1.296611570205801],[103.85209764915578,1.29655254629475],[103.85213776530078,1.2965201317528277],[103.85230621877444,1.2963840163540807],[103.85236310783782,1.2964463583104748],[103.8524050450137,1.2964923150978622],[103.85246386687166,1.2965576052663679],[103.85251444182899,1.2966137397073225],[103.85252852572555,1.2966298761805952],[103.85259609500866,1.2967077297145366],[103.8527222229715,1.2968610637929587],[103.852725081267,1.2968646758038243],[103.85273893784516,1.2968821905295123],[103.85279216179697,1.2969480893705627],[103.85291915151714,1.2971053185308594],[103.85310614029225,1.2973348348978433],[103.85322168159036,1.2974778737442567],[103.85331826255195,1.2975992414429398],[103.85365297984059,1.298014985188476],[103.85391469790008,1.298345017411337],[103.85417185315876,1.298667720670889],[103.85421903617751,1.298722291456846],[103.85426436368618,1.2987747134866874],[103.85439363676248,1.2989285249538982],[103.85460922307007,1.2991798687089495],[103.85484154678792,1.299451844478161],[103.85491877837502,1.299542171765659],[103.85506673237298,1.299707170931422],[103.8553045732538,1.2999791113369932],[103.85544122983922,1.3001375711167693],[103.85560994686045,1.30033383485863],[103.85572843207444,1.3004773528689235],[103.85574734575668,1.3005007223889498],[103.85576572929185,1.3005234353447916],[103.85582521272653,1.3005963709230872],[103.85583769904912,1.300612076913319],[103.85583863803927,1.3006132580052265],[103.85585377150561,1.3006322938425496],[103.85571792166866,1.3007692719492128],[103.85538294604505,1.3011070289165063],[103.85516246117001,1.301337050588362],[103.85495373052525,1.3015081166031266],[103.85485250212733,1.3016069383124624],[103.85479674154831,1.301661372503567],[103.8546352499824,1.3018196277607925],[103.85448576982813,1.3020465178585479],[103.85435054392691,1.302243192097997],[103.85419467684274,1.3024681260911222],[103.8540977779067,1.3026079561526778],[103.85403905952272,1.302692555437026],[103.8540271970591,1.3027096489327243],[103.85402874472358,1.3027548029462355],[103.8540306294232,1.3028098027756698],[103.85404758819203,1.3028723873873551],[103.85406831532408,1.302917902987896],[103.85408904326229,1.3029520398712908],[103.85411730818946,1.3029842802391176],[103.8541606471254,1.3030165204812572],[103.85421340731759,1.3030487606440397],[103.85421458172101,1.3030492155297002],[103.85422185188014,1.3030520298520596],[103.85426240069656,1.3030677265718267],[103.8543915398342,1.3030798864811886],[103.8544613596121,1.3030864615287403],[103.85453004053873,1.3030459264170648],[103.85473680859182,1.302943271122994],[103.85489821840387,1.3028848034632352],[103.85521625552651,1.3028236502746748],[103.85548347710312,1.3027553466841773],[103.8557330348912,1.3026690997231627],[103.8559594434696,1.3025878486574398],[103.85618517610689,1.3024821923915044],[103.85618772616729,1.3024807906029197],[103.85625679871238,1.3024288694891368],[103.8562568310598,1.3024288441666383],[103.85693987564002,1.301915397418719],[103.85695691194566,1.3019025905494725],[103.85741556521631,1.3015815991121962],[103.85788658496652,1.301251953605336],[103.85876528932565,1.3005109310130012],[103.85942339783622,1.2997815143251927],[103.85949329812983,1.2998488815334501],[103.86036125892159,1.3004966443524024],[103.86166482727512,1.3012646453972714],[103.86218957456131,1.3015367636474238],[103.86227727491203,1.3015822422312897],[103.8622753538572,1.301585343319952],[103.86184515066711,1.3022793974958136],[103.86173721481332,1.3024535332357081],[103.86152216082994,1.3028100307936767],[103.86110488189289,1.3035017586731594],[103.86070213196565,1.3041693994766257],[103.86019598969132,1.3050091771957537],[103.86009049297002,1.3051648773658233],[103.85992025334822,1.3054161252525023],[103.85972142675612,1.3056993725648245],[103.85963035228535,1.3058291154887889],[103.85960948645638,1.3058511776843678],[103.85949950191313,1.3059674855610321],[103.859475414826,1.3059929590527564],[103.8594690406029,1.3059997002536796],[103.85945999233297,1.3060092685265012],[103.85920612768204,1.3062777345332686],[103.85883736444613,1.3066850714072356],[103.85875972543103,1.3067708340047508],[103.85871170393686,1.3068175675374833],[103.85810945140285,1.307339246397985],[103.85807696918503,1.307367381505056],[103.85777880230782,1.3076409728428782],[103.85737923312297,1.3079846000294788],[103.85736666703599,1.3079954805618907],[103.85714401325899,1.3081936199523012],[103.85714396383926,1.3081936633622875],[103.85713288483728,1.308203522851633],[103.85713112549534,1.3082050883236624],[103.85688068341898,1.3084279550946725],[103.85685038913432,1.308455734750058],[103.85616562400877,1.3090836803917658]]]},"properties":{"OBJECTID":45,"PLN_AREA_N":"ROCHOR","PLN_AREA_C":"RC","CA_IND":"Y","REGION_N":"CENTRAL REGION","REGION_C":"CR","INC_CRC":"AB3524B3970C1C40","FMEL_UPD_D":"20191223152014","SHAPE.AREA":1588460.77070276,"SHAPE.LEN":7828.65661012293,"fill":"#DCE7FF","fill-opacity":0.35,"stroke":"#555555","stroke-width":1.2,"stroke-opacity":1.0,"layer_type":"Planning Area","display_name":"ROCHOR"}},{"type":"Feature","geometry":{"type":"Polygon","coordinates":[[[103.85720733900327,1.396537288950593],[103.85700632033071,1.3967206417547693],[103.85675085622921,1.396953654620301],[103.85625158654138,1.3972838591507175],[103.85576248408324,1.3975118558756408],[103.85518171693599,1.3977002304588109],[103.85481148583173,1.397739181235708],[103.85447744743634,1.3977427728022815],[103.85405068590529,1.397703295714199],[103.85365535721411,1.3976140827752472],[103.8536349620584,1.397606142636653],[103.85249097332063,1.3971403252493433],[103.85238819145138,1.3970876333203022],[103.85203713167314,1.3969076586730211],[103.85192393433559,1.3968496265369381],[103.85188424126363,1.3968398787126683],[103.8518624802309,1.3968259209309473],[103.85103595255457,1.3966019570665413],[103.85007095894275,1.396469066075813],[103.84973114919251,1.3964818552891152],[103.8496302611098,1.3964856507066865],[103.84922559273868,1.3965008757504818],[103.84916819862838,1.3965030348572396],[103.84779174276065,1.3965548186245422],[103.84663057411083,1.3966066492013143],[103.84493985735435,1.3966130882429804],[103.84380806529767,1.3965308516288226],[103.8436396452125,1.396516838352376],[103.84268129453714,1.3964371000821683],[103.8420448987969,1.3963114465802404],[103.84046510017552,1.3959871867702924],[103.8389669432099,1.395594465332547],[103.8365399882077,1.39498976415931],[103.8364259269412,1.3949613446712927],[103.83566028909028,1.3947284455773916],[103.83504081528326,1.394540007382183],[103.83467955116885,1.3944511366623988],[103.83449353887579,1.3944053768429934],[103.83445334001416,1.3943954894498887],[103.83440109119921,1.3943826348430162],[103.8342691626295,1.3943501808894287],[103.83421548507488,1.3943369762900573],[103.83409510954858,1.3943073647386273],[103.83385902482961,1.394253076731018],[103.83363746925414,1.39420213032305],[103.83235713912612,1.393907718023234],[103.83151693160663,1.3936827388638686],[103.82973496676996,1.3932657661667416],[103.82737212669964,1.3929477860195931],[103.82729169040867,1.3929430840244812],[103.82714792047993,1.3929346793935464],[103.8268787143208,1.3929225610924079],[103.82660950994891,1.3929149654852264],[103.82634032263982,1.3929114666165487],[103.82607113532073,1.3929115372420513],[103.82580152655524,1.3929157046046423],[103.82553281455456,1.392924817906474],[103.8252632210336,1.3929375694311894],[103.82499408487072,1.3929548436513481],[103.82472586254927,1.3929748029009263],[103.82445674431982,1.3930002027707669],[103.82418854172461,1.393028780548665],[103.82391989880145,1.3930618801145123],[103.82365386981867,1.3930996063870116],[103.82340470625665,1.3931378653712294],[103.8218933535973,1.3935346464106517],[103.81882248913355,1.3943408582042078],[103.81874925590553,1.393447223954716],[103.81860631559337,1.3928238114386438],[103.81835545502345,1.3917932679819034],[103.81801867188848,1.390458040050765],[103.81795514493315,1.3899305367173242],[103.81798691306555,1.3894030349092927],[103.8181457430195,1.38897144264157],[103.81838398418618,1.3886197758547654],[103.81814188040366,1.388350680759802],[103.81807005319858,1.3882618762601358],[103.81789319059715,1.38814426888216],[103.81784736244119,1.3881166493005563],[103.81768888717937,1.3880395711061844],[103.8174737872783,1.3879494886681862],[103.81733973531588,1.3878797667128044],[103.81706014415077,1.387719128022391],[103.81705550304534,1.3877125550718732],[103.81693899806292,1.387578770774448],[103.8168898382957,1.3875091470553835],[103.81673594941455,1.3869202258700741],[103.81674779415671,1.386833709055796],[103.8168966190351,1.3865862417110904],[103.81725231172324,1.3864346510372838],[103.81736167416275,1.3863925852848964],[103.8174164242746,1.3864160050693062],[103.8180457424281,1.3866851986510467],[103.81821882329854,1.3867274172956248],[103.81867507707284,1.3867801961603539],[103.8187460835898,1.386765717732043],[103.81885359607011,1.3866873633837697],[103.81894315452843,1.386535393680423],[103.819016774877,1.3863911145890382],[103.81905367984888,1.3863187837699218],[103.81909963275676,1.3862177159301927],[103.81915666636819,1.386055870364488],[103.81919565539707,1.3859383674711554],[103.81922814566497,1.3858636472923247],[103.81930368707086,1.385729643587601],[103.81935892957613,1.385604989980642],[103.81936776628714,1.385585828365683],[103.81944522124628,1.3853657346271586],[103.81945207298206,1.3853498241891973],[103.81945995849095,1.3852633145705102],[103.81946941840552,1.3851594303170685],[103.81945875244294,1.3849816340721748],[103.81941084145834,1.384333038292734],[103.81936258815324,1.3835287046689042],[103.81934107887145,1.383389133116742],[103.8193380327316,1.3833838751254441],[103.8192960346417,1.3833113602446163],[103.8192370276477,1.3832004993167446],[103.81900941098601,1.3828074929347192],[103.81900244081044,1.3827954567097767],[103.81894338796174,1.3826934929086971],[103.81894335561337,1.382693436837916],[103.81877099993035,1.3823958420920395],[103.81861626164007,1.3821160932612502],[103.81813396672399,1.3812833435423],[103.81779202644647,1.3806359712180356],[103.81775971013515,1.3804952094349714],[103.81775240253971,1.3804169411894618],[103.8177748109914,1.3803085252556078],[103.81781929893907,1.3802413629426509],[103.81790456760729,1.3802003207414668],[103.8180602737064,1.3801592789933654],[103.81851388492225,1.3802753588319667],[103.81853384671366,1.380281068208092],[103.81904669198472,1.3803986025326291],[103.81959185545195,1.3805126044879452],[103.81988756260122,1.3805454961056156],[103.81999597825718,1.3805516861885032],[103.82029132884931,1.3805541115331477],[103.82047418160937,1.3805413709483558],[103.82069290036794,1.3804710569088494],[103.82076400019157,1.3804461926992275],[103.82087109536164,1.380371671848851],[103.82104950326259,1.3801049857321421],[103.82111634176135,1.3799572437184529],[103.82121117884212,1.379825158199219],[103.82123663195316,1.3798050308001526],[103.82134131895478,1.3797198528877097],[103.82134393021714,1.3797186139220086],[103.82151051005964,1.3796396465839007],[103.8216442046497,1.3795872194475731],[103.82170864953021,1.37957641984807],[103.82177385362633,1.3795819548765957],[103.82210522329294,1.3796159795587222],[103.82219975227727,1.3796379831865953],[103.82225694729941,1.3796622701556878],[103.82245302120721,1.379736047288454],[103.82254614212198,1.379760726005334],[103.82260741946214,1.3797650183966013],[103.8226402479739,1.3797634512821395],[103.82268888066281,1.3797491408425606],[103.82276490195451,1.3797198018003523],[103.82279535204454,1.379694491495482],[103.82280898709487,1.3796744815939903],[103.82296761408135,1.3794862171821505],[103.82304174229233,1.3794042061428526],[103.82329765289629,1.3791076399944207],[103.8235080773744,1.3788748385400347],[103.82356175027257,1.3788280632368841],[103.82372221978702,1.378722408832723],[103.82394376969498,1.3786512498246302],[103.82411928626453,1.3786574417919844],[103.82415751427249,1.3786602698874169],[103.8241816822671,1.3786713493469462],[103.82420449608861,1.3786884184051402],[103.82428868501442,1.3787514031737391],[103.82429394523722,1.3787587068391944],[103.82441494121082,1.3789112843926068],[103.82441618932332,1.3789130171591202],[103.82451302727922,1.379032055365272],[103.82454084518491,1.3790706772466208],[103.82463356501017,1.3791839971375708],[103.82464163326411,1.3791952004310162],[103.82481082524491,1.3793329266715633],[103.82501677159134,1.3794776880786521],[103.82511724004269,1.3795373086400193],[103.82514328065399,1.3795556447145922],[103.82515321437309,1.379560432453077],[103.82522824335678,1.3796039941264227],[103.82525149393176,1.3796121298663937],[103.82542191365572,1.379681336009069],[103.82542800148778,1.3796834667114977],[103.82571310801247,1.379757223070223],[103.82581811360569,1.3797492487227865],[103.82590783539587,1.3797271445364003],[103.82604511785972,1.3796887483725317],[103.82639549476897,1.3795416084658902],[103.82654385672713,1.3794695048426522],[103.82658663339107,1.3794515406744698],[103.82713535545838,1.3791832878556662],[103.82728196789348,1.3790935689749846],[103.8273239871439,1.3790371729298503],[103.82760212003944,1.3786433700317229],[103.82768205306765,1.3784698905581438],[103.82771479734929,1.3783588989200621],[103.82779459756776,1.3777111627049479],[103.82780387101776,1.3776358915879376],[103.82781225666024,1.3775678300603835],[103.82783188815544,1.377408486555835],[103.82766873177701,1.3773020877200575],[103.82766058173041,1.3772970739052925],[103.82764584425126,1.3772890394981514],[103.82758495521007,1.3772589005089608],[103.82754035727056,1.377241423561639],[103.82749021514083,1.3772217752212823],[103.8270532915987,1.3770505680070986],[103.82700733412733,1.3770325592799688],[103.82691273608289,1.3769833616115206],[103.82673147991606,1.3768415396195595],[103.82650735848613,1.3766159905458806],[103.82641911265912,1.3765046169308166],[103.82636343106435,1.3764119944963518],[103.82632873291048,1.376331340478853],[103.82630793209914,1.3762458997021696],[103.82630059990615,1.3761910481810251],[103.82631767974883,1.3759614590925486],[103.82645527445646,1.375378291070292],[103.82657854819767,1.3746012101192835],[103.82658553600521,1.374419301793026],[103.82655494113554,1.3742026919988892],[103.82649185740298,1.3740220839469923],[103.82641576940317,1.3738918353785952],[103.82630687570308,1.3736759452249876],[103.82630032289488,1.373513176823169],[103.82632181243505,1.3734454951704018],[103.82640502946471,1.3733398882788945],[103.82656233553578,1.3732268034086543],[103.82674524350072,1.373184167670144],[103.82703768822209,1.3731464184903766],[103.827059190149,1.3731436412446303],[103.82712828855006,1.3731270834209344],[103.827185701954,1.3730993033089416],[103.82725508973546,1.3730659252114692],[103.82731388337469,1.3730252334913886],[103.82739792513054,1.37296198156223],[103.82747460851049,1.3728861869840165],[103.82754801932975,1.3727931534037587],[103.82760403016317,1.3727181871684533],[103.82766496793022,1.3726134601244069],[103.82770896937606,1.3725271196684825],[103.82776090433786,1.372426590659353],[103.82779976686942,1.3723307507473017],[103.82782692367068,1.3722521678863349],[103.82786900856408,1.3721162754958558],[103.8278997067361,1.3719905092451725],[103.82792633618106,1.3718619864823935],[103.82794352966265,1.3717628446841614],[103.8279905536702,1.3713640472780608],[103.82800009487731,1.3712822846300114],[103.82800245289923,1.3712045988399197],[103.82800627121178,1.3710756961911323],[103.8280054717078,1.370974347702574],[103.82800466772689,1.3708658185615916],[103.82799990639417,1.3707782932719406],[103.8279911958614,1.3706827652538873],[103.82797927559878,1.3706035266378644],[103.8279661170918,1.3705309477574903],[103.82795563360305,1.370470573278989],[103.82794711252535,1.3704404642597872],[103.8279098822558,1.3703490799736078],[103.82788123060203,1.3702752919222334],[103.82785390522191,1.3702094794621111],[103.82782995571898,1.370167156062915],[103.82780297801459,1.3701334711440414],[103.82750863239974,1.3697560195393381],[103.82745945200197,1.3696929535752487],[103.82739131633835,1.3696007815027944],[103.82737567410715,1.369568348247407],[103.82735720951085,1.3695182961598173],[103.82734379311144,1.3694567125357822],[103.82733251091209,1.3693568652640868],[103.82733249932244,1.369319973531728],[103.82733291369233,1.36926807206638],[103.82733611268416,1.3692350338383272],[103.82734259147837,1.369193331808619],[103.82735111451191,1.3691546205167155],[103.82736137627222,1.369118367291263],[103.82737637890347,1.3690758468331121],[103.82739424437536,1.369034541847564],[103.82741171805272,1.3690003270769315],[103.82743207793736,1.3689657740810492],[103.82745983666143,1.3689252848560443],[103.82747757450835,1.3688944867738178],[103.82749160483944,1.3688701241386672],[103.82750164460417,1.3688526916372055],[103.82781928496529,1.3683011531684424],[103.82784578029865,1.3682551473135416],[103.82800748479448,1.3679942313458788],[103.82801234966799,1.367986381474633],[103.8283000412996,1.3674716423577111],[103.82833360448393,1.3679942230083093],[103.82953317895746,1.3679117390583266],[103.82980874603228,1.3678941939097533],[103.83004696135741,1.3678790271562564],[103.83059768484999,1.3678370237472666],[103.83071665098787,1.3678249506173326],[103.83094124758719,1.367802158159697],[103.83126852373925,1.3677689493039635],[103.83193548348505,1.3676682325444376],[103.83251251703976,1.3675492202791395],[103.8328047273674,1.3674821337133098],[103.83306782133214,1.3674181228515785],[103.83331420099282,1.367348041867483],[103.83333646215208,1.3673417095086968],[103.83357567211151,1.367268018275258],[103.833917777225,1.3671479430538414],[103.83437341382613,1.3669903131042163],[103.83510426498528,1.36673713226792],[103.83510476009678,1.366736961342702],[103.8356636160453,1.366543359977058],[103.83597832628848,1.366434446150694],[103.83675726850475,1.3661677237070382],[103.83677830758892,1.3661604453527822],[103.83677834173452,1.3661604335960003],[103.83694442864905,1.3661029754683152],[103.83926859592097,1.3652700006451577],[103.83965936774116,1.3651112059295605],[103.84006166456389,1.3649574303396492],[103.8405116878722,1.3647936640265834],[103.84101176401823,1.3646116835712732],[103.84156913213887,1.364497665793347],[103.84210097459471,1.3643888688746266],[103.84227951549389,1.364352345460269],[103.84296612296349,1.3642868071280663],[103.8429658587836,1.3642866027428053],[103.84296606545445,1.364286637107809],[103.84296628829959,1.3642866922731418],[103.84296663155297,1.3642867664296248],[103.84326718098859,1.3642645124115038],[103.84326720704708,1.3642645115070327],[103.84349311424326,1.364250720810737],[103.84370191810234,1.3642402102967313],[103.84390970029686,1.3642318801913706],[103.84412422445621,1.3642255043688292],[103.84434875238435,1.3642212501196653],[103.84455208481796,1.3642028544042126],[103.84479382203874,1.3641809848244215],[103.84505430697438,1.3641574185409429],[103.8453099558127,1.3641342890613324],[103.84554223020154,1.3641132749819962],[103.84578324847887,1.364077760257281],[103.84598984712093,1.3640473173658068],[103.84617709953046,1.3640066335390548],[103.8465466253701,1.363926355628228],[103.84761651520054,1.3635855162763268],[103.84789142862577,1.3634585644797592],[103.84816003316504,1.3633297279956684],[103.84841485005957,1.3632024018569222],[103.84865774024412,1.3630762984681433],[103.84890368010109,1.3629437885183064],[103.84918541151431,1.3627858747132329],[103.84935645049903,1.3626824839339509],[103.84949748539299,1.3625784503422789],[103.84965186214016,1.362464574454706],[103.8499238616697,1.362263929416187],[103.8513709151445,1.3611029412784226],[103.85194295836557,1.360652909851558],[103.8522672818684,1.360326981650386],[103.85275073176815,1.3599151736879542],[103.8528923781862,1.3597996562751808],[103.85310378598557,1.3596084303264138],[103.85324207962084,1.359468923753133],[103.8533918171206,1.3592977290552322],[103.8534798998751,1.3591753913395885],[103.85358144292252,1.3590264534396959],[103.85369392037146,1.3588490053578581],[103.85393345850906,1.3584422537078336],[103.8544419288497,1.3573663388226362],[103.8547757258442,1.3568122662147761],[103.85479545266202,1.3567795208154003],[103.85489178402548,1.3566502953356099],[103.85511558234177,1.3564289383941737],[103.85521698363965,1.356328643470252],[103.85542472065009,1.356174168005605],[103.85574911755276,1.3559329430045324],[103.85632760121052,1.3556472135861204],[103.85686288228683,1.355512347795635],[103.8569137794181,1.3561329872051835],[103.85694359963468,1.3563629649485873],[103.85709357256843,1.357160181409115],[103.85739121521574,1.3581586527049256],[103.85776586763481,1.3592158354022135],[103.85783859786325,1.3594207663203957],[103.85789415779631,1.3595762811386027],[103.85790258838546,1.3595998713945567],[103.85797691361597,1.359807061393107],[103.85805578665403,1.3600288776253404],[103.85813757383985,1.3602586422817806],[103.85814495757562,1.3602794950368329],[103.8582921263798,1.3606921422656286],[103.85829496683097,1.360700048188498],[103.85837059238274,1.3609097821348635],[103.85846852465244,1.361184835362157],[103.85854771229053,1.3614076047706491],[103.85863068931681,1.36164143451071],[103.85924048069613,1.363351220853174],[103.85930551648713,1.3635324285156605],[103.85937968560869,1.3637392657590202],[103.85944571076901,1.3639227524038133],[103.85950968449819,1.3641052849644841],[103.85959173258279,1.3643380520446486],[103.85966249695484,1.3645334427762204],[103.8597254858174,1.3647096520257216],[103.85981920667534,1.3649723054917589],[103.85988553112358,1.3651554385114775],[103.85996914283453,1.3653921621513208],[103.86038511229452,1.3665603057424438],[103.86071261021904,1.367517480178283],[103.86086995460326,1.3682611053934945],[103.86092447368725,1.3689046874005784],[103.86092684518141,1.369155189018242],[103.86091308028091,1.3694167303958493],[103.86091121255966,1.3694522520339245],[103.86087007846687,1.3698241017399246],[103.86082552320431,1.3700907477031103],[103.86074695428027,1.3704307334700854],[103.86054181581365,1.3710484256008568],[103.86048155294921,1.3711884761254363],[103.86013313485128,1.3719981880696202],[103.8595811940393,1.373250877875257],[103.85942068347904,1.3736170413198867],[103.85915919171747,1.3743502402404895],[103.8589137050151,1.3750690116368594],[103.85879096372571,1.3755856273637066],[103.85864590512936,1.3761583980045458],[103.85854611915723,1.3765500873205014],[103.85853432138276,1.3765963981252842],[103.85844505592372,1.3770793213879635],[103.85835579148491,1.3776633218085932],[103.85831006962476,1.3780314844108597],[103.85828884350705,1.3782023986044427],[103.85827463603513,1.3786219332768255],[103.8582707942449,1.378757339237247],[103.85826839068672,1.3788558317515576],[103.85826658292464,1.378958348679897],[103.85826460290505,1.3790866915364608],[103.85826439187974,1.379186452850268],[103.85827007967549,1.3793421752497528],[103.858275013576,1.3794986003478868],[103.85827848956545,1.3796142250735983],[103.85827878808955,1.379719463210718],[103.85828245904005,1.3798321903514885],[103.8582902353931,1.380013593051642],[103.85829243026048,1.380152498835941],[103.85829623939046,1.3802457948072693],[103.85838438754755,1.3828031311951798],[103.85838439902261,1.3838972715764628],[103.8583552764617,1.3850374769463207],[103.85833646614896,1.3854258590147543],[103.85824738572111,1.3875666597431782],[103.85817332890504,1.3899193138823869],[103.85815041551531,1.390468680012855],[103.85811286515272,1.3911019115903196],[103.85811147784997,1.3911116977282552],[103.85805796081232,1.392797629098755],[103.85804619329089,1.3931683488374826],[103.85802441779731,1.3933191128805436],[103.85800579428974,1.393448051873087],[103.8579933004461,1.3935345444754428],[103.85798492359528,1.3935925350978364],[103.85795604264011,1.3937924586340924],[103.85781975588186,1.394735867284708],[103.85771842437029,1.395299982578976],[103.85766379743411,1.3956040936335241],[103.8574926335483,1.396164025149024],[103.85739545698814,1.396291165261099],[103.85739329684695,1.3962956599724445],[103.85731432077127,1.3963982789680671],[103.85720733900327,1.396537288950593]]]},"properties":{"OBJECTID":55,"PLN_AREA_N":"ANG MO KIO","PLN_AREA_C":"AM","CA_IND":"N","REGION_N":"NORTH-EAST REGION","REGION_C":"NER","INC_CRC":"88DAC92AEAF47E93","FMEL_UPD_D":"20191223152014","SHAPE.AREA":13942584.7680514,"SHAPE.LEN":17495.7866336409,"fill":"#D5F0E0","fill-opacity":0.35,"stroke":"#555555","stroke-width":1.2,"stroke-opacity":1.0,"layer_type":"Planning Area","display_name":"ANG MO KIO"}},{"type":"Feature","geometry":{"type":"Polygon","coordinates":[[[103.90178574588634,1.309745148570841],[103.90194699615448,1.3098615294602027],[103.90200596242013,1.30989309014119],[103.90203127852644,1.3099084563973442],[103.90210708667128,1.3099544683490516],[103.90228743249587,1.3100886519982713],[103.90283176690002,1.310492808919072],[103.90287441464557,1.3105238789638463],[103.903724577036,1.3111435207834146],[103.90378656375363,1.3111886838730566],[103.90384756747687,1.311234394129134],[103.90424104186701,1.3115247326323942],[103.90428242446822,1.3115550086553645],[103.90437186063357,1.3116203952385368],[103.9046540313534,1.3118267476562548],[103.90474055438328,1.31189001538364],[103.90483325327054,1.3119578237418554],[103.90528741528611,1.3122909937110658],[103.90561855356071,1.3125319654539527],[103.90569644049707,1.3125886613831295],[103.90577562586633,1.3126462770099527],[103.90658093311784,1.3132323228544491],[103.9067062069821,1.313323499844792],[103.90666952894559,1.313410332529388],[103.90647814309395,1.3138636171483378],[103.90636625445929,1.31412867595422],[103.90631662919586,1.314246209458729],[103.90624004422098,1.3144074426211805],[103.90618308124859,1.3145200294680917],[103.90608509015397,1.3147137308254058],[103.90589002015295,1.3152326497284734],[103.9058718753513,1.3152814714434338],[103.90585337924662,1.315331353083121],[103.90561005102714,1.3159228702910688],[103.90551904321097,1.3161423213808578],[103.90546127400624,1.3162804519972606],[103.90523247507787,1.3168687193710216],[103.90521657799202,1.3169337580712852],[103.90508759853216,1.317602214296155],[103.9050861673533,1.3176096310264898],[103.90506946488824,1.3178222637564696],[103.90504318689275,1.3182033698211977],[103.90498657799158,1.3188248621293426],[103.90494236219294,1.3192998453067037],[103.90498286786472,1.3198296250569452],[103.90506386876261,1.3205224152284116],[103.90531585916919,1.3224469694019814],[103.9054706401934,1.3236290924147858],[103.90549055183891,1.3237747324045916],[103.90559205967385,1.3245858362327196],[103.90561037462882,1.3247321889052253],[103.90572131531562,1.3255963451393027],[103.9057843928661,1.3260908358914696],[103.90579364738248,1.326163390020343],[103.90584924819217,1.3265992691641812],[103.90585311308814,1.3267609955385795],[103.90584108598665,1.3271944529784758],[103.90575321058266,1.327643424302984],[103.90565901251517,1.328016546812515],[103.90563524569563,1.3280763883654363],[103.90547064705297,1.3284908125253185],[103.90539529056697,1.328610962192047],[103.9052132022411,1.3289271765509176],[103.9048230469718,1.3294532735984574],[103.90475281336649,1.329520571168952],[103.90468960266874,1.3295811237875426],[103.90426764384354,1.3299853098112495],[103.90396063592388,1.3302867974183568],[103.90379075705665,1.3304513187588787],[103.90329235273478,1.3309297623351217],[103.90322794604575,1.330992362433185],[103.9030837246506,1.3311325791214903],[103.90259883401471,1.3315996479988388],[103.9025265300848,1.3316694190046954],[103.90231811298912,1.3318705409473057],[103.90216652080554,1.3320167971358308],[103.90205957395663,1.332119990775318],[103.90147135070261,1.332682089288355],[103.90128613454192,1.332864521823799],[103.90096645377766,1.3331738511779587],[103.90057590733367,1.333547476387712],[103.90025910527773,1.3338534874663448],[103.90015089494209,1.3339582664135898],[103.89997782219928,1.3341265000122071],[103.89981180203735,1.3342885113838434],[103.89979748391107,1.3343024661087663],[103.89966445865048,1.3344279845845641],[103.89938928271695,1.3346929426369778],[103.89913691960334,1.3349359619858825],[103.89875609660582,1.3353026646638884],[103.8981934595325,1.335844697545719],[103.89759667156854,1.3364187004731356],[103.89755455273821,1.3364592216091637],[103.89716905958318,1.336830444192171],[103.89675776877938,1.3372040702846864],[103.89620899603281,1.337763767323889],[103.89617617795152,1.3377972386807973],[103.89617530183187,1.3377962339550007],[103.89604900848545,1.3376500558124071],[103.8953772106743,1.3369016385353454],[103.89516281705227,1.3367041688621222],[103.8948250780758,1.336418771870232],[103.89471237053682,1.3363235334194206],[103.89440660698621,1.3360808830385087],[103.8941029888182,1.3358572368683581],[103.89390548073337,1.3357191815622351],[103.89373801374907,1.335602116689859],[103.89323702526495,1.3352815744792692],[103.89282396265727,1.3350418222875644],[103.89239595025727,1.3348155291293478],[103.89193325811252,1.3345885665901496],[103.89149668156762,1.3343939623892391],[103.89105519128898,1.3342168441027666],[103.89060689030444,1.3340524421566946],[103.89014946679526,1.3339083207027203],[103.88984823799713,1.3338190588053969],[103.8888719988695,1.3335601707632472],[103.8884160841578,1.3334538468412698],[103.88765641413602,1.3332608399617085],[103.88710976560985,1.3331372444488339],[103.88681341637167,1.3330576931239229],[103.88596911887,1.3328708697911715],[103.88586420562866,1.3328476642516938],[103.88536560873284,1.3327367121298437],[103.88526417202966,1.3327141395451823],[103.8846656103639,1.332582489405018],[103.88394198894612,1.3324241358291542],[103.88373725019092,1.3323792392740281],[103.88363774093294,1.332357409064121],[103.88318979518883,1.3322591382536797],[103.88267063050189,1.3321452576604875],[103.88252447435696,1.3321154907390955],[103.8824775812167,1.3321059415943337],[103.88235781665227,1.3320803866616457],[103.88152518679374,1.3319027272670478],[103.88151707010276,1.331900995569221],[103.88068913171966,1.331723530231753],[103.88059871414904,1.3317042436971454],[103.87999878441232,1.3315714619677679],[103.87980352201252,1.331529426306282],[103.87956119355677,1.3314552811594782],[103.87901704675286,1.3312993898160186],[103.87849175450968,1.3311488997696952],[103.8758888496648,1.3302817305988197],[103.8735462365906,1.3294777884087636],[103.87194552363187,1.328930055988065],[103.86891198834502,1.3278920361755118],[103.86879580984464,1.3278390339607646],[103.8687431946865,1.3278191766856304],[103.86883938596122,1.3277622925835924],[103.86893488802336,1.327704245475221],[103.86902968829317,1.327645042595667],[103.86912377149527,1.3275846929889312],[103.86921712504996,1.3275232047945136],[103.86930973458044,1.327460589769476],[103.86940158750697,1.3273968542446282],[103.8694926694528,1.3273320081682587],[103.8695829678382,1.3272660614886822],[103.86967246918498,1.327199023249813],[103.86976116001486,1.3271309024955673],[103.86984902864678,1.3270617109829739],[103.86993606160254,1.3269914577559512],[103.87002224630247,1.3269201527627668],[103.87010757106547,1.3268478068560723],[103.87019202241339,1.3267744299841848],[103.87027558686802,1.3267000339041135],[103.87035825454542,1.326624628564106],[103.8704400119674,1.3265482248168259],[103.87051480650496,1.3264730040808632],[103.87058869258611,1.3263968789920715],[103.87066165942841,1.3263198613073959],[103.8707336953508,1.3262419600707562],[103.8708047904694,1.3261631897522235],[103.8708749349003,1.3260835593956568],[103.87094411786106,1.3260030825667612],[103.87101232946779,1.3259217701181552],[103.87107955893802,1.3258396319980914],[103.87114579728645,1.325756682676609],[103.87121103462923,1.3256729348150522],[103.87127526198103,1.3255883983616288],[103.8719789734261,1.3247146248804957],[103.8727089911395,1.3237150826358597],[103.87319947629244,1.3230380711676408],[103.87363698276344,1.322432407589864],[103.87427453727578,1.3215462628569117],[103.8743258852867,1.3214507005301304],[103.87452409004987,1.3211944365305972],[103.87458860957679,1.3211323951502212],[103.8746329468136,1.3210761709777772],[103.87467839647118,1.3210208547678277],[103.87472494057874,1.3209664673209771],[103.87477256296279,1.3209130339596655],[103.87482124026121,1.320860572771482],[103.8748709554019,1.320809106365792],[103.87492168681995,1.3207586564476408],[103.8749734147475,1.320709240200211],[103.87502611941676,1.3206608802328816],[103.87507977656719,1.3206135964420342],[103.87513436912658,1.320567406010808],[103.87518987103729,1.3205223288356005],[103.8752462616329,1.3204783820996295],[103.87530351755142,1.3204355847949028],[103.87536161632934,1.320393953200257],[103.87542053370612,1.320353505403388],[103.87548024631968,1.3203142567787873],[103.87554073080797,1.3202762217966362],[103.87560196201187,1.3202394176402528],[103.87564696644954,1.3202135864136981],[103.87566391477225,1.3202038587798177],[103.87572656482847,1.3201695596855323],[103.87578988702137,1.320136533923251],[103.87585385529327,1.32010479415445],[103.87591844448501,1.3200743557537307],[103.87552382502226,1.319611003276886],[103.87548843480245,1.3195659186014914],[103.87545414888959,1.3195199774736215],[103.87542098795082,1.3194732079282705],[103.87538897175469,1.3194256370960504],[103.87535811827269,1.3193772939163972],[103.8753284472734,1.319328206424302],[103.87529997582978,1.3192784053679067],[103.87527272101471,1.3192279187822464],[103.87524669990115,1.3191767774154959],[103.87522192596786,1.3191250120158382],[103.87519841628774,1.3190726533314117],[103.875176183441,1.3190197321104293],[103.87515524090637,1.3189662809098304],[103.875135601264,1.3189123304778088],[103.87511727619558,1.3188579142756933],[103.8751002773827,1.3188030630517247],[103.87508461291284,1.3187478111716175],[103.87507029536614,1.318692190287957],[103.87505733013438,1.3186362338621544],[103.87504572530507,1.3185799762599546],[103.8750354916612,1.3185234500382945],[103.87502663010186,1.318466689563053],[103.87490325369816,1.3178217622317034],[103.87483266251303,1.3174349821208504],[103.87475535747517,1.3168362769723885],[103.87474464050348,1.3167844543558611],[103.87473515274573,1.316732391157771],[103.87472689779644,1.3166801145089957],[103.87471988374301,1.3166276551578204],[103.87471411058588,1.3165750420439046],[103.87470958371674,1.3165223059155762],[103.8747063058317,1.316469476616808],[103.87470427782966,1.3164165839916369],[103.87470350150818,1.3163636569797013],[103.87470397686766,1.3163107254250148],[103.87470570390855,1.3162578227890747],[103.87470868173267,1.3162049752984701],[103.87471290854334,1.3161522137016026],[103.87488893900877,1.3140831949055702],[103.87488846633015,1.3140806871108288],[103.87501593232604,1.3131841984289836],[103.87528319691205,1.3117842368277457],[103.87538074726322,1.311370447736777],[103.8756317077306,1.3104232085120415],[103.8760024869105,1.3087964250246187],[103.87600420929908,1.3087888690298402],[103.87600607557172,1.3087881997681754],[103.87628872376257,1.3086867821926549],[103.87659203031532,1.3085779511516757],[103.87678966198735,1.3085070392084437],[103.8772231816257,1.3083514872544522],[103.87734976643834,1.3083060678389575],[103.87745742795082,1.3082674378162158],[103.87750410810825,1.3082506872552937],[103.87822353630419,1.3079313731580373],[103.87901741262095,1.3076153801315216],[103.87921021440083,1.3075416663682045],[103.88005624470387,1.3072182002003554],[103.88011865106549,1.3071943174791179],[103.88081637255992,1.3069310817952196],[103.88096005243374,1.3068561696468106],[103.881083868986,1.306779639058129],[103.88319497629988,1.3051220642107182],[103.88347046845125,1.3048747937107612],[103.88361955049216,1.3047247412851624],[103.88369986365194,1.304643904863746],[103.8837066268694,1.3046368353108564],[103.88375347070784,1.304587872981452],[103.88379985719394,1.3045393881648792],[103.88380682831072,1.3045491651078875],[103.88389919516418,1.3046787161572722],[103.88396409988319,1.3047697490700079],[103.88407534532959,1.3049051337844113],[103.8841667985979,1.305000365116091],[103.88425476416835,1.3050734233086272],[103.88434906896673,1.305145365382753],[103.8844576390109,1.30521315884178],[103.88459204335598,1.305290045150112],[103.88474023658732,1.3053562424843956],[103.8848814559106,1.305407924000506],[103.88504866839811,1.305459765043039],[103.88529826966885,1.3055184712007775],[103.88532033987698,1.3055236626976177],[103.88605216814095,1.3056436094895971],[103.88742208298251,1.3058794501877238],[103.88778873085666,1.3059392993847598],[103.88806225110258,1.3059777180389542],[103.88855838801365,1.3060531473828265],[103.88922930224518,1.3061722679879442],[103.88933895960598,1.3061953096385088],[103.88946347908487,1.3062252232146396],[103.88954464092159,1.30625214974105],[103.88961499513472,1.3062833803781602],[103.88968370428799,1.306322585734876],[103.88977444452472,1.306384656539049],[103.88985221514092,1.3064467475293484],[103.88991117890107,1.3064966065115822],[103.88996642918818,1.3065562426591095],[103.89002118728865,1.3066254460864857],[103.89005743610372,1.306689302426988],[103.89009148229687,1.3067804850888454],[103.89011119119395,1.306867988217879],[103.890120172188,1.3069487477461335],[103.89011964985137,1.3070162549359725],[103.89011271463774,1.3070861434629184],[103.89010486612747,1.3071394459692443],[103.89008085156024,1.307259638340289],[103.88996049132595,1.3077077101780683],[103.8899059226039,1.3079108560565835],[103.88981827929834,1.3082371291699788],[103.88978642762974,1.3083596558799861],[103.88972460458736,1.3085887318522003],[103.8898447544244,1.3086129443897063],[103.89005557262301,1.3086554266359345],[103.89030220440458,1.3087051257771365],[103.8911963712691,1.3088853106139982],[103.89172420311216,1.3089916750541366],[103.89177692205239,1.3090023064289484],[103.89201145848652,1.3090495657067185],[103.89254820315412,1.30915882101166],[103.89275055174694,1.3092023369152466],[103.8928533596144,1.3092244678720026],[103.89298762490323,1.3092533536723105],[103.89314816296829,1.3092878911111097],[103.89325447879027,1.3093107617366897],[103.8933193425755,1.3093239548499827],[103.89383745047144,1.3094293206498044],[103.89409543201234,1.3094818109050936],[103.89410838374467,1.309484441384657],[103.89441933215761,1.3095435366935948],[103.89461827775719,1.3095768096967757],[103.89543525234411,1.309559426573783],[103.89612281720711,1.3095444819015298],[103.89622962573775,1.3095422372880692],[103.89635752587061,1.3095395480936614],[103.89742939672855,1.3095169830838154],[103.89771984586612,1.3095108648046236],[103.89781829879895,1.3095087957857936],[103.8992848960214,1.3094774754325431],[103.89981114191299,1.3094663685140784],[103.89990261402396,1.309464423497203],[103.9000142309102,1.3094713099577953],[103.9007577082319,1.3095064208734204],[103.90134274711114,1.30953334235823],[103.90150241565193,1.3095406859519707],[103.90178574588634,1.309745148570841]]]},"properties":{"OBJECTID":50,"PLN_AREA_N":"GEYLANG","PLN_AREA_C":"GL","CA_IND":"N","REGION_N":"CENTRAL REGION","REGION_C":"CR","INC_CRC":"FC8678CF0ED975CA","FMEL_UPD_D":"20191223152014","SHAPE.AREA":9644797.06222891,"SHAPE.LEN":12966.0936285826,"fill":"#DCE7FF","fill-opacity":0.35,"stroke":"#555555","stroke-width":1.2,"stroke-opacity":1.0,"layer_type":"Planning Area","display_name":"GEYLANG"}},{"type":"Feature","geometry":{"type":"Polygon","coordinates":[[[103.85463009136554,1.303310141146188],[103.85492016271364,1.303414893939064],[103.85510542287504,1.3034859491740312],[103.85540353813137,1.303600295340891],[103.855454857872,1.3036199774812507],[103.85551561687329,1.3036432797088053],[103.8556459451526,1.3036930032347331],[103.85575574442781,1.303751488423106],[103.85584007531368,1.303810171891658],[103.85590460656887,1.303850154178261],[103.85591123609532,1.3038559691834999],[103.85591770386743,1.3038599854087733],[103.85596969328046,1.3039072388990434],[103.85597174647489,1.303909038566233],[103.85597519961705,1.3039122426991252],[103.85608085157423,1.304010271256962],[103.85621945081553,1.3041387720774769],[103.85633820295263,1.304264607005434],[103.85664215984039,1.3045780985953868],[103.85694154496925,1.3048885081145565],[103.85730760557105,1.3052552091369014],[103.85736845394169,1.3053161645409095],[103.85752749182295,1.305461022332419],[103.85764867536349,1.3055669159297147],[103.8577103007002,1.3055974810466773],[103.857784512912,1.3056309743717747],[103.85786666904218,1.3056503314923258],[103.85796685992426,1.3056712394178054],[103.85803876081965,1.3056781923678393],[103.85826406251454,1.305681748804676],[103.8583916175965,1.3056871945169801],[103.85854821285503,1.3056964047999546],[103.85861220119247,1.3057078100005572],[103.85867208856457,1.3057194548977422],[103.85872785522038,1.3057330442194315],[103.85877118056507,1.3057436013318138],[103.85889374101069,1.3057869173398355],[103.85905911382015,1.3058489152665247],[103.85929814622114,1.3059395138544392],[103.85945999233297,1.3060092685265012],[103.85920612768204,1.3062777345332686],[103.85883736444613,1.3066850714072356],[103.85875972543103,1.3067708340047508],[103.85871170393686,1.3068175675374833],[103.85810945140285,1.307339246397985],[103.85807696918503,1.307367381505056],[103.85777880230782,1.3076409728428782],[103.85737923312297,1.3079846000294788],[103.85736666703599,1.3079954805618907],[103.85714401325899,1.3081936199523012],[103.85708409000867,1.3080987662358217],[103.85698003303648,1.3079340507660078],[103.85663119110927,1.307389180664614],[103.85637276510117,1.3069799254906476],[103.85552571199194,1.3056887083943876],[103.85490163385715,1.3046891602525954],[103.85458477085199,1.3042098704710563],[103.85413636102376,1.3035397345609523],[103.85393257380835,1.3032533700626976],[103.85411714850227,1.3031249035283636],[103.85463009136554,1.303310141146188]]]},"properties":{"OBJECTID":718,"SUBZONE_NO":3,"SUBZONE_N":"SUNGEI ROAD","SUBZONE_C":"RCSZ03","CA_IND":"Y","PLN_AREA_N":"ROCHOR","PLN_AREA_C":"RC","REGION_N":"CENTRAL REGION","REGION_C":"CR","INC_CRC":"31DE89B5FC57F46A","FMEL_UPD_D":"20191223152313","SHAPE.AREA":116329.996565155,"SHAPE.LEN":1727.9635025628,"fill":"#2F6BFF","fill-opacity":0.85,"stroke":"#000000","stroke-width":2.5,"stroke-opacity":1.0,"layer_type":"Subzone","display_name":"SUNGEI ROAD"}},{"type":"Feature","geometry":{"type":"Polygon","coordinates":[[[103.8377324676848,1.3771125139615266],[103.83734618750557,1.3772402208245786],[103.83704177814454,1.3774068929349548],[103.83671553712995,1.3776619159960983],[103.83655932127638,1.3778208518962012],[103.83642258829025,1.377994942191785],[103.83596221010166,1.3776382723496001],[103.8354205102189,1.3772094034756632],[103.83477629858169,1.3766986036628248],[103.83422887521142,1.37626192080893],[103.83398736845267,1.3760684493418351],[103.83378079913103,1.3758547101364678],[103.83359943660386,1.3756500986583091],[103.83346212212871,1.375430612180843],[103.83324700929026,1.3750025584976817],[103.83317733220741,1.3748504191053237],[103.83310597660373,1.3746643054587555],[103.83306778641044,1.3744620082154224],[103.83303964675773,1.3742091371145795],[103.83303361647906,1.3739042750190409],[103.833155046006,1.3723246509139213],[103.83315504601869,1.3721531400390377],[103.83314025105716,1.3719815920838292],[103.83310322005943,1.3717876837195833],[103.83300558674884,1.3715460258175665],[103.83302447201703,1.3715349220355473],[103.83352033583286,1.3714138566115108],[103.83409613914714,1.3712441724362046],[103.83448247423256,1.371082563289034],[103.83473500404577,1.3710142411455701],[103.83495782621384,1.370972173595117],[103.83536907417317,1.3709313276661823],[103.8357586549226,1.3709310469480482],[103.83596544932094,1.3709462364306975],[103.83617006649817,1.3709727657216304],[103.83657740938179,1.3710312441083752],[103.83658721795705,1.3708655482808145],[103.83660567981278,1.370733814937257],[103.83663690224824,1.3705874571009466],[103.83667667009021,1.370443959756299],[103.83672514418097,1.3703030063751709],[103.83678247907368,1.3701648782141045],[103.83684929478342,1.3700315196547506],[103.83692210935104,1.3699044491292462],[103.8372515612331,1.3693726760788938],[103.83741969199393,1.3694855440770102],[103.8375239756652,1.3695448557232324],[103.83763606880837,1.3695999674830113],[103.83774991685763,1.3696513668188153],[103.83786381791512,1.3696962321170918],[103.83810329064676,1.36977200742856],[103.83822338553054,1.3698013990242277],[103.83834472852243,1.3698264469495407],[103.83846733399359,1.369844638880308],[103.83859152004247,1.369858521505447],[103.83871273900054,1.3698666460434126],[103.83890943787289,1.3698756304500914],[103.83908214668658,1.3698728265101299],[103.83955222016881,1.3698223608976232],[103.8405794186585,1.3696849823463102],[103.84270668936698,1.3694216936826054],[103.84417102461506,1.3692430402560052],[103.84514021638435,1.3691250088774196],[103.84542024659292,1.3690908116514244],[103.84545580527579,1.3693628976011147],[103.84547521693041,1.3695103152087944],[103.84549253863193,1.369681333116704],[103.8455046674976,1.3698522787016312],[103.84551300734485,1.3700729652445611],[103.8455149884081,1.3701945244526503],[103.84551254965032,1.3703650106942284],[103.84550763712654,1.3705353215015461],[103.84549861723708,1.3707059135868949],[103.84548464711975,1.3708764007910166],[103.84546683470684,1.3710458986399094],[103.84540597251937,1.3715459490775594],[103.84538745822968,1.3716989133412971],[103.84535365807723,1.3719783132305807],[103.84514732835952,1.3736643178140133],[103.84510217333843,1.3740331638968797],[103.84508349635665,1.3741833716540268],[103.84507098692883,1.374283975906473],[103.84500452394978,1.3748184762960045],[103.84492377778938,1.3754678382430323],[103.84487001468224,1.3759002177539306],[103.84479795192607,1.3764797527834143],[103.8446987976075,1.3773436688826675],[103.84397818421893,1.3773541999349428],[103.84332290865757,1.3773370687050297],[103.84194805705907,1.3771905734317123],[103.84178092685626,1.3771625251773394],[103.8409705430993,1.3770927227674619],[103.8395645565845,1.3770860146918948],[103.83812396153354,1.3770800130648395],[103.8377324676848,1.3771125139615266]]]},"properties":{"OBJECTID":789,"SUBZONE_NO":6,"SUBZONE_N":"KEBUN BAHRU","SUBZONE_C":"AMSZ06","CA_IND":"N","PLN_AREA_N":"ANG MO KIO","PLN_AREA_C":"AM","REGION_N":"NORTH-EAST REGION","REGION_C":"NER","INC_CRC":"60BFB1E98CF343F9","FMEL_UPD_D":"20191223152313","SHAPE.AREA":1046417.00003483,"SHAPE.LEN":4288.19423134654,"fill":"#2CA25F","fill-opacity":0.85,"stroke":"#000000","stroke-width":2.5,"stroke-opacity":1.0,"layer_type":"Subzone","display_name":"KEBUN BAHRU"}},{"type":"Feature","geometry":{"type":"Polygon","coordinates":[[[103.96660203060983,1.365761433113025],[103.96662452477888,1.3657842091155479],[103.9660095997643,1.366372708009767],[103.96576364651776,1.3667285998232248],[103.9638963763276,1.3698236869927294],[103.96379293777531,1.3700914317237722],[103.9637486174264,1.3704186711850164],[103.96373385396059,1.3707012860001972],[103.96384359197319,1.372913487591313],[103.96385680788077,1.3732071304621687],[103.9638132650731,1.373506526383807],[103.96371429777824,1.3738093510717857],[103.96362522366022,1.3739951037571183],[103.96349757415067,1.374201453589383],[103.96333317445456,1.374399291766667],[103.96312391568847,1.3745852626385053],[103.96289229688354,1.3747380274501613],[103.9624996458248,1.3749167770019013],[103.95928671821328,1.3754701896090618],[103.95874554334392,1.3755193929756915],[103.95816136839848,1.3755367685567104],[103.95758344054458,1.375541639956847],[103.95681870569759,1.3755196360734467],[103.95642291287994,1.3754940089388321],[103.95614656611029,1.3754680219493554],[103.95594968723434,1.3754444346145545],[103.952740851764,1.3750469882350305],[103.95275204650402,1.3749093835255395],[103.95276989102803,1.3747972019134833],[103.95280743593749,1.3745611524263621],[103.95284060908439,1.3743931121063548],[103.95291341938673,1.374069211995367],[103.95295798111371,1.3739035106858795],[103.95303466743508,1.373662145191493],[103.95310864500145,1.3734658405866966],[103.95317674008456,1.3732968769573377],[103.95325966158738,1.373110480995445],[103.9537134821991,1.3721368162089387],[103.9538071425973,1.3719358685008594],[103.95394776460036,1.3716033834400814],[103.95398139798124,1.371494575197782],[103.9540235773428,1.371325843478379],[103.95405655255766,1.371155094593379],[103.95408023559062,1.3709827807285933],[103.95409442069877,1.3708094463206422],[103.95409917994479,1.3706385876303617],[103.95409931882438,1.369410334342774],[103.95408975804185,1.36912268703278],[103.95409227503781,1.3689093035311295],[103.95409800605903,1.3685311739991322],[103.95409235174837,1.3682332547420732],[103.95408099562631,1.3679811733750846],[103.95406393311997,1.3678092920478835],[103.95393876436292,1.3670874273571203],[103.95387615840674,1.3668697215763876],[103.95380421879645,1.3666830729694717],[103.95370177653838,1.366408169179897],[103.95359564430427,1.3661777140723195],[103.95338662780381,1.3657989496158118],[103.95322832351582,1.3655598640643165],[103.95322742308294,1.3655584722958913],[103.95355997459733,1.3654686994307836],[103.95374779140343,1.3654181731970112],[103.95390897226936,1.3653732996536376],[103.95406825435305,1.3653263416407402],[103.95412637906828,1.365308958668119],[103.95428534559547,1.3652589990789863],[103.95444761241073,1.3652062475461653],[103.95457270782111,1.3651636014246886],[103.95475803302098,1.3650985557054056],[103.95490945304917,1.365042485684602],[103.9550592591766,1.3649850727590487],[103.95523229898208,1.3649167773530078],[103.95538459566939,1.3648544174197959],[103.95552352004478,1.3647952740733977],[103.95569013657924,1.364721256160532],[103.95586156113639,1.3646433863116658],[103.95600838330247,1.364572761655664],[103.95613572408575,1.3645108623746725],[103.95627808477055,1.3644386118893506],[103.95642234396776,1.3643634302605494],[103.95643178585044,1.3643584838174052],[103.95669376752943,1.3642212622872163],[103.95695202771508,1.3640742539153978],[103.95714675809562,1.3639574545058126],[103.95734766570715,1.363833022849093],[103.9575092970091,1.3637267157305617],[103.95778514035479,1.363547242475311],[103.95799882337596,1.3633989313259922],[103.95829439000626,1.3631815479370732],[103.95854404915977,1.3629873122592668],[103.9588166265637,1.362765621635404],[103.95906298165937,1.3625550976171208],[103.95931425287982,1.3623295247323717],[103.95954572822959,1.3621129603154505],[103.95967934703276,1.3619815720606758],[103.96004752857657,1.3615997074078803],[103.9603718359057,1.361237522145375],[103.96063682587972,1.360921014806396],[103.96088587974837,1.3606046511809389],[103.96115023544442,1.360241516729204],[103.96660203060983,1.365761433113025]]]},"properties":{"OBJECTID":850,"SUBZONE_NO":5,"SUBZONE_N":"PASIR RIS DRIVE","SUBZONE_C":"PRSZ05","CA_IND":"N","PLN_AREA_N":"PASIR RIS","PLN_AREA_C":"PR","REGION_N":"EAST REGION","REGION_C":"ER","INC_CRC":"833173AFA73BCF94","FMEL_UPD_D":"20191223152313","SHAPE.AREA":1639836.6411068,"SHAPE.LEN":5314.6232346855,"fill":"#F28E2B","fill-opacity":0.85,"stroke":"#000000","stroke-width":2.5,"stroke-opacity":1.0,"layer_type":"Subzone","display_name":"PASIR RIS DRIVE"}},{"type":"Feature","geometry":{"type":"Polygon","coordinates":[[[103.88104032446599,1.3886989727629755],[103.88131539029128,1.3892180177327775],[103.88152169189405,1.389702460403964],[103.8816248469459,1.3901523024090217],[103.88164204748294,1.3906367489460496],[103.88162486698947,1.3911384984772335],[103.88157330243602,1.391553739986384],[103.88150223120566,1.391953093127028],[103.88147032989265,1.3921311024216867],[103.88145609251355,1.3923820727109246],[103.88145150096072,1.3926569876416521],[103.88146325065573,1.3927840052947744],[103.88149205875,1.3929444225604102],[103.8816610705645,1.393294245982741],[103.88182432476836,1.3934894531469597],[103.88202185367443,1.3936494924959997],[103.8823604164388,1.3938990301420309],[103.88239164514417,1.3939177172605393],[103.88253664436078,1.3940044417974022],[103.88290833188293,1.3942267500787482],[103.88472461170555,1.395206920894227],[103.88483063909769,1.395307869970944],[103.8849817062227,1.3955012015150472],[103.88507426427331,1.395700114268271],[103.88520685364541,1.3961256669103719],[103.88538193685794,1.3966710305077707],[103.88569078901125,1.3974961333910316],[103.88574307336404,1.397759754234538],[103.8857563653439,1.3978082640044833],[103.88603290482318,1.398633371167355],[103.88615619610579,1.399062134433283],[103.88628499476273,1.399367260197966],[103.88645223843801,1.3997959745119786],[103.8865966541938,1.400086625557981],[103.88664479042541,1.4002513262627065],[103.88679881533831,1.4009636474793468],[103.88681836076758,1.4011784596242776],[103.88682090259044,1.4012063935503243],[103.88680747870157,1.401207473668898],[103.88601192882446,1.4012714809612936],[103.88223691734032,1.4014051297043373],[103.88129280051459,1.4013978954461825],[103.8782332677719,1.401374451152774],[103.87668987514456,1.4012822036518817],[103.8722203691918,1.401087411186889],[103.8721136328577,1.4010827591108346],[103.86892029110498,1.401031940545934],[103.86904513940043,1.39605270820302],[103.86915191770602,1.3925475828258467],[103.86917327193426,1.3917411892102023],[103.86914666588872,1.3912620738778358],[103.86901037889227,1.389790080732556],[103.86891043976384,1.388994656161034],[103.86882284999601,1.3882087742403109],[103.86886511529497,1.3881972094994999],[103.87085998567557,1.3877182915489983],[103.8718925215627,1.3875009778874137],[103.87276491311226,1.3873500657729099],[103.87298796298754,1.3873363410121806],[103.87310966260192,1.387335101786749],[103.87332165837648,1.3873329421873912],[103.87412855341329,1.3874447357426456],[103.87475487492249,1.3876024241538827],[103.87529105563304,1.3878031056576186],[103.8759439884387,1.3880990261971398],[103.87630500151771,1.3882428342827597],[103.87697599126676,1.3884786637383275],[103.87749892124417,1.3885939956303859],[103.87773290507818,1.3886282575668984],[103.87793227579579,1.3886662289334846],[103.87809005450684,1.3886792279719906],[103.87842909333982,1.388694058481374],[103.87880989837322,1.388679214146608],[103.87899498340595,1.3886639132415906],[103.87899629173059,1.3886637214910276],[103.87951496425414,1.3885877040919397],[103.87983360637276,1.3885155946857703],[103.88007780049125,1.388444865874242],[103.88031823892649,1.388348067920834],[103.88059440785138,1.3882258647404846],[103.88072718109349,1.3881562034418806],[103.88104032446599,1.3886989727629755]]]},"properties":{"OBJECTID":867,"SUBZONE_NO":6,"SUBZONE_N":"FERNVALE","SUBZONE_C":"SESZ06","CA_IND":"N","PLN_AREA_N":"SENGKANG","PLN_AREA_C":"SE","REGION_N":"NORTH-EAST REGION","REGION_C":"NER","INC_CRC":"F10D1C953E9D8403","FMEL_UPD_D":"20191223152313","SHAPE.AREA":2391627.04450326,"SHAPE.LEN":6491.77131403224,"fill":"#2CA25F","fill-opacity":0.85,"stroke":"#000000","stroke-width":2.5,"stroke-opacity":1.0,"layer_type":"Subzone","display_name":"FERNVALE"}},{"type":"Feature","geometry":{"type":"Polygon","coordinates":[[[103.89126738531158,1.3213177098254825],[103.89117426631375,1.3218122228660327],[103.89096596504513,1.32291322149315],[103.89096101911049,1.3229391461122237],[103.89044183826911,1.3227923021090524],[103.88918894874291,1.3225219747436765],[103.88753027289822,1.3223235806695957],[103.88698484664162,1.3223071765725591],[103.88644151397982,1.3222891254622477],[103.88573162187151,1.32226391792345],[103.88528494248293,1.3222246806742899],[103.88511797196374,1.3221965638821087],[103.88428020711235,1.3219630699448583],[103.88353808850945,1.3216694154598025],[103.8825390375172,1.3212583730604806],[103.88166813590266,1.3208604708651281],[103.88142295780413,1.3225388492279702],[103.87714882428939,1.3208877439925013],[103.87624838564804,1.320551149949248],[103.87564696644954,1.3202135864136981],[103.87566391477225,1.3202038587798177],[103.87572656482847,1.3201695596855323],[103.87578988702137,1.320136533923251],[103.87585385529327,1.32010479415445],[103.87591844448501,1.3200743557537307],[103.87552382502226,1.319611003276886],[103.87548843480245,1.3195659186014914],[103.87545414888959,1.3195199774736215],[103.87542098795082,1.3194732079282705],[103.87538897175469,1.3194256370960504],[103.87535811827269,1.3193772939163972],[103.8753284472734,1.319328206424302],[103.87529997582978,1.3192784053679067],[103.87527272101471,1.3192279187822464],[103.87524669990115,1.3191767774154959],[103.87522192596786,1.3191250120158382],[103.87519841628774,1.3190726533314117],[103.875176183441,1.3190197321104293],[103.87515524090637,1.3189662809098304],[103.875135601264,1.3189123304778088],[103.87511727619558,1.3188579142756933],[103.8751002773827,1.3188030630517247],[103.87508461291284,1.3187478111716175],[103.87507029536614,1.318692190287957],[103.87505733013438,1.3186362338621544],[103.87504572530507,1.3185799762599546],[103.8750354916612,1.3185234500382945],[103.87502663010186,1.318466689563053],[103.87490325369816,1.3178217622317034],[103.87483266251303,1.3174349821208504],[103.87475535747517,1.3168362769723885],[103.87474464050348,1.3167844543558611],[103.87473515274573,1.316732391157771],[103.87472689779644,1.3166801145089957],[103.87471988374301,1.3166276551578204],[103.87471411058588,1.3165750420439046],[103.87470958371674,1.3165223059155762],[103.8747063058317,1.316469476616808],[103.87470427782966,1.3164165839916369],[103.87470350150818,1.3163636569797013],[103.87470397686766,1.3163107254250148],[103.87470570390855,1.3162578227890747],[103.87470868173267,1.3162049752984701],[103.87471290854334,1.3161522137016026],[103.87488893900877,1.3140831949055702],[103.87488846633015,1.3140806871108288],[103.87501593232604,1.3131841984289836],[103.87528319691205,1.3117842368277457],[103.87538074726322,1.311370447736777],[103.8756317077306,1.3104232085120415],[103.8760024869105,1.3087964250246187],[103.87600420929908,1.3087888690298402],[103.87600607557172,1.3087881997681754],[103.87628872376257,1.3086867821926549],[103.87659203031532,1.3085779511516757],[103.87678966198735,1.3085070392084437],[103.8772231816257,1.3083514872544522],[103.87734976643834,1.3083060678389575],[103.87745742795082,1.3082674378162158],[103.87750410810825,1.3082506872552937],[103.87822353630419,1.3079313731580373],[103.87901741262095,1.3076153801315216],[103.87921021440083,1.3075416663682045],[103.88005624470387,1.3072182002003554],[103.88011865106549,1.3071943174791179],[103.88081637255992,1.3069310817952196],[103.88096005243374,1.3068561696468106],[103.881083868986,1.306779639058129],[103.88319497629988,1.3051220642107182],[103.88347046845125,1.3048747937107612],[103.88361955049216,1.3047247412851624],[103.88369986365194,1.304643904863746],[103.8837066268694,1.3046368353108564],[103.88375347070784,1.304587872981452],[103.88379985719394,1.3045393881648792],[103.88380682831072,1.3045491651078875],[103.88389919516418,1.3046787161572722],[103.88396409988319,1.3047697490700079],[103.88407534532959,1.3049051337844113],[103.8841667985979,1.305000365116091],[103.88425476416835,1.3050734233086272],[103.88434906896673,1.305145365382753],[103.8844576390109,1.30521315884178],[103.88459204335598,1.305290045150112],[103.88474023658732,1.3053562424843956],[103.8848814559106,1.305407924000506],[103.88504866839811,1.305459765043039],[103.88529826966885,1.3055184712007775],[103.88532033987698,1.3055236626976177],[103.88605216814095,1.3056436094895971],[103.88742208298251,1.3058794501877238],[103.88778873085666,1.3059392993847598],[103.88806225110258,1.3059777180389542],[103.88855838801365,1.3060531473828265],[103.88922930224518,1.3061722679879442],[103.88933895960598,1.3061953096385088],[103.88946347908487,1.3062252232146396],[103.88954464092159,1.30625214974105],[103.88961499513472,1.3062833803781602],[103.88968370428799,1.306322585734876],[103.88977444452472,1.306384656539049],[103.88985221514092,1.3064467475293484],[103.88991117890107,1.3064966065115822],[103.88996642918818,1.3065562426591095],[103.89002118728865,1.3066254460864857],[103.89005743610372,1.306689302426988],[103.89009148229687,1.3067804850888454],[103.89011119119395,1.306867988217879],[103.890120172188,1.3069487477461335],[103.89011964985137,1.3070162549359725],[103.89011271463774,1.3070861434629184],[103.89010486612747,1.3071394459692443],[103.89008085156024,1.307259638340289],[103.88996049132595,1.3077077101780683],[103.8899059226039,1.3079108560565835],[103.88981827929834,1.3082371291699788],[103.88978642762974,1.3083596558799861],[103.88972460458736,1.3085887318522003],[103.88918490829474,1.3106258408701996],[103.88890367338043,1.311845512644139],[103.88997227821613,1.3120586218697479],[103.8901059730027,1.3120852903313822],[103.89093899538963,1.3122514471964648],[103.89116158106033,1.3123223487073752],[103.8912046007028,1.3123534108094173],[103.89135851045532,1.3124703930670827],[103.89172429937179,1.3131852744822021],[103.89187382093569,1.3134674986218537],[103.89203228162633,1.3139945321260658],[103.89209512253372,1.3145305780617829],[103.89211558928815,1.314705126201749],[103.89217186275314,1.3150884206489961],[103.89221378047188,1.3153724117217396],[103.89229258794312,1.315799579952702],[103.89233162118848,1.3159239634682218],[103.89234684221046,1.3162884462978879],[103.89230384060731,1.3166845145280748],[103.89225940905548,1.3168746436885816],[103.89216047393087,1.3173635326652877],[103.89192368286322,1.318419242399577],[103.89172443983597,1.319224484849021],[103.89156328010625,1.31999535331175],[103.89153295645893,1.3201403000919856],[103.89126738531158,1.3213177098254825]]]},"properties":{"OBJECTID":912,"SUBZONE_NO":4,"SUBZONE_N":"ALJUNIED","SUBZONE_C":"GLSZ04","CA_IND":"N","PLN_AREA_N":"GEYLANG","PLN_AREA_C":"GL","REGION_N":"CENTRAL REGION","REGION_C":"CR","INC_CRC":"BFA411234F9CD324","FMEL_UPD_D":"20191223152313","SHAPE.AREA":2961466.15045638,"SHAPE.LEN":7105.13902756705,"fill":"#2F6BFF","fill-opacity":0.85,"stroke":"#000000","stroke-width":2.5,"stroke-opacity":1.0,"layer_type":"Subzone","display_name":"ALJUNIED"}},{"type":"Feature","geometry":{"type":"Polygon","coordinates":[[[103.8481438600067,1.3687866685243988],[103.8479519309571,1.368803026041542],[103.84776079177705,1.3688242924276912],[103.84678573880657,1.3689265971042661],[103.84542024659292,1.3690908116514244],[103.84538439048018,1.368816429521115],[103.84535353631487,1.3686423033793154],[103.84531825955716,1.3685011729897383],[103.84527934991392,1.3683656957987473],[103.84523698347643,1.3682300413687893],[103.84518805210011,1.3680957290471187],[103.84513090866609,1.3679542098859359],[103.84507618698368,1.367833217067374],[103.84501700661268,1.3677138837776714],[103.8449536146626,1.367596705606972],[103.84489220682146,1.367492350406006],[103.84469325582634,1.3671895304060184],[103.8443105015057,1.3666586775928617],[103.84386705853761,1.366043711868257],[103.84373434357356,1.365851923912546],[103.84358028743662,1.365616436253081],[103.84342580782251,1.3653134748682008],[103.84331708542038,1.3650747728875732],[103.84325516719788,1.36493880016271],[103.84298448903135,1.3643446764222265],[103.84296663155297,1.3642867664296248],[103.84326718098859,1.3642645124115038],[103.84326720704708,1.3642645115070327],[103.84349311424326,1.364250720810737],[103.84370191810234,1.3642402102967313],[103.84390970029686,1.3642318801913706],[103.84412422445621,1.3642255043688292],[103.84434875238435,1.3642212501196653],[103.84455208481796,1.3642028544042126],[103.84479382203874,1.3641809848244215],[103.84505430697438,1.3641574185409429],[103.8453099558127,1.3641342890613324],[103.84554223020154,1.3641132749819962],[103.84578324847887,1.364077760257281],[103.84598984712093,1.3640473173658068],[103.84617709953046,1.3640066335390548],[103.8465466253701,1.363926355628228],[103.84761651520054,1.3635855162763268],[103.84789142862577,1.3634585644797592],[103.84816003316504,1.3633297279956684],[103.84841485005957,1.3632024018569222],[103.84865774024412,1.3630762984681433],[103.84890368010109,1.3629437885183064],[103.84918541151431,1.3627858747132329],[103.84935645049903,1.3626824839339509],[103.84949748539299,1.3625784503422789],[103.84965186214016,1.362464574454706],[103.8499238616697,1.362263929416187],[103.8513709151445,1.3611029412784226],[103.85194295836557,1.360652909851558],[103.8522672818684,1.360326981650386],[103.85280681816344,1.361553947369624],[103.85290485824751,1.3621244023848194],[103.85292664162446,1.3626070704721711],[103.85289396633623,1.3629690995203694],[103.8527959343199,1.3634079295233912],[103.85264342738985,1.3638357719356933],[103.85185169749658,1.3652776387246464],[103.85139078369856,1.3660921353262587],[103.85128816935577,1.3662713132710644],[103.85047636106462,1.3677036766878654],[103.8498706938968,1.3687748579267935],[103.84972892463013,1.3690259963386755],[103.8494515957823,1.3689534021987482],[103.84929080089351,1.368911046476544],[103.84910290871878,1.3688663242016013],[103.84891308558124,1.3688304683115857],[103.84872185804177,1.368803621692215],[103.84852961338238,1.3687858539767936],[103.84833659603916,1.3687815459040142],[103.8481438600067,1.3687866685243988]]]},"properties":{"OBJECTID":970,"SUBZONE_NO":4,"SUBZONE_N":"TOWNSVILLE","SUBZONE_C":"AMSZ04","CA_IND":"N","PLN_AREA_N":"ANG MO KIO","PLN_AREA_C":"AM","REGION_N":"NORTH-EAST REGION","REGION_C":"NER","INC_CRC":"F5558D84EBC2AAA7","FMEL_UPD_D":"20191223152313","SHAPE.AREA":546393.826227735,"SHAPE.LEN":3313.32284387117,"fill":"#2CA25F","fill-opacity":0.85,"stroke":"#000000","stroke-width":2.5,"stroke-opacity":1.0,"layer_type":"Subzone","display_name":"TOWNSVILLE"}}]}